Workbook

Sheet Sheet1

Sheet 야채 계산기
B1: 야채류 중량 산출 | F1: =F3*1.03 -> 3244.5 | G1: =G3*1.03 -> 6210.9 | H1: =H3*1.03 -> 2152.7 | I1: =I3*1.03 -> 1133 | J1: =J3*1.03 -> 453.2 | K1: =K3*1.03 -> 4552.6 | L1: =L3*1.03 -> 5047 | M1: =M3*1.03 -> 1895.2 | ... AS1: =AS3*1.03 -> 107.12
B2: 하루 물량 입력하면 <야채계산기, 마요네즈,참치계산기, 단무지계산기>시트에 야채, (정량 반영) 마요네즈, 단무지, 참깨, 참기름 (정량) , 참치 (일별 10% 여유반영) 필요량 자동 산출됨 | E2: 7/20기준 | F2: 삼각)전주비빔 | G2: 더큰)스팸김치볶음밥 | H2: NEW스팸무스비 | I2: 무스비)햄&참치김치볶음밥 | J2: 무스비)햄&청양불고기 | K2: 종가)들기름묵은지참치 | L2: 더큰)스팸계란볶음밥 | M2: 더큰)오징어&제육깻잎쌈밥 | N2: 더큰)리챔참치마요 | O2: 더큰)추석맥적구이한상 | P2: 커플)곱창김참치마요&전주비빔 | Q2: 더블치즈소시지김밥 | R2: 슈퍼)착한참치마요김밥 | S2: 왕돈까스김밥 | T2: 슈퍼)착한김치김밥 | U2: 참치김치볶음김밥 | V2: 직화)한돈제육쌈김밥 | W2: 스팸계란치즈김밥 | X2: 불고기치즈김밥 | Y2: THE근본김밥 | Z2: 필름)진미채치즈김밥 | AA2: 넷플)K스타일떡갈비김밥 | AB2: 용기)광장시장꼬마김밥 | AC2: 용기)에그햄꼬마김밥 | AD2: 혜자)돌아온명불허전 | AE2: 슈퍼)착한제육비빔밥 | AF2: 착한마파두부덮밥 | AG2: NEW혜자)백설갈비양념제육 | AH2: 착한제육덮밥 | AI2: 혜자)통등심돈까스&치킨까스도시락 | AJ2: 혜자)두툼돈까스&순창제육도시락 | AK2: 혜자)돌아온등심돈까스 | AL2: N혜자)불고기오징어제육 | AM2: 뭘좋아할지몰라다넣어봤어 | AN2: 두부김치제육 | AO2: 혜자)반반제육 | AP2: 이달의도시락10월 | AQ2: 쯔양)매콤흑당치킨&골뱅이 | AR2: 슈퍼)착한핫도그(오리지널) | AS2: 슈퍼)착한핫도그(사라다)
D3: 금일 | E3: =SUM(F3:AS3) -> 36438 | F3: 3824 | G3: 5117 | H3: 1403 | I3: 0 | J3: 0 | K3: 1840 | L3: 3188 | M3: 0 | N3: 2917 | O3: 0 | P3: 0 | Q3: 1288 | R3: 0 | S3: 1582 | T3: 0 | U3: 0 | V3: 2504 | W3: 3188 | X3: 1192 | Y3: 2598 | Z3: 0 | AA3: 0 | AB3: 0 | AC3: 0 | AD3: 778 | AE3: 0 | AF3: 0 | AG3: 1046 | AH3: 0 | AI3: 0 | AJ3: 0 | AK3: 851 | AL3: 1889 | AM3: 1233 | AN3: 0 | AO3: 0 | AP3: 0 | AQ3: 0 | AR3: 0 | AS3: 0
B4: 품목 | C4: 세팅값 | D4: 산출 | E4: 합계 (KG) | F4: 원물중량(g) | G4: 원물중량(g) | H4: 원물중량(g) | I4: 원물중량(g) | J4: 원물중량(g) | K4: 원물중량(g) | L4: 원물중량(g) | M4: 원물중량(g) | N4: 원물중량(g) | O4: 원물중량(g) | P4: 원물중량(g) | Q4: 원물중량(g) | R4: 원물중량(g) | S4: 원물중량(g) | T4: 원물중량(g) | U4: 원물중량(g) | V4: 원물중량(g) | W4: 원물중량(g) | X4: 원물중량(g) | Y4: 원물중량(g) | Z4: 원물중량(g) | AA4: 원물중량(g) | AB4: 원물중량(g) | AC4: 원물중량(g) | AD4: 원물중량(g) | AE4: 원물중량(g) | AF4: 원물중량(g) | AG4: 원물중량(g) | AH4: 원물중량(g) | AI4: 원물중량(g) | AJ4: 원물중량(g) | AK4: 원물중량(g) | AL4: 원물중량(g) | AM4: 원물중량(g) | AN4: 원물중량(g) | AO4: 원물중량(g) | AP4: 원물중량(g) | AQ4: 원물중량(g) | AR4: 원물중량(g) | AS4: 원물중량(g)
A5: 김밥류 | B5: [냉장] 우엉채(3kg*3봉 - 9kg * 1box) | C5: =D5*1 -> 0 | D5: =E5/3 -> 0 | E5: =SUMPRODUCT(F$3:AS$3,F5:AS5)/1000 -> 0 | AT5: =COUNTA(F5:AS5) -> 0
A6: 김밥류 | B6: [냉장] 당근채(4kg*3봉 - 1박스) | C6: =D6*1 -> 60.689769 | D6: =E6/4 -> 60.689769 | E6: =SUMPRODUCT(F$3:AS$3,F6:AS6)/1000*0.92 -> 242.75908 | R6: 23.63 | T6: ='[1]착한김치김밥(250612)슈퍼'!$B$8 -> 15.074 | U6: 12.13 | V6: 20.17 | W6: 22.22 | X6: 0 | Y6: 32.19 | Z6: 25.38 | AA6: 30.18 | AB6: 15.27 | AE6: ='[1]착한비빔밥(25.10.23)'!$B$7 -> 17.36 | AT6: =COUNTA(F6:AS6) -> 11
B7: [냉장] 양배추(10kg*box) | C7: =D7*1 -> 26.78116 | D7: =E7/10 -> 26.78116 | E7: =SUMPRODUCT(F$3:AS$3,F7:AS7)/1000 -> 267.8116 | Q7: 42.86 | S7: 67.4 | U7: 19.04 | W7: 30.54 | AA7: 32.87 | AL7: ='[1]혜자)직화불고기&오징어제육(25.9.16)'!$B$27 -> 3.56 | AQ7: 31.9 | AS7: ='[1]슈퍼)착한1900핫도그-사라다(25.09.02)'!$B$4 -> 36 | AT7: =COUNTA(F7:AS7) -> 8
B8: [냉장] 깐양파(10kg*1box) | C8: =D8*1 -> 9.4675779 | D8: =E8/10 -> 9.4675779 | E8: =SUMPRODUCT(F$3:AS$3,F8:AS8)/1000*1.1 -> 94.675779 | AD8: ='[1]혜자)돌아온 명불허전(25.9.18)리뉴얼'!$B$14 -> 28.45 | AF8: 17.55 | AH8: 38.43 | AI8: 5.28 | AJ8: ='[1]혜자)돈까스&고추장제육(25.11.13)'!$B$13 -> 1.68 | AL8: ='[1]혜자)직화불고기&오징어제육(25.9.16)'!$B$18 -> 5.07 | AM8: 2.04 | AP8: 6.08 | AR8: ='[1]슈퍼)착한1900핫도그-오리지널(25.09.02)'!$B$5 -> 25.51 | AT8: =COUNTA(F8:AS8) -> 9
A9: 삼각전주 | B9: [냉장] 깐도라지채(2kg*1봉 - 10kg*1box) | C9: =D9*1 -> 6.3367 | D9: =E9/2 -> 6.3367 | E9: =SUMPRODUCT(F$3:AS$3,F9:AS9)/1000 -> 12.6734 | F9: 3.76 | AE9: ='[1]착한비빔밥(25.10.23)'!$B$8 -> 15.08 | AT9: =COUNTA(F9:AS9) -> 2
B10: [냉장] 당근(10kg*1box) | C10: =D10*1 -> 0.3717 | D10: =E10/10 -> 0.3717 | E10: =SUMPRODUCT(F$3:AS$3,F10:AS10)/1000 -> 3.717 | F10: 1.18 | AT10: =COUNTA(F10:AS10) -> 1
B11: [냉장] 오이 10kg*1box | C11: =D11*1 -> 0 | D11: =E11/10 -> 0 | E11: =SUMPRODUCT(F$3:AS$3,F11:AS11)/1000 -> 0 | AT11: =COUNTA(F11:AS11) -> 0
A12: 삼각2종 | B12: [냉장] 온천콩나물(4kg*1box) | C12: =D12*1 -> 12.509398 | D12: =E12/4 -> 12.509398 | E12: =SUMPRODUCT(F$3:AS$3,F12:AS12)/1000*0.95 -> 50.037592 | F12: 5.13 | AE12: ='[1]착한비빔밥(25.10.23)'!$B$9 -> 24.39 | AO12: 30.06 | AT12: =COUNTA(F12:AS12) -> 3
A13: 김밥삼각 | B13: [냉장] 깻잎(2kg*1box) | C13: =D13*1 -> 9.2771 | D13: =E13/2 -> 9.2771 | E13: =SUMPRODUCT(F$3:AS$3,F13:AS13)/1000 -> 18.5542 | M13: 2.13 | R13: 3.02 | T13: ='[1]착한김치김밥(250612)슈퍼'!$B$20 -> 3.12 | U13: 4.16 | V13: 2.78 | AO13: 2.54 | AT13: =COUNTA(F13:AS13) -> 6
A14: 버거샌드 | B14: [냉장] 청상추(2kg*1box) | C14: =D14*1 -> 0.24695 | D14: =E14/2 -> 0.24695 | E14: =SUMPRODUCT(F$3:AS$3,F14:AS14)/1000 -> 0.4939 | AE14: ='[1]착한비빔밥(25.10.23)'!$B$10 -> 8.98 | AT14: =COUNTA(F14:AS14) -> 1
B15: [냉장] 깐쪽파 (1kg*2ea) | C15: =D15*1 -> 7.87189 | D15: =E15/1 -> 7.87189 | E15: =SUMPRODUCT(F$3:AS$3,F15:AS15)/1000*0.95 -> 7.87189 | AD15: ='[1]혜자)돌아온 명불허전(25.8.12)'!$B$26 -> 1.26 | AG15: ='[1]혜자)갈비양념제육도시락(25.9.30)'!$B$15 -> 0.56 | AI15: 0.11 | AJ15: 1.12 | AL15: ='[1]혜자)직화불고기&오징어제육(25.9.16)'!$B$20 -> 1.12 | AN15: 1.12 | AO15: 1.12 | AT15: =COUNTA(F15:AS15) -> 7
B16: [냉장] 깐대파(2kg/box) | C16: =D16*1 -> 1.5756 | D16: =E16/2 -> 1.5756 | E16: =SUMPRODUCT(F$3:AS$3,F16:AS16)/1000 -> 3.1512 | AI16: 1.56 | AT16: =COUNTA(F16:AS16) -> 1
B17: [냉장] 부추 (4kg*1box) | C17: =D17*1 -> 0.7535 | D17: =E17/4 -> 0.7535 | E17: =SUMPRODUCT(F$3:AS$3,F17:AS17)/1000 -> 3.014 | N17: 0 | AD17: ='[1]혜자)돌아온 명불허전(25.8.12)'!$B$20 -> 0.94 | AL17: ='[1]혜자)직화불고기&오징어제육(25.9.16)'!$B$19 -> 1.8 | AP17: 1.72 | AT17: =COUNTA(F17:AS17) -> 4
B18: [냉장] 프릴아이스 | C18: =D18*1 -> 0 | D18: =E18/1 -> 0 | E18: =SUMPRODUCT(F$3:AS$3,F18:AS18)/1000 -> 0 | AQ18: 12.43 | AT18: =COUNTA(F18:AS18) -> 1
B19: [냉장] 풋고추(1kg*5봉) | C19: =D19*1 -> 0 | D19: =E19/1 -> 0 | E19: =SUMPRODUCT(F$3:AS$3,F19:AS19)/1000 -> 0 | AT19: =COUNTA(F19:AS19) -> 0
B20: [냉장] 팽이버섯 150g*34ea | C20: =D20*1 -> 0 | D20: =E20/0.15 -> 0 | E20: =SUMPRODUCT(F$3:AS$3,F20:AS20)/1000 -> 0 | AT20: =COUNTA(F20:AS20) -> 0
B21: [냉장] 청양고추(1kg*5ea) | C21: =D21*1 -> 1.7501 | D21: =E21/1 -> 1.7501 | E21: =SUMPRODUCT(F$3:AS$3,F21:AS21)/1000 -> 1.7501 | J21: 3.74 | AP21: 0.19 | AT21: =COUNTA(F21:AS21) -> 2
B22: [냉장] 마늘쫑(7kg*1box) | C22: =D22*1 -> 0 | D22: =E22/7 -> 0 | E22: =SUMPRODUCT(F$3:AS$3,F22:AS22)/1000 -> 0 | AT22: =COUNTA(F22:AS22) -> 0
B23: [냉장] 애호박(6kg*1box) | C23: =D23*1 -> 0 | D23: =E23/6 -> 0 | E23: =SUMPRODUCT(F$3:AS$3,F23:AS23)/1000 -> 0 | AT23: =COUNTA(F23:AS23) -> 0
B24: [냉장] 청피망(10kg*1box) | C24: =D24*1 -> 0 | D24: =E24/2 -> 0 | E24: =SUMPRODUCT(F$3:AS$3,F24:AS24)/1000 -> 0 | AT24: =COUNTA(F24:AS24) -> 0
B25: [냉장] 홍피망(10kg*1box) | C25: =D25*1 -> 0 | D25: =E25/2 -> 0 | E25: =SUMPRODUCT(F$3:AS$3,F25:AS25)/1000 -> 0 | AT25: =COUNTA(F25:AS25) -> 0
B26: [냉장] 백오이(다다기오이) (10kg/box) | C26: =D26*1 -> 0 | D26: =E26/10 -> 0 | E26: =SUMPRODUCT(F$3:AS$3,F26:AS26)/1000 -> 0 | AT26: =COUNTA(F26:AS26) -> 0
B27: [냉장] 느타리버섯 2kg*1box | C27: =D27*1 -> 0 | D27: =E27/2 -> 0 | E27: =SUMPRODUCT(F$3:AS$3,F27:AS27)/1000 -> 0 | AT27: =COUNTA(F27:AS27) -> 0
F30: 3438 | G30: 5698 | H30: 1540 | I30: 647 | J30: 647 | K30: 2146 | L30: 3656 | M30: 1899 | N30: 3308 | O30: 3308 | P30: 3308 | Q30: 1228 | R30: 247 | S30: 1843 | T30: 198 | U30: 6200 | V30: 2102 | W30: 2603 | X30: 1223 | Y30: 2838 | Z30: 2838 | AA30: 2838 | AB30: 752 | AC30: 752 | AD30: 752 | AE30: 59 | AF30: 0 | AG30: 886 | AH30: 38 | AI30: 1656 | AJ30: 1656 | AK30: 802 | AL30: 1603 | AM30: 1136 | AN30: 1505 | AO30: 1505 | AP30: 250 | AQ30: 250 | AR30: 113 | AS30: 101
C363: [냉동] 우유튀김(1kg*10ea)

Sheet 조미식초
B2: 조미식초 | F2: 총 필요량 | G2: =SUM(D8,M14,O20) -> 53414.35
B4: 삼각 | C4: 삼각)전주비빔
B5: 원물중량 | C5: 0.72
B6: 예상수량 | C6: =INDEX('야채 계산기'!3:3,MATCH(조미식초!C4,'야채 계산기'!2:2,0)) -> 3150
B7: 1.1 | C7: =C6*$B$7 -> 3465
B8: 필요량 | C8: =C5*C7 -> 2494.8 | D8: =SUM(C8:C8) -> 2494.8
B10: 풀삼각 | C10: 더큰)스팸계란볶음밥 | D10: 더큰)스팸김치볶음밥 | E10: NEW스팸무스비 | F10: 무스비)햄&참치김치볶음밥 | G10: 무스비)햄&청양불고기 | H10: 더큰)오징어&제육깻잎쌈밥 | I10: 더큰)리챔참치마요 | J10: 종가)들기름묵은지참치 | K10: 더큰)추석맥적구이한상 | L10: 슈퍼)착한제육비빔밥
B11: 원물중량 | C11: 1.09 | D11: 1.16 | E11: 1.22 | F11: 0.37 | G11: 1.22 | H11: 1.03 | I11: 1.03 | J11: 1.12 | K11: 0.4 | L11: 1.8
B12: 예상수량 | C12: =INDEX('야채 계산기'!3:3,MATCH(C10,'야채 계산기'!2:2,0)) -> 4900 | D12: =INDEX('야채 계산기'!3:3,MATCH(D10,'야채 계산기'!2:2,0)) -> 6030 | E12: =INDEX('야채 계산기'!3:3,MATCH(E10,'야채 계산기'!2:2,0)) -> 2090 | F12: =INDEX('야채 계산기'!3:3,MATCH(F10,'야채 계산기'!2:2,0)) -> 1100 | G12: =INDEX('야채 계산기'!3:3,MATCH(G10,'야채 계산기'!2:2,0)) -> 440 | H12: =INDEX('야채 계산기'!3:3,MATCH(H10,'야채 계산기'!2:2,0)) -> 1840 | I12: =INDEX('야채 계산기'!3:3,MATCH(I10,'야채 계산기'!2:2,0)) -> 3620 | J12: =INDEX('야채 계산기'!3:3,MATCH(J10,'야채 계산기'!2:2,0)) -> 4420 | ... L12: =INDEX('야채 계산기'!3:3,MATCH(L10,'야채 계산기'!2:2,0)) -> 55
B13: 1.1 | C13: =C12*$B$13 -> 5390 | D13: =D12*$B$13 -> 6633 | E13: =E12*$B$13 -> 2299 | F13: =F12*$B$13 -> 1210 | G13: =G12*$B$13 -> 484 | H13: =H12*$B$13 -> 2024 | I13: =I12*$B$13 -> 3982 | J13: =J12*$B$13 -> 4862 | ... L13: =L12*$B$13 -> 60.5
B14: 필요량 | C14: =C11*C13 -> 5875.1 | D14: =D11*D13 -> 7694.28 | E14: =E11*E13 -> 2804.78 | F14: =F11*F13 -> 447.7 | G14: =G11*G13 -> 590.48 | H14: =H11*H13 -> 2084.72 | I14: =I11*I13 -> 4101.46 | J14: =J11*J13 -> 5445.44 | ... L14: =L11*L13 -> 108.9 | M14: =SUM(C14:L14) -> 29870.06
B16: 도시락 | C16: 혜자)돌아온명불허전 | D16: 뭘좋아할지몰라다넣어봤어 | E16: N혜자)불고기오징어제육 | F16: 혜자)돌아온등심돈까스 | G16: 착한마파두부덮밥 | H16: 착한제육덮밥 | I16: 혜자)반반제육 | J16: 혜자)통등심돈까스&치킨까스도시락 | K16: 혜자)두툼돈까스&순창제육도시락 | L16: NEW혜자)백설갈비양념제육 | M16: 참치김치볶음김밥 | N16: 이달의도시락10월
B17: 원물중량 | C17: ='[1]혜자)돌아온 명불허전(25.8.12)'!$B$4 -> 2.06 | D17: 2.04 | E17: 1.04 | F17: 2.09 | G17: 1.8 | H17: 1.71 | I17: 0.94 | J17: 2.04 | K17: 1.04 | L17: 0.99 | M17: 1.12 | N17: 2.27
B18: 예상수량 | C18: =INDEX('야채 계산기'!3:3,MATCH(C16,'야채 계산기'!2:2,0)) -> 2200 | D18: =INDEX('야채 계산기'!3:3,MATCH(D16,'야채 계산기'!2:2,0)) -> 1080 | E18: =INDEX('야채 계산기'!3:3,MATCH(E16,'야채 계산기'!2:2,0)) -> 0 | F18: =INDEX('야채 계산기'!3:3,MATCH(F16,'야채 계산기'!2:2,0)) -> 640 | G18: =INDEX('야채 계산기'!3:3,MATCH(G16,'야채 계산기'!2:2,0)) -> 0 | H18: =INDEX('야채 계산기'!3:3,MATCH(H16,'야채 계산기'!2:2,0)) -> 30 | I18: =INDEX('야채 계산기'!3:3,MATCH(I16,'야채 계산기'!2:2,0)) -> 1170 | J18: =INDEX('야채 계산기'!3:3,MATCH(J16,'야채 계산기'!2:2,0)) -> 2020 | ... N18: =INDEX('야채 계산기'!3:3,MATCH(N16,'야채 계산기'!2:2,0)) -> 550
B19: 1.1 | C19: =C18*$B$19 -> 2420 | D19: =D18*$B$19 -> 1188 | E19: =E18*$B$19 -> 0 | F19: =F18*$B$19 -> 704 | G19: =G18*$B$19 -> 0 | H19: =H18*$B$19 -> 33 | I19: =I18*$B$19 -> 1287 | J19: =J18*$B$19 -> 2222 | ... N19: =N18*$B$19 -> 605
B20: 필요량 | C20: =C17*C19 -> 4985.2 | D20: =D17*D19 -> 2423.52 | E20: =E17*E19 -> 0 | F20: =F17*F19 -> 1471.36 | G20: =G17*G19 -> 0 | H20: =H17*H19 -> 56.43 | I20: =I17*I19 -> 1209.78 | J20: =J17*J19 -> 4532.88 | ... N20: =N17*N19 -> 1373.35 | O20: =SUM(C20:N20) -> 21049.49
C381: [냉동] 우유튀김(1kg*10ea)
C1212: [상온] 오도리가쓰오부시(500g*4ea) | E1212: 4 | H1212: =ROUNDUP((B1213*C1213)/500,0) -> 0
C1213: ='[1]유우카의알찬정식(25.7.15)'!$B$27 -> 0.51

Sheet Sheet2

Sheet 발주시트
A1: 거래처명 | B1: 제품수량 | C1: 품목 | D1: 발주량박스 | E1: 입수량 | F1: 발주량입수 | G1: 발주일수 | H1: 일사용량 | I1: 입고량(입수) | J1: 금일재고(봉) | K1: 총재고량 | L1: 필요 값 | M1: 차이 | N1: 재고유지일 | O1: 발주량 | P1: 입수량 | Q1: 단가(봉) | R1: 금액 | S1: 1 | T1: 월(26) | U1: 화(27) | V1: 수(28) | W1: 목(29) | X1: 금(30) | Y1: 토(31) | Z1: 일(01) | AA1: 일사용량(박스)
J2: =IFERROR(VLOOKUP(C2,[2]Sheet1!$D:$J,7,0),"") | S2: =SUM(Y2,T2) -> 0
A3: 진주햄 (D-1) 월화수목금토 | B3: 진주전산 13시 | J3: =IFERROR(VLOOKUP(C3,[2]Sheet1!$D:$J,7,0),"") | N3: =IFERROR((K3/H3),"")
C4: [냉장] 골드88세절K(1kg*10봉) | D4: =IFERROR((F4/E4),"") -> 5.4 | E4: 10 | F4: =IFERROR((L4-K4),"") -> 54 | G4: 3.5 | H4: =ROUNDUP(SUMPRODUCT(B5:B7, C5:C7)/1000,1) -> 44 | I4: =IFERROR((S4*E4),"") -> 40 | J4: =IFERROR(VLOOKUP(C4,[2]Sheet1!$D:$J,7,0),"") -> 60 | K4: =IFERROR((I4+J4),"") -> 100 | L4: =IFERROR((G4*H4),"") -> 154 | M4: =IFERROR(K4-L4,"") -> -54 | N4: =IFERROR((K4/H4),"") -> 2.2727273 | P4: 10 | Q4: 5150 | R4: =O4*P4*Q4 -> 0 | S4: =SUM(Y4,T4:X4) -> 4 | U4: 4 | AA4: =IFERROR(H4*7.5/E4/7,"") -> 4.7142857
A5: THE근본김밥 | B5: =ROUNDUP(HLOOKUP(A5,'야채 계산기'!$2:$3,2,0),0) -> 2840 | C5: 8.16 | D5: =IFERROR((F5/E5),"") | I5: =IFERROR((S5*E5),"") -> 0 | J5: =IFERROR(VLOOKUP(C5,[2]Sheet1!$D:$J,7,0),"") | K5: =IFERROR((I5+J5),"") | L5: =IFERROR((G5*H5),"") -> 0 | M5: =IFERROR(K5-L5,"") | S5: =SUM(Y5,T5:X5) -> 226600 | T5: =51500*1.1*T4 -> 0 | U5: =51500*1.1*U4 -> 226600 | V5: =51500*1.1*V4 -> 0 | W5: =51500*1.1*W4 -> 0 | X5: =51500*1.1*X4 -> 0 | Y5: =51500*1.1*Y4 -> 0 | AA5: =IFERROR(H5*7.5/E5/7,"")
A6: 참치김치볶음김밥 | B6: =ROUNDUP(HLOOKUP(A6,'야채 계산기'!$2:$3,2,0),0) -> 1780 | C6: 8.39 | D6: =IFERROR((F6/E6),"") | I6: =IFERROR((S6*E6),"") -> 0 | J6: =IFERROR(VLOOKUP(C6,[2]Sheet1!$D:$J,7,0),"") | K6: =IFERROR((I6+J6),"") | L6: =IFERROR((G6*H6),"") -> 0 | M6: =IFERROR(K6-L6,"") | S6: =SUM(Y6,T6:X6) -> 0 | AA6: =IFERROR(H6*7.5/E6/7,"")
A7: 필름)진미채치즈김밥 | B7: =ROUNDUP(HLOOKUP(A7,'야채 계산기'!$2:$3,2,0),0) -> 720 | C7: ='[1]플름)진미채치즈김밥(26.08.25)'!$B$15 -> 8.16 | D7: =IFERROR((F7/E7),"") | I7: =IFERROR((S7*E7),"") -> 0 | J7: =IFERROR(VLOOKUP(C7,[2]Sheet1!$D:$J,7,0),"") | K7: =IFERROR((I7+J7),"") | L7: =IFERROR((G7*H7),"") -> 0 | M7: =IFERROR(K7-L7,"") | S7: =SUM(Y7,T7:X7) -> 0 | AA7: =IFERROR(H7*7.5/E7/7,"")
C8: [냉장]숯불갈비맛스모크햄세절48(1KG*10) | D8: =IFERROR((F8/E8),"") | E8: 10 | F8: =IFERROR((L8-K8),"") | G8: 3.5 | H8: =ROUNDUP(SUMPRODUCT(B9:B11, C9:C11)/1000,1) -> 0 | I8: =IFERROR((S8*E8),"") -> 40 | J8: =IFERROR(VLOOKUP(C8,[2]Sheet1!$D:$J,7,0),"") | K8: =IFERROR((I8+J8),"") | L8: =IFERROR((G8*H8),"") -> 0 | M8: =IFERROR(K8-L8,"") | N8: =IFERROR((K8/H8),"") | P8: 10 | Q8: 6900 | R8: =O8*P8*Q8 -> 0 | S8: =SUM(Y8,T8:X8) -> 4 | U8: 2 | V8: 2 | AA8: =IFERROR(H8*7.5/E8/7,"") -> 0
A9: 용기)에그햄꼬마김밥 | B9: =ROUNDUP(HLOOKUP(A9,'야채 계산기'!$2:$3,2,0),0) -> 0 | C9: 7.5 | D9: =IFERROR((F9/E9),"") | I9: =IFERROR((S9*E9),"") -> 0 | J9: =IFERROR(VLOOKUP(C9,[2]Sheet1!$D:$J,7,0),"") | K9: =IFERROR((I9+J9),"") | L9: =IFERROR((G9*H9),"") -> 0 | M9: =IFERROR(K9-L9,"") | S9: =SUM(Y9,T9:X9) -> 303600 | T9: =69000*1.1*T8 -> 0 | U9: =69000*1.1*U8 -> 151800 | V9: =69000*1.1*V8 -> 151800 | W9: =69000*1.1*W8 -> 0 | X9: =69000*1.1*X8 -> 0 | Y9: =69000*1.1*Y8 -> 0 | AA9: =IFERROR(H9*7.5/E9/7,"")
C10: [냉장] 알뜰주부진주줄줄이(1kg*10봉) | D10: =IFERROR((F10/E10),"") -> 0.285 | E10: 10 | F10: =IFERROR((L10-K10),"") -> 2.85 | G10: =G4 -> 3.5 | H10: =ROUNDUP(SUMPRODUCT(B12,C12)/1000,1) -> 11.1 | I10: =IFERROR((S10*E10),"") -> 0 | J10: =IFERROR(VLOOKUP(C10,[2]Sheet1!$D:$J,7,0),"") -> 36 | K10: =IFERROR((I10+J10),"") -> 36 | L10: =IFERROR((G10*H10),"") -> 38.85 | M10: =IFERROR(K10-L10,"") -> -2.85 | N10: =IFERROR((K10/H10),"") -> 3.2432432 | P10: 10 | Q10: 5500 | R10: =O10*P10*Q10 -> 0 | S10: =SUM(Y10,T10:X10) -> 0 | AA10: =IFERROR(H10*7.5/E10/7,"") -> 1.1892857
D11: =IFERROR((F11/E11),"") | I11: =IFERROR((S11*E11),"") -> 0 | J11: =IFERROR(VLOOKUP(C11,[2]Sheet1!$D:$J,7,0),"") | K11: =IFERROR((I11+J11),"") | L11: =IFERROR((G11*H11),"") -> 0 | M11: =IFERROR(K11-L11,"") | N11: =IFERROR((K11/H11),"") | R11: =O11*P11*Q11 -> 0 | S11: =SUM(Y11,T11:X11) -> 0 | T11: =55000*1.1*T10 -> 0 | U11: =55000*1.1*U10 -> 0 | V11: =55000*1.1*V10 -> 0 | W11: =55000*1.1*W10 -> 0 | X11: =55000*1.1*X10 -> 0 | Y11: =55000*1.1*Y10 -> 0 | AA11: =IFERROR(H11*7.5/E11/7,"")
A12: 혜자)반반제육 | B12: =ROUNDUP(HLOOKUP(A12,'야채 계산기'!$2:$3,2,0),0) -> 1170 | C12: 9.44 | D12: =IFERROR((F12/E12),"") | I12: =IFERROR((S12*E12),"") -> 0 | J12: =IFERROR(VLOOKUP(C12,[2]Sheet1!$D:$J,7,0),"") | K12: =IFERROR((I12+J12),"") | L12: =IFERROR((G12*H12),"") -> 0 | M12: =IFERROR(K12-L12,"") | S12: =SUM(Y12,T12:X12) -> 908600 | T12: 378400 | U12: =U5+U11+U9 -> 378400 | V12: =V5+V11+V9 -> 151800 | W12: =W5+W11+W9 -> 0 | X12: =X5+X11+X9 -> 0 | Y12: =Y5+Y11+Y9 -> 0 | AA12: =IFERROR(H12*7.5/E12/7,"")
D13: =IFERROR((F13/E13),"") | I13: =IFERROR((S13*E13),"") -> 0 | J13: =IFERROR(VLOOKUP(C13,[2]Sheet1!$D:$J,7,0),"") | K13: =IFERROR((I13+J13),"") | L13: =IFERROR((G13*H13),"") -> 0 | M13: =IFERROR(K13-L13,"") | S13: =SUM(Y13,T13:X13) -> 0 | AA13: =IFERROR(H13*7.5/E13/7,"")
A14: 씨제이제일제당 (D-1) 월화수목금토 | B14: CJ전산 11시 | D14: =IFERROR((F14/E14),"") | I14: =IFERROR((S14*E14),"") -> 0 | J14: =IFERROR(VLOOKUP(C14,[2]Sheet1!$D:$J,7,0),"") | K14: =IFERROR((I14+J14),"") | L14: =IFERROR((G14*H14),"") -> 0 | M14: =IFERROR(K14-L14,"") | N14: =IFERROR((K14/H14),"") | R14: =O14*P14*Q14 -> 0 | S14: =SUM(Y14,T14:X14) -> 0 | AA14: =IFERROR(H14*7.5/E14/7,"")
C15: [냉동] 간장돼지불고기(3KG*3EA) | D15: =IFERROR((F15/E15),"") -> 34.283333 | E15: 3 | F15: =IFERROR((L15-K15),"") -> 102.85 | G15: 5.5 | H15: =ROUNDUP(SUMPRODUCT(B16:B17,C16:C17)/3000,1) -> 18.7 | I15: =IFERROR((S15*E15),"") -> 0 | J15: =IFERROR(VLOOKUP(C15,[2]Sheet1!$D:$J,7,0),"") -> 0 | K15: =IFERROR((I15+J15),"") -> 0 | L15: =IFERROR((G15*H15),"") -> 102.85 | M15: =IFERROR(K15-L15,"") -> -102.85 | N15: =IFERROR((K15/H15),"") -> 0 | Q15: 21000 | R15: =O15*P15*Q15 -> 0 | S15: =SUM(Y15,T15:X15) -> 0 | AA15: =IFERROR(H15*7.5/E15/7,"") -> 6.6785714
A16: NEW혜자)백설갈비양념제육 | C16: ='[1]NEW혜자)백설갈비양념제육(26.07.28)'!$B$7 -> 125.54 | I16: =IFERROR((S16*E16),"") -> 0 | J16: =IFERROR(VLOOKUP(C16,[2]Sheet1!$D:$J,7,0),"") | K16: =IFERROR((I16+J16),"") | L16: =IFERROR((G16*H16),"") -> 0 | M16: =IFERROR(K16-L16,"") | S16: =SUM(Y16,T16:X16) -> 318600 | T16: 53100 | U16: 53100 | V16: 53100 | W16: 53100 | X16: 53100 | Y16: 53100 | AA16: =IFERROR(H16*7.5/E16/7,"")
A17: 뭘좋아할지몰라다넣어봤어 | B17: =ROUNDUP(HLOOKUP(A17,'야채 계산기'!$2:$3,2,0)*1.03,0) -> 1113 | C17: ='[1]뭘좋아할지몰라다넣어봤어(26.08.11)'!$B$6 -> 50.22 | I17: =IFERROR((S17*E17),"") -> 0 | J17: =IFERROR(VLOOKUP(C17,[2]Sheet1!$D:$J,7,0),"") | K17: =IFERROR((I17+J17),"") | L17: =IFERROR((G17*H17),"") -> 0 | M17: =IFERROR(K17-L17,"") | S17: =SUM(Y17,T17:X17) -> 0 | AA17: =IFERROR(H17*7.5/E17/7,"")
C18: [냉동]계란옷입은동그랑땡(1kg*8ea) | D18: =IFERROR((F18/E18),"") -> 18.5625 | E18: 8 | F18: =IFERROR((L18-K18),"") -> 148.5 | G18: =G15 -> 5.5 | H18: =ROUNDUP((B19*C19)/46,0) -> 27 | I18: =IFERROR((S18*E18),"") -> 0 | J18: =IFERROR(VLOOKUP(C18,[2]Sheet1!$D:$J,7,0),"") -> 0 | K18: =IFERROR((I18+J18),"") -> 0 | L18: =IFERROR((G18*H18),"") -> 148.5 | M18: =IFERROR(K18-L18,"") -> -148.5 | N18: =IFERROR((K18/H18),"") -> 0 | Q18: 7100 | R18: =O18*P18*Q18 -> 0 | S18: =SUM(Y18,T18:X18) -> 0 | AA18: =IFERROR(H18*7.5/E18/7,"") -> 3.6160714
A19: 혜자)반반제육 | B19: =ROUNDUP(HLOOKUP(A19,'야채 계산기'!$2:$3,2,0)*1.03,0) -> 1206 | C19: 1 | I19: =IFERROR((S19*E19),"") -> 0 | J19: =IFERROR(VLOOKUP(C19,[2]Sheet1!$D:$J,7,0),"") | K19: =IFERROR((I19+J19),"") | L19: =IFERROR((G19*H19),"") -> 0 | M19: =IFERROR(K19-L19,"") | S19: =SUM(Y19,T19:X19) -> 0 | AA19: =IFERROR(H19*7.5/E19/7,"")
C20: [냉동] 크레잇)고추장돼지불고기(3KG*3EA) | D20: =IFERROR((F20/E20),"") -> 2.75 | E20: 3 | F20: =IFERROR((L20-K20),"") -> 8.25 | G20: =G15 -> 5.5 | H20: =ROUNDUP(SUMPRODUCT(B21,C21)/3000,1) -> 1.5 | I20: =IFERROR((S20*E20),"") -> 0 | J20: =IFERROR(VLOOKUP(C20,[2]Sheet1!$D:$J,7,0),"") -> 0 | K20: =IFERROR((I20+J20),"") -> 0 | L20: =IFERROR((G20*H20),"") -> 8.25 | M20: =IFERROR(K20-L20,"") -> -8.25 | N20: =IFERROR((K20/H20),"") -> 0 | Q20: 18323 | R20: =O20*P20*Q20 -> 0 | S20: =SUM(Y20,T20:X20) -> 0 | AA20: =IFERROR(H20*7.5/E20/7,"") -> 0.53571429
A21: 착한제육덮밥 | B21: =ROUNDUP(HLOOKUP(A21,'야채 계산기'!$2:$3,2,0)*1.03,0) -> 31 | C21: 140.97 | I21: =IFERROR((S21*E21),"") -> 0 | J21: =IFERROR(VLOOKUP(C21,[2]Sheet1!$D:$J,7,0),"") | K21: =IFERROR((I21+J21),"") | L21: =IFERROR((G21*H21),"") -> 0 | M21: =IFERROR(K21-L21,"") | S21: =SUM(Y21,T21:X21) -> 0
A22: 직화)한돈제육쌈김밥 | B22: =ROUNDUP(HLOOKUP(A22,'야채 계산기'!$2:$3,2,0),0) -> 1190 | C22: =73.27*0.78 -> 57.1506 | D22: =IFERROR((F22/E22),"") | I22: =IFERROR((S22*E22),"") -> 0 | J22: =IFERROR(VLOOKUP(C22,[2]Sheet1!$D:$J,7,0),"") | K22: =IFERROR((I22+J22),"") | L22: =IFERROR((G22*H22),"") -> 0 | M22: =IFERROR(K22-L22,"") | N22: =IFERROR((K22/H22),"") | R22: =O22*P22*Q22 -> 0 | S22: =SUM(Y22,T22:X22) -> 0 | AA22: =IFERROR(H22*7.5/E22/7,"")
B23: 갯수토핑 | C23: [냉동] 크레잇꼬마돈카츠(1kg(90ea)*8봉) | D23: =IFERROR((F23/E23),"") -> 28.18125 | E23: 8 | F23: =IFERROR((L23-K23),"") -> 225.45 | G23: 5.5 | H23: =ROUNDUP(SUMPRODUCT(B24:B25,C24:C25)/90,1) -> 75.9 | I23: =IFERROR((S23*E23),"") -> 80 | J23: =IFERROR(VLOOKUP(C23,[2]Sheet1!$D:$J,7,0),"") -> 112 | K23: =IFERROR((I23+J23),"") -> 192 | L23: =IFERROR((G23*H23),"") -> 417.45 | M23: =IFERROR(K23-L23,"") -> -225.45 | N23: =IFERROR((K23/H23),"") -> 2.5296443 | Q23: 4900 | R23: =O23*P23*Q23 -> 0 | S23: =SUM(Y23,T23:X23) -> 10 | V23: 10 | AA23: =IFERROR(H23*7.5/E23/7,"") -> 10.165179
A24: 혜자)돌아온명불허전 | B24: =ROUNDUP(HLOOKUP(A24,'야채 계산기'!$2:$3,2,0),0) -> 2200 | C24: 2 | I24: =IFERROR((S24*E24),"") -> 0 | J24: =IFERROR(VLOOKUP(C24,[2]Sheet1!$D:$J,7,0),"") | K24: =IFERROR((I24+J24),"") | L24: =IFERROR((G24*H24),"") -> 0 | M24: =IFERROR(K24-L24,"") | S24: =SUM(Y24,T24:X24) -> 235200 | T24: 39200 | U24: 39200 | V24: 39200 | W24: 39200 | X24: 39200 | Y24: 39200 | AA24: =IFERROR(H24*7.5/E24/7,"")
A25: NEW혜자)백설갈비양념제육 | B25: =ROUNDUP(HLOOKUP(A25,'야채 계산기'!$2:$3,2,0),0) -> 810 | C25: 3 | I25: =IFERROR((S25*E25),"") -> 0 | J25: =IFERROR(VLOOKUP(C25,[2]Sheet1!$D:$J,7,0),"") | K25: =IFERROR((I25+J25),"") | L25: =IFERROR((G25*H25),"") -> 0 | M25: =IFERROR(K25-L25,"") | S25: =SUM(Y25,T25:X25) -> 0 | AA25: =IFERROR(H25*7.5/E25/7,"")
D26: =IFERROR((F26/E26),"") | I26: =IFERROR((S26*E26),"") -> 0 | J26: =IFERROR(VLOOKUP(C26,[2]Sheet1!$D:$J,7,0),"") | K26: =IFERROR((I26+J26),"") | L26: =IFERROR((G26*H26),"") -> 0 | M26: =IFERROR(K26-L26,"") | S26: =SUM(Y26,T26:X26) -> 0 | AA26: =IFERROR(H26*7.5/E26/7,"")
D27: =IFERROR((F27/E27),"") | I27: =IFERROR((S27*E27),"") -> 0 | J27: =IFERROR(VLOOKUP(C27,[2]Sheet1!$D:$J,7,0),"") | K27: =IFERROR((I27+J27),"") | L27: =IFERROR((G27*H27),"") -> 0 | S27: =SUM(Y27,T27:X27) -> 0 | AA27: =IFERROR(H27*7.5/E27/7,"")
B28: 갯수토핑 | C28: [냉장]칼집두툼비엔나(1KG*10봉) | D28: =IFERROR((F28/E28),"") | E28: 10 | F28: =IFERROR((L28-K28),"") | G28: =G19 -> 0 | H28: =ROUNDUP((B29*C29+B30*C30)/50,1) -> #N/A | I28: =IFERROR((S28*E28),"") -> 0 | J28: =IFERROR(VLOOKUP(C28,[2]Sheet1!$D:$J,7,0),"") | K28: =IFERROR((I28+J28),"") | L28: =IFERROR((G28*H28),"") | M28: =IFERROR(K28-L28,"") | N28: =IFERROR((K28/H28),"") | Q28: 6300 | R28: =O28*P28*Q28 -> 0 | S28: =SUM(Y28,T28:X28) -> 0 | AA28: =IFERROR(H28*7.5/E28/7,"")
A29: NEW혜자)돈까스고추장제육 | B29: =ROUNDUP(HLOOKUP(A29,'야채 계산기'!$2:$3,2,0)*1.03,0) -> #N/A | C29: 1 | I29: =IFERROR((S29*E29),"") -> 0 | J29: =IFERROR(VLOOKUP(C29,[2]Sheet1!$D:$J,7,0),"") | K29: =IFERROR((I29+J29),"") | L29: =IFERROR((G29*H29),"") -> 0 | M29: =IFERROR(K29-L29,"") | S29: =SUM(Y29,T29:X29) -> 0 | AA29: =IFERROR(H29*7.5/E29/7,"")
A30: 혜자)돌아온등심돈까스 | B30: =ROUNDUP(HLOOKUP(A30,'야채 계산기'!$2:$3,2,0)*1.03,0) -> 660 | C30: 0.5 | I30: =IFERROR((S30*E30),"") -> 0 | J30: =IFERROR(VLOOKUP(C30,[2]Sheet1!$D:$J,7,0),"") | K30: =IFERROR((I30+J30),"") | L30: =IFERROR((G30*H30),"") -> 0 | M30: =IFERROR(K30-L30,"") | S30: =SUM(Y30,T30:X30) -> 0 | AA30: =IFERROR(H30*7.5/E30/7,"")
D31: =IFERROR((F31/E31),"") | I31: =IFERROR((S31*E31),"") -> 0 | J31: =IFERROR(VLOOKUP(C31,[2]Sheet1!$D:$J,7,0),"") | K31: =IFERROR((I31+J31),"") | L31: =IFERROR((G31*H31),"") -> 0 | M31: =IFERROR(K31-L31,"") | S31: =SUM(Y31,T31:X31) -> 0 | AA31: =IFERROR(H31*7.5/E31/7,"")
D32: =IFERROR((F32/E32),"") | I32: =IFERROR((S32*E32),"") -> 0 | J32: =IFERROR(VLOOKUP(C32,[2]Sheet1!$D:$J,7,0),"") | K32: =IFERROR((I32+J32),"") | L32: =IFERROR((G32*H32),"") -> 0 | M32: =IFERROR(K32-L32,"") | S32: =SUM(Y32,T32:X32) -> 0 | AA32: =IFERROR(H32*7.5/E32/7,"")
A33: 씨제이제일제당 (D-1) 월화수목금토 | B33: CJ전산 16시 | D33: =IFERROR((F33/E33),"") | I33: =IFERROR((S33*E33),"") -> 0 | J33: =IFERROR(VLOOKUP(C33,[2]Sheet1!$D:$J,7,0),"") | K33: =IFERROR((I33+J33),"") | L33: =IFERROR((G33*H33),"") -> 0 | M33: =IFERROR(K33-L33,"") | N33: =IFERROR((K33/H33),"") | R33: =O33*P33*Q33 -> 0 | S33: =SUM(Y33,T33:X33) -> 0 | AA33: =IFERROR(H33*7.5/E33/7,"")
C34: [상온] 대두유(18L*통) | D34: =IFERROR((F34/E34),"") -> -52 | E34: 1 | F34: =IFERROR((L34-K34),"") -> -52 | G34: 3.5 | H34: 24 | I34: =IFERROR((S34*E34),"") -> 30 | J34: =IFERROR(VLOOKUP(C34,[2]Sheet1!$D:$J,7,0),"") -> 106 | K34: =IFERROR((I34+J34),"") -> 136 | L34: =IFERROR((G34*H34),"") -> 84 | M34: =IFERROR(K34-L34,"") -> 52 | N34: =IFERROR((K34/H34),"") -> 5.6666667 | Q34: 35742 | R34: =O34*P34*Q34 -> 0 | S34: =SUM(Y34,T34:X34) -> 30 | U34: 30 | AA34: =IFERROR(H34*7.5/E34/7,"") -> 25.714286
A35: 일사용량+튀김실+취반실 | D35: =IFERROR((F35/E35),"") | I35: =IFERROR((S35*E35),"") -> 0 | J35: =IFERROR(VLOOKUP(C35,[2]Sheet1!$D:$J,7,0),"") | K35: =IFERROR((I35+J35),"") | L35: =IFERROR((G35*H35),"") -> 0 | M35: =IFERROR(K35-L35,"") | N35: =IFERROR((K35/H35),"") | R35: =O35*P35*Q35 -> 0 | S35: =SUM(Y35,T35:X35) -> 240000 | T35: 40000 | U35: 40000 | V35: 40000 | W35: 40000 | X35: 40000 | Y35: 40000 | AA35: =IFERROR(H35*7.5/E35/7,"")
C36: [상온] 스팸(340g*20캔) | D36: =IFERROR((F36/E36),"") -> 158.9 | E36: 20 | F36: =IFERROR((L36-K36),"") -> 3178 | G36: =G34 -> 3.5 | H36: =ROUNDUP(SUMPRODUCT(B37:B41, C37:C41)/340,1) -> 908 | I36: =IFERROR((S36*E36),"") -> 0 | J36: =IFERROR(VLOOKUP(C36,[2]Sheet1!$D:$J,7,0),"") -> 0 | K36: =IFERROR((I36+J36),"") -> 0 | L36: =IFERROR((G36*H36),"") -> 3178 | M36: =IFERROR(K36-L36,"") -> -3178 | N36: =IFERROR((K36/H36),"") -> 0 | Q36: 3150 | R36: =O36*P36*Q36 -> 0 | S36: =SUM(Y36,T36:X36) -> 0 | AA36: =IFERROR(H36*7.5/E36/7,"") -> 48.642857
A37: 더큰)스팸계란볶음밥 | B37: =ROUNDUP(HLOOKUP(A37,'야채 계산기'!$2:$3,2,0),0) -> 4900 | C37: 18.76 | D37: =IFERROR((F37/E37),"") | I37: =IFERROR((S37*E37),"") -> 0 | J37: =IFERROR(VLOOKUP(C37,[2]Sheet1!$D:$J,7,0),"") | K37: =IFERROR((I37+J37),"") | L37: =IFERROR((G37*H37),"") -> 0 | M37: =IFERROR(K37-L37,"") | N37: =IFERROR((K37/H37),"") | S37: =SUM(Y37,T37:X37) -> 0 | AA37: =IFERROR(H37*7.5/E37/7,"")
A38: 더큰)스팸김치볶음밥 | B38: =ROUNDUP(HLOOKUP(A38,'야채 계산기'!$2:$3,2,0),0) -> 6030 | C38: 19 | I38: =IFERROR((S38*E38),"") -> 0 | J38: =IFERROR(VLOOKUP(C38,[2]Sheet1!$D:$J,7,0),"") | K38: =IFERROR((I38+J38),"") | L38: =IFERROR((G38*H38),"") -> 0 | M38: =IFERROR(K38-L38,"") | S38: =SUM(Y38,T38:X38) -> 0 | AA38: =IFERROR(H38*7.5/E38/7,"")
A39: 스팸계란치즈김밥 | B39: =ROUNDUP(HLOOKUP(A39,'야채 계산기'!$2:$3,2,0),0) -> 1340 | C39: 32.1 | I39: =IFERROR((S39*E39),"") -> 0 | J39: =IFERROR(VLOOKUP(C39,[2]Sheet1!$D:$J,7,0),"") | K39: =IFERROR((I39+J39),"") | L39: =IFERROR((G39*H39),"") -> 0 | M39: =IFERROR(K39-L39,"") | S39: =SUM(Y39,T39:X39) -> 0 | AA39: =IFERROR(H39*7.5/E39/7,"")
A40: NEW스팸무스비 | B40: =ROUNDUP(HLOOKUP(A40,'야채 계산기'!$2:$3,2,0),0) -> 2090 | C40: ='[1]스팸무스비(25.8.26)'!$B$11 -> 28.33 | I40: =IFERROR((S40*E40),"") -> 0 | J40: =IFERROR(VLOOKUP(C40,[2]Sheet1!$D:$J,7,0),"") | K40: =IFERROR((I40+J40),"") | L40: =IFERROR((G40*H40),"") -> 0 | M40: =IFERROR(K40-L40,"") | S40: =SUM(Y40,T40:X40) -> 0 | AA40: =IFERROR(H40*7.5/E40/7,"")
I41: =IFERROR((S41*E41),"") -> 0 | J41: =IFERROR(VLOOKUP(C41,[2]Sheet1!$D:$J,7,0),"") | K41: =IFERROR((I41+J41),"") | L41: =IFERROR((G41*H41),"") -> 0 | M41: =IFERROR(K41-L41,"") | S41: =SUM(Y41,T41:X41) -> 0 | AA41: =IFERROR(H41*7.5/E41/7,"")
C42: [상온] 하얀설탕(3kg*6봉) | D42: =IFERROR((F42/E42),"") -> 3.5 | E42: 6 | F42: =IFERROR((L42-K42),"") -> 21 | G42: =G34 -> 3.5 | H42: =ROUNDUP(SUMPRODUCT(B43:B54, C43:C54)/3000,1) -> 6 | I42: =IFERROR((S42*E42),"") -> 0 | J42: =IFERROR(VLOOKUP(C42,[2]Sheet1!$D:$J,7,0),"") -> 0 | K42: =IFERROR((I42+J42),"") -> 0 | L42: =IFERROR((G42*H42),"") -> 21 | M42: =IFERROR(K42-L42,"") -> -21 | N42: =IFERROR((K42/H42),"") -> 0 | Q42: 4929 | R42: =O42*P42*Q42 -> 0 | S42: =SUM(Y42,T42:X42) -> 0 | AA42: =IFERROR(H42*7.5/E42/7,"") -> 1.0714286
A43: 삼각)전주비빔 | B43: =ROUNDUP(HLOOKUP(A43,'야채 계산기'!$2:$3,2,0),0) -> 3150 | C43: 0.81 | I43: =IFERROR((S43*E43),"") -> 0 | J43: =IFERROR(VLOOKUP(C43,[2]Sheet1!$D:$J,7,0),"") | L43: =IFERROR((G43*H43),"") -> 0 | S43: =SUM(Y43,T43:X43) -> 0 | AA43: =IFERROR(H43*7.5/E43/7,"")
A44: 슈퍼)착한참치마요김밥 | B44: =ROUNDUP(HLOOKUP(A44,'야채 계산기'!$2:$3,2,0),0) -> 170 | C44: 3.05 | I44: =IFERROR((S44*E44),"") -> 0 | J44: =IFERROR(VLOOKUP(C44,[2]Sheet1!$D:$J,7,0),"") | K44: =IFERROR((I44+J44),"") | L44: =IFERROR((G44*H44),"") -> 0 | M44: =IFERROR(K44-L44,"") | S44: =SUM(Y44,T44:X44) -> 0 | AA44: =IFERROR(H44*7.5/E44/7,"")
A45: NEW스팸무스비 | B45: =ROUNDUP(HLOOKUP(A45,'야채 계산기'!$2:$3,2,0),0) -> 2090 | C45: ='[1]스팸무스비(25.8.26)'!$B$8 -> 0.65 | I45: =IFERROR((S45*E45),"") -> 0 | J45: =IFERROR(VLOOKUP(C45,[2]Sheet1!$D:$J,7,0),"") | K45: =IFERROR((I45+J45),"") | L45: =IFERROR((G45*H45),"") -> 0 | M45: =IFERROR(K45-L45,"") | S45: =SUM(Y45,T45:X45) -> 0 | AA45: =IFERROR(H45*7.5/E45/7,"")
A46: 더큰)스팸김치볶음밥 | B46: =ROUNDUP(HLOOKUP(A46,'야채 계산기'!$2:$3,2,0),0) -> 6030 | C46: 0.63 | I46: =IFERROR((S46*E46),"") -> 0 | J46: =IFERROR(VLOOKUP(C46,[2]Sheet1!$D:$J,7,0),"") | K46: =IFERROR((I46+J46),"") | L46: =IFERROR((G46*H46),"") -> 0 | M46: =IFERROR(K46-L46,"") | S46: =SUM(Y46,T46:X46) -> 0 | AA46: =IFERROR(H46*7.5/E46/7,"")
A47: 더큰)스팸계란볶음밥 | B47: =ROUNDUP(HLOOKUP(A47,'야채 계산기'!$2:$3,2,0),0) -> 4900 | C47: 0.79 | I47: =IFERROR((S47*E47),"") -> 0 | J47: =IFERROR(VLOOKUP(C47,[2]Sheet1!$D:$J,7,0),"") | K47: =IFERROR((I47+J47),"") | L47: =IFERROR((G47*H47),"") -> 0 | M47: =IFERROR(K47-L47,"") | S47: =SUM(Y47,T47:X47) -> 0 | AA47: =IFERROR(H47*7.5/E47/7,"")
A48: 슈퍼)착한김치김밥 | B48: =ROUNDUP(HLOOKUP(A48,'야채 계산기'!$2:$3,2,0),0) -> 140 | C48: ='[1]착한김치김밥(250612)슈퍼'!$B$11 -> 3.13 | I48: =IFERROR((S48*E48),"") -> 0 | J48: =IFERROR(VLOOKUP(C48,[2]Sheet1!$D:$J,7,0),"") | K48: =IFERROR((I48+J48),"") | L48: =IFERROR((G48*H48),"") -> 0 | M48: =IFERROR(K48-L48,"") | S48: =SUM(Y48,T48:X48) -> 0 | AA48: =IFERROR(H48*7.5/E48/7,"")
A49: 착한제육덮밥 | B49: =ROUNDUP(HLOOKUP(A49,'야채 계산기'!$2:$3,2,0),0) -> 30 | C49: 2.63 | I49: =IFERROR((S49*E49),"") -> 0 | J49: =IFERROR(VLOOKUP(C49,[2]Sheet1!$D:$J,7,0),"") | K49: =IFERROR((I49+J49),"") | L49: =IFERROR((G49*H49),"") -> 0 | M49: =IFERROR(K49-L49,"") | S49: =SUM(Y49,T49:X49) -> 0 | AA49: =IFERROR(H49*7.5/E49/7,"")
A50: 더큰)리챔참치마요 | B50: =ROUNDUP(HLOOKUP(A50,'야채 계산기'!$2:$3,2,0),0) -> 3620 | C50: 0.13 | I50: =IFERROR((S50*E50),"") -> 0 | J50: =IFERROR(VLOOKUP(C50,[2]Sheet1!$D:$J,7,0),"") | K50: =IFERROR((I50+J50),"") | L50: =IFERROR((G50*H50),"") -> 0 | M50: =IFERROR(K50-L50,"") | S50: =SUM(Y50,T50:X50) -> 0 | Z50: 1 | AA50: =IFERROR(H50*7.5/E50/7,"")
A51: 종가)들기름묵은지참치 | B51: =ROUNDUP(HLOOKUP(A51,'야채 계산기'!$2:$3,2,0),0) -> 4420 | C51: ='[1]풀)들기름묵은지참치마요(25.10.14)'!$B$10 -> 0.08 | I51: =IFERROR((S51*E51),"") -> 0 | J51: =IFERROR(VLOOKUP(C51,[2]Sheet1!$D:$J,7,0),"") | K51: =IFERROR((I51+J51),"") | L51: =IFERROR((G51*H51),"") -> 0 | M51: =IFERROR(K51-L51,"") | S51: =SUM(Y51,T51:X51) -> 0 | AA51: 5
A52: THE근본김밥 | B52: =ROUNDUP(HLOOKUP(A52,'야채 계산기'!$2:$3,2,0),0) -> 2840 | C52: 1.19 | I52: =IFERROR((S52*E52),"") -> 0 | J52: =IFERROR(VLOOKUP(C52,[2]Sheet1!$D:$J,7,0),"") | K52: =IFERROR((I52+J52),"") | L52: =IFERROR((G52*H52),"") -> 0 | M52: =IFERROR(K52-L52,"") | N52: =IFERROR((K52/H52),"") | S52: =SUM(Y52,T52:X52) -> 0 | AA52: =IFERROR(H52*7.5/E52/7,"")
A53: 스팸계란치즈김밥 | B53: =ROUNDUP(HLOOKUP(A53,'야채 계산기'!$2:$3,2,0),0) -> 1340 | C53: 0.34 | I53: =IFERROR((S53*E53),"") -> 0 | J53: =IFERROR(VLOOKUP(C53,[2]Sheet1!$D:$J,7,0),"") | K53: =IFERROR((I53+J53),"") | L53: =IFERROR((G53*H53),"") -> 0 | M53: =IFERROR(K53-L53,"") | N53: =IFERROR((K53/H53),"") | S53: =SUM(Y53,T53:X53) -> 0 | AA53: =IFERROR(H53*7.5/E53/7,"")
A54: 참치김치볶음김밥 | B54: =ROUNDUP(HLOOKUP(A54,'야채 계산기'!$2:$3,2,0),0) -> 1780 | C54: 0.4 | I54: =IFERROR((S54*E54),"") -> 0 | J54: =IFERROR(VLOOKUP(C54,[2]Sheet1!$D:$J,7,0),"") | K54: =IFERROR((I54+J54),"") | L54: =IFERROR((G54*H54),"") -> 0 | M54: =IFERROR(K54-L54,"") | N54: =IFERROR((K54/H54),"") | S54: =SUM(Y54,T54:X54) -> 0 | AA54: =IFERROR(H54*7.5/E54/7,"")
C55: [상온] CJ백설 돼지갈비양념(10KG*1EA) | D55: =IFERROR((F55/E55),"") -> 7.182 | E55: 1 | F55: =IFERROR((L55-K55),"") -> 7.182 | G55: =G34 -> 3.5 | H55: =ROUNDUP(SUMPRODUCT(B56:B57,C56:C57)/10000,3) -> 2.052 | I55: =IFERROR((S55*E55),"") -> 0 | J55: =IFERROR(VLOOKUP(C55,[2]Sheet1!$D:$J,7,0),"") -> 0 | K55: =IFERROR((I55+J55),"") -> 0 | L55: =IFERROR((G55*H55),"") -> 7.182 | M55: =IFERROR(K55-L55,"") -> -7.182 | N55: =IFERROR((K55/H55),"") -> 0 | Q55: 23000 | R55: =O55*P55*Q55 -> 0 | S55: =SUM(Y55,T55:X55) -> 0 | AA55: =IFERROR(H55*7.5/E55/7,"") -> 2.1985714
A56: NEW혜자)백설갈비양념제육 | B56: =ROUNDUP(HLOOKUP(A56,'야채 계산기'!$2:$3,2,0)*1.03,0) -> 835 | C56: 16.03 | I56: =IFERROR((S56*E56),"") -> 0 | J56: =IFERROR(VLOOKUP(C56,[2]Sheet1!$D:$J,7,0),"") | K56: =IFERROR((I56+J56),"") | L56: =IFERROR((G56*H56),"") -> 0 | M56: =IFERROR(K56-L56,"") | S56: =SUM(Y56,T56:X56) -> 92000 | V56: 23000 | W56: 23000 | X56: 23000 | Y56: 23000 | AA56: =IFERROR(H56*7.5/E56/7,"")
A57: 뭘좋아할지몰라다넣어봤어 | B57: =ROUNDUP(HLOOKUP(A57,'야채 계산기'!$2:$3,2,0)*1.03,0) -> 1113 | C57: ='[1]뭘좋아할지몰라다넣어봤어(26.08.11)'!$B$7 -> 6.41 | I57: =IFERROR((S57*E57),"") -> 0 | J57: =IFERROR(VLOOKUP(C57,[2]Sheet1!$D:$J,7,0),"") | K57: =IFERROR((I57+J57),"") | L57: =IFERROR((G57*H57),"") -> 0 | M57: =IFERROR(K57-L57,"") | S57: =SUM(Y57,T57:X57) -> 0 | AA57: =IFERROR(H57*7.5/E57/7,"")
C58: [상온]다담/강된장찌개양념(2kg*6ea) | D58: =IFERROR((F58/E58),"") -> -0.69608333 | E58: 6 | F58: =IFERROR((L58-K58),"") -> -4.1765 | G58: =G34 -> 3.5 | H58: =ROUNDUP(SUMPRODUCT(B59:B60,C59:C60)/2000,3) -> 0.521 | I58: =IFERROR((S58*E58),"") -> 6 | J58: =IFERROR(VLOOKUP(C58,[2]Sheet1!$D:$J,7,0),"") -> 0 | K58: =IFERROR((I58+J58),"") -> 6 | L58: =IFERROR((G58*H58),"") -> 1.8235 | M58: =IFERROR(K58-L58,"") -> 4.1765 | N58: =IFERROR((K58/H58),"") -> 11.516315 | Q58: 9704 | R58: =O58*P58*Q58 -> 0 | S58: =SUM(Y58,T58:X58) -> 1 | U58: 1 | AA58: =IFERROR(H58*7.5/E58/7,"") -> 0.093035714
A59: 더큰)추석맥적구이한상 | B59: =ROUNDUP(HLOOKUP(A59,'야채 계산기'!$2:$3,2,0)*1.03,0) -> 1679 | C59: 0.62 | I59: =IFERROR((S59*E59),"") -> 0 | J59: =IFERROR(VLOOKUP(C59,[2]Sheet1!$D:$J,7,0),"") | K59: =IFERROR((I59+J59),"") | L59: =IFERROR((G59*H59),"") -> 0 | M59: =IFERROR(K59-L59,"") | S59: =SUM(Y59,T59:X59) -> 349344 | T59: 58224 | U59: 58224 | V59: 58224 | W59: 58224 | X59: 58224 | Y59: 58224 | AA59: =IFERROR(H59*7.5/E59/7,"")
C60: [상온]해찬들고추장 | D60: =IFERROR((F60/E60),"") | E60: 1 | F60: =IFERROR((L60-K60),"") | G60: =G34 -> 3.5 | H60: =ROUNDUP(SUMPRODUCT(B61:B62,C61:C62)/14000,3) -> 0.195 | I60: =IFERROR((S60*E60),"") -> 0 | J60: =IFERROR(VLOOKUP(C60,[2]Sheet1!$D:$J,7,0),"") | K60: =IFERROR((I60+J60),"") | L60: =IFERROR((G60*H60),"") -> 0.6825 | M60: =IFERROR(K60-L60,"") | N60: =IFERROR((K60/H60),"") | Q60: 8914 | R60: =O60*P60*Q60 -> 0 | S60: =SUM(Y60,T60:X60) -> 0 | AA60: =IFERROR(H60*7.5/E60/7,"") -> 0.20892857
A61: 혜자)통등심돈까스&치킨까스도시락 | B61: =ROUNDUP(HLOOKUP(A61,'야채 계산기'!$2:$3,2,0)*1.03,0) -> 2081 | C61: 1.31 | I61: =IFERROR((S61*E61),"") -> 0 | J61: =IFERROR(VLOOKUP(C61,[2]Sheet1!$D:$J,7,0),"") | K61: =IFERROR((I61+J61),"") | L61: =IFERROR((G61*H61),"") -> 0 | M61: =IFERROR(K61-L61,"") | S61: =SUM(Y61,T61:X61) -> 247912 | T61: 25900 | U61: 25900 | V61: 49028 | W61: 49028 | X61: 49028 | Y61: 49028 | AA61: =IFERROR(H61*7.5/E61/7,"")
I62: =IFERROR((S62*E62),"") -> 0 | J62: =IFERROR(VLOOKUP(C62,[2]Sheet1!$D:$J,7,0),"") | K62: =IFERROR((I62+J62),"") | L62: =IFERROR((G62*H62),"") -> 0 | S62: =SUM(Y62,T62:X62) -> 1751200 | T62: =(T15*T16+T23*T24+T34*T35)*1.1 -> 0 | U62: =(U15*U16+U23*U24+U34*U35)*1.1 -> 1320000 | V62: =(V15*V16+V23*V24+V34*V35)*1.1 -> 431200 | W62: =(W15*W16+W23*W24+W34*W35+W55*W56)*1.1 -> 0 | X62: =(X15*X16+X23*X24+X34*X35+X55*X56)*1.1 -> 0 | Y62: =(Y15*Y16+Y23*Y24+Y34*Y35+Y55*Y56)*1.1 -> 0 | AA62: =IFERROR(H62*7.5/E62/7,"")
D63: =IFERROR((F63/E63),"") | I63: =IFERROR((S63*E63),"") -> 0 | J63: =IFERROR(VLOOKUP(C63,[2]Sheet1!$D:$J,7,0),"") | K63: =IFERROR((I63+J63),"") | L63: =IFERROR((G63*H63),"") -> 0 | M63: =IFERROR(K63-L63,"") | R63: =O63*P63*Q63 -> 0 | S63: =SUM(Y63,T63:X63) -> 0 | AA63: =IFERROR(H63*7.5/E63/7,"")
A64: 광주식품 (D-1) 월화수목금토 | B64: 발주고 1시 | D64: =IFERROR((F64/E64),"") | I64: =IFERROR((S64*E64),"") -> 0 | J64: =IFERROR(VLOOKUP(C64,[2]Sheet1!$D:$J,7,0),"") | K64: =IFERROR((I64+J64),"") | L64: =IFERROR((G64*H64),"") -> 0 | M64: =IFERROR(K64-L64,"") | N64: =IFERROR((K64/H64),"") | R64: =O64*P64*Q64 -> 0 | S64: =SUM(Y64,T64:X64) -> 0 | AA64: =IFERROR(H64*7.5/E64/7,"")
C65: [냉동] 광주식품)삼대가순살통족발(종이BOX) 1KG*10개입 | D65: =IFERROR((F65/E65),"") | E65: 10 | F65: =IFERROR((L65-K65),"") | G65: 6 | H65: =ROUNDUP(SUMPRODUCT(B66:B66,C66:C66)/1000,1) -> #N/A | I65: =IFERROR((S65*E65),"") -> 0 | J65: =IFERROR(VLOOKUP(C65,[2]Sheet1!$D:$J,7,0),"") | K65: =IFERROR((I65+J65),"") | L65: =IFERROR((G65*H65),"") | M65: =IFERROR(K65-L65,"") | N65: =IFERROR((K65/H65),"") | Q65: 12061 | R65: =O65*P65*Q65 -> 0 | S65: =SUM(Y65,T65:X65) -> 0 | AA65: =IFERROR(H65*7.5/E65/7,"")
A66: 이달의도시락6월(미식편) | B66: =ROUNDUP(HLOOKUP(A66,'야채 계산기'!$2:$3,2,0),0) -> #N/A | C66: =20.61*1.2 -> 24.732 | G66: . | I66: =IFERROR((S66*E66),"") -> 0 | J66: =IFERROR(VLOOKUP(C66,[2]Sheet1!$D:$J,7,0),"") | K66: =IFERROR((I66+J66),"") | L66: =IFERROR((G66*H66),"") | M66: =IFERROR(K66-L66,"") | N66: =IFERROR((K66/H66),"") | S66: =SUM(Y66,T66:X66) -> 0 | AA66: =IFERROR(H66*7.5/E66/7,"")
D67: =IFERROR((F67/E67),"") | I67: =IFERROR((S67*E67),"") -> 0 | J67: =IFERROR(VLOOKUP(C67,[2]Sheet1!$D:$J,7,0),"") | K67: =IFERROR((I67+J67),"") | L67: =IFERROR((G67*H67),"") -> 0 | M67: =IFERROR(K67-L67,"") | N67: =IFERROR((K67/H67),"") | R67: =O67*P67*Q67 -> 0 | S67: =SUM(Y67,T67:X67) -> 0 | AA67: =IFERROR(H67*7.5/E67/7,"")
I68: =IFERROR((S68*E68),"") -> 0 | J68: =IFERROR(VLOOKUP(C68,[2]Sheet1!$D:$J,7,0),"") | K68: =IFERROR((I68+J68),"") | L68: =IFERROR((G68*H68),"") -> 0 | M68: =IFERROR(K68-L68,"") | S68: =SUM(Y68,T68:X68) -> 0 | AA68: =IFERROR(H68*7.5/E68/7,"")
A69: 이너피스 (D-1) 월화수목금토 | B69: 발주고 1시 | D69: =IFERROR((F69/E69),"") | I69: =IFERROR((S69*E69),"") -> 0 | J69: =IFERROR(VLOOKUP(C69,[2]Sheet1!$D:$J,7,0),"") | K69: =IFERROR((I69+J69),"") | L69: =IFERROR((G69*H69),"") -> 0 | M69: =IFERROR(K69-L69,"") | N69: =IFERROR((K69/H69),"") | R69: =O69*P69*Q69 -> 0 | S69: =SUM(Y69,T69:X69) -> 0 | AA69: =IFERROR(H69*7.5/E69/7,"")
C70: [상온] 화풍표고버섯채(종이BOX) 2.84KG*6캔 | D70: =IFERROR((F70/E70),"") -> -0.23333333 | E70: 6 | F70: =IFERROR((L70-K70),"") -> -1.4 | G70: 3.5 | H70: =ROUNDUP(SUMPRODUCT(B71:B72,C71:C72)/2840,1) -> 29.6 | I70: =IFERROR((S70*E70),"") -> 36 | J70: =IFERROR(VLOOKUP(C70,[2]Sheet1!$D:$J,7,0),"") -> 69 | K70: =IFERROR((I70+J70),"") -> 105 | L70: =IFERROR((G70*H70),"") -> 103.6 | M70: =IFERROR(K70-L70,"") -> 1.4 | N70: =IFERROR((K70/H70),"") -> 3.5472973 | Q70: 4200 | R70: =O70*P70*Q70 -> 0 | S70: =SUM(Y70,T70:X70) -> 6 | U70: 6 | AA70: =IFERROR(H70*7.5/E70/7,"") -> 5.2857143
A71: 혜자)돌아온명불허전 | B71: =ROUNDUP(HLOOKUP(A71,'야채 계산기'!$2:$3,2,0)*1.03,0) -> 2266 | C71: ='[1]혜자)돌아온 명불허전(25.9.18)리뉴얼'!$B$13 -> 31.83 | G71: . | I71: =IFERROR((S71*E71),"") -> 0 | J71: =IFERROR(VLOOKUP(C71,[2]Sheet1!$D:$J,7,0),"") | K71: =IFERROR((I71+J71),"") | L71: =IFERROR((G71*H71),"") | M71: =IFERROR(K71-L71,"") | N71: =IFERROR((K71/H71),"") | S71: =SUM(Y71,T71:X71) -> 0 | AA71: =IFERROR(H71*7.5/E71/7,"")
A72: 이달의도시락10월 | B72: =ROUNDUP(HLOOKUP(A72,'야채 계산기'!$2:$3,2,0)*1.03,0) -> 567 | C72: 20.69 | D72: =IFERROR((F72/E72),"") | I72: =IFERROR((S72*E72),"") -> 0 | J72: =IFERROR(VLOOKUP(C72,[2]Sheet1!$D:$J,7,0),"") | K72: =IFERROR((I72+J72),"") | L72: =IFERROR((G72*H72),"") -> 0 | M72: =IFERROR(K72-L72,"") | N72: =IFERROR((K72/H72),"") | R72: =O72*P72*Q72 -> 0 | S72: =SUM(Y72,T72:X72) -> 0 | AA72: =IFERROR(H72*7.5/E72/7,"")
I73: =IFERROR((S73*E73),"") -> 0 | J73: =IFERROR(VLOOKUP(C73,[2]Sheet1!$D:$J,7,0),"") | K73: =IFERROR((I73+J73),"") | L73: =IFERROR((G73*H73),"") -> 0 | M73: =IFERROR(K73-L73,"") | S73: =SUM(Y73,T73:X73) -> 0 | AA73: =IFERROR(H73*7.5/E73/7,"")
A74: 푸드머스 (D-1) 월화수목금토 | B74: 발주고 1시 | I74: =IFERROR((S74*E74),"") -> 0 | J74: =IFERROR(VLOOKUP(C74,[2]Sheet1!$D:$J,7,0),"") | K74: =IFERROR((I74+J74),"") | L74: =IFERROR((G74*H74),"") -> 0 | M74: =IFERROR(K74-L74,"") | S74: =SUM(Y74,T74:X74) -> 0 | AA74: =IFERROR(H74*7.5/E74/7,"")
C75: [상온]바릴라스파게티면(종이BOX) 5KG*3EA | D75: =IFERROR((F75/E75),"") -> -0.73333333 | E75: 3 | F75: =IFERROR((L75-K75),"") -> -2.2 | G75: =G70 -> 3.5 | H75: =ROUNDUP(SUMPRODUCT(B76:B77,C76:C77)/5000,1) -> 2.8 | I75: =IFERROR((S75*E75),"") -> 0 | J75: =IFERROR(VLOOKUP(C75,[2]Sheet1!$D:$J,7,0),"") -> 12 | K75: =IFERROR((I75+J75),"") -> 12 | L75: =IFERROR((G75*H75),"") -> 9.8 | M75: =IFERROR(K75-L75,"") -> 2.2 | N75: =IFERROR((K75/H75),"") -> 4.2857143 | Q75: 11400 | R75: =O75*P75*Q75 -> 0 | S75: =SUM(Y75,T75:X75) -> 0 | AA75: =IFERROR(H75*7.5/E75/7,"") -> 1
A76: 혜자)돌아온등심돈까스 | B76: =ROUNDUP(HLOOKUP(A76,'야채 계산기'!$2:$3,2,0)*1.03,0) -> 660 | C76: 20.54 | I76: =IFERROR((S76*E76),"") -> 0 | J76: =IFERROR(VLOOKUP(C76,[2]Sheet1!$D:$J,7,0),"") | K76: =IFERROR((I76+J76),"") | L76: =IFERROR((G76*H76),"") -> 0 | N76: =IFERROR((K76/H76),"") | S76: =SUM(Y76,T76:X76) -> 0 | AA76: =IFERROR(H76*7.5/E76/7,"")
D77: =IFERROR((F77/E77),"") | I77: =IFERROR((S77*E77),"") -> 0 | J77: =IFERROR(VLOOKUP(C77,[2]Sheet1!$D:$J,7,0),"") | K77: =IFERROR((I77+J77),"") | L77: =IFERROR((G77*H77),"") -> 0 | M77: =IFERROR(K77-L77,"") | N77: =IFERROR((K77/H77),"") | S77: =SUM(Y77,T77:X77) -> 0 | AA77: =IFERROR(H77*7.5/E77/7,"")
I78: =IFERROR((S78*E78),"") -> 0 | J78: =IFERROR(VLOOKUP(C78,[2]Sheet1!$D:$J,7,0),"") | K78: =IFERROR((I78+J78),"") | L78: =IFERROR((G78*H78),"") -> 0 | M78: =IFERROR(K78-L78,"") | N78: =IFERROR((K78/H78),"") | S78: =SUM(Y78,T78:X78) -> 0 | AA78: =IFERROR(H78*7.5/E78/7,"")
I79: =IFERROR((S79*E79),"") -> 0 | J79: =IFERROR(VLOOKUP(C79,[2]Sheet1!$D:$J,7,0),"") | K79: =IFERROR((I79+J79),"") | L79: =IFERROR((G79*H79),"") -> 0 | M79: =IFERROR(K79-L79,"") | S79: =SUM(Y79,T79:X79) -> 0 | AA79: =IFERROR(H79*7.5/E79/7,"")
A80: 성경 (D-1) 월화수목금 | B80: 발주고 1시 | D80: =IFERROR((F80/E80),"") | I80: =IFERROR((S80*E80),"") -> 0 | J80: =IFERROR(VLOOKUP(C80,[2]Sheet1!$D:$J,7,0),"") | K80: =IFERROR((I80+J80),"") | L80: =IFERROR((G80*H80),"") -> 0 | M80: =IFERROR(K80-L80,"") | N80: =IFERROR((K80/H80),"") | R80: =O80*P80*Q80 -> 0 | S80: =SUM(Y80,T80:X80) -> 0 | AA80: =IFERROR(H80*7.5/E80/7,"")
C81: 성경)돌자반(500g*6ea) | D81: =IFERROR((F81/E81),"") -> 2.625 | E81: 6 | F81: =IFERROR((L81-K81),"") -> 15.75 | G81: 3.5 | H81: =ROUNDUP(SUMPRODUCT(B82:B83,C82:C83)/500,1) -> 16.5 | I81: =IFERROR((S81*E81),"") -> 24 | J81: =IFERROR(VLOOKUP(C81,[2]Sheet1!$D:$J,7,0),"") -> 18 | K81: =IFERROR((I81+J81),"") -> 42 | L81: =IFERROR((G81*H81),"") -> 57.75 | M81: =IFERROR(K81-L81,"") -> -15.75 | N81: =IFERROR((K81/H81),"") -> 2.5454545 | Q81: 9680 | R81: =O81*P81*Q81 -> 0 | S81: =SUM(Z81,T81:Y81) -> 4 | U81: 4 | AA81: =IFERROR(H81*7.5/E81/7,"") -> 2.9464286
A82: NEW스팸무스비 | B82: =ROUNDUP(HLOOKUP(A82,'야채 계산기'!$2:$3,2,0),0) -> 2090 | C82: ='[1]스팸무스비(25.8.26)'!$B$7 -> 3.26 | G82: . | I82: =IFERROR((S82*E82),"") -> 0 | J82: =IFERROR(VLOOKUP(C82,[2]Sheet1!$D:$J,7,0),"") | K82: =IFERROR((I82+J82),"") | L82: =IFERROR((G82*H82),"") | M82: =IFERROR(K82-L82,"") | N82: =IFERROR((K82/H82),"") | S82: =SUM(Y82,T82:X82) -> 0 | AA82: =IFERROR(H82*7.5/E82/7,"")
A83: 무스비)햄&청양불고기 | B83: =ROUNDUP(HLOOKUP(A83,'야채 계산기'!$2:$3,2,0),0) -> 440 | C83: 3.25 | D83: =IFERROR((F83/E83),"") | I83: =IFERROR((S83*E83),"") -> 0 | J83: =IFERROR(VLOOKUP(C83,[2]Sheet1!$D:$J,7,0),"") | K83: =IFERROR((I83+J83),"") | L83: =IFERROR((G83*H83),"") -> 0 | M83: =IFERROR(K83-L83,"") | N83: =IFERROR((K83/H83),"") | S83: =SUM(Y83,T83:X83) -> 0 | AA83: =IFERROR(H83*7.5/E83/7,"")
B84: 갯수토핑 | C84: [상온] 성경식품)재래도시락김 2G*10ea*24봉 | D84: =IFERROR((F84/E84),"") -> -6.625 | E84: 24 | F84: =IFERROR((L84-K84),"") -> -159 | G84: =G81 -> 3.5 | H84: =ROUNDUP(SUMPRODUCT(B85:B86,C85:C86)/10,0) -> 270 | I84: =IFERROR((S84*E84),"") -> 144 | J84: =IFERROR(VLOOKUP(C84,[2]Sheet1!$D:$J,7,0),"") -> 960 | K84: =IFERROR((I84+J84),"") -> 1104 | L84: =IFERROR((G84*H84),"") -> 945 | M84: =IFERROR(K84-L84,"") -> 159 | N84: =IFERROR((K84/H84),"") -> 4.0888889 | Q84: 1139 | R84: =O84*P84*Q84 -> 0 | S84: =SUM(Y84,T84:X84) -> 6 | U84: 6 | AA84: =IFERROR(H84*7.5/E84/7,"") -> 12.053571
A85: NEW혜자)백설갈비양념제육 | B85: =ROUNDUP(HLOOKUP(A85,'야채 계산기'!$2:$3,2,0),0) -> 810 | C85: 2 | I85: =IFERROR((S85*E85),"") -> 0 | J85: =IFERROR(VLOOKUP(C85,[2]Sheet1!$D:$J,7,0),"") | K85: =IFERROR((I85+J85),"") | L85: =IFERROR((G85*H85),"") -> 0 | M85: =IFERROR(K85-L85,"") | S85: =SUM(Y85,T85:X85) -> 0 | AA85: =IFERROR(H85*7.5/E85/7,"")
A86: 뭘좋아할지몰라다넣어봤어 | B86: =ROUNDUP(HLOOKUP(A86,'야채 계산기'!$2:$3,2,0),0) -> 1080 | C86: 1 | I86: =IFERROR((S86*E86),"") -> 0 | J86: =IFERROR(VLOOKUP(C86,[2]Sheet1!$D:$J,7,0),"") | K86: =IFERROR((I86+J86),"") | L86: =IFERROR((G86*H86),"") -> 0 | M86: =IFERROR(K86-L86,"") | S86: =SUM(Y86,T86:X86) -> 0 | U86: . | AA86: =IFERROR(H86*7.5/E86/7,"")
I87: =IFERROR((S87*E87),"") -> 0 | J87: =IFERROR(VLOOKUP(C87,[2]Sheet1!$D:$J,7,0),"") | K87: =IFERROR((I87+J87),"") | L87: =IFERROR((G87*H87),"") -> 0 | M87: =IFERROR(K87-L87,"") | S87: =SUM(Y87,T87:X87) -> 0 | AA87: =IFERROR(H87*7.5/E87/7,"")
A88: 더원씨푸드 (D-1) 월화수목금 | B88: 발주고 1시 | I88: =IFERROR((S88*E88),"") -> 0 | J88: =IFERROR(VLOOKUP(C88,[2]Sheet1!$D:$J,7,0),"") | K88: =IFERROR((I88+J88),"") | L88: =IFERROR((G88*H88),"") -> 0 | M88: =IFERROR(K88-L88,"") | N88: =IFERROR((K88/H88),"") | R88: =O88*P88*Q88 -> 0 | S88: =SUM(Y88,T88:X88) -> 0 | AA88: =IFERROR(H88*7.5/E88/7,"")
B89: 갯수토핑 | C89: [상온] 더원씨푸드)1/2절김 200매*30개입 | D89: =IFERROR((F89/E89),"") -> 2.6 | E89: 30 | F89: =IFERROR((L89-K89),"") -> 78 | G89: 6 | H89: =ROUNDUP(SUM(B90:B95)/350,1) -> 18 | I89: =IFERROR((S89*E89),"") -> 0 | J89: =IFERROR(VLOOKUP(C89,[2]Sheet1!$D:$J,7,0),"") -> 30 | K89: =IFERROR((I89+J89),"") -> 30 | L89: =IFERROR((G89*H89),"") -> 108 | M89: =IFERROR(K89-L89,"") -> -78 | N89: =IFERROR((K89/H89),"") -> 1.6666667 | Q89: 11500 | R89: =O89*P89*Q89 -> 0 | S89: =SUM(Y89,T89:X89) -> 0 | AA89: =IFERROR(H89*7.5/E89/7,"") -> 0.64285714
A90: 직화)한돈제육쌈김밥 | B90: =ROUNDUP(HLOOKUP(A90,'야채 계산기'!$2:$3,2,0)*1.03,0) -> 1226 | I90: =IFERROR((S90*E90),"") -> 0 | J90: =IFERROR(VLOOKUP(C90,[2]Sheet1!$D:$J,7,0),"") | K90: =IFERROR((I90+J90),"") | L90: =IFERROR((G90*H90),"") -> 0 | M90: =IFERROR(K90-L90,"") | N90: =IFERROR((K90/H90),"") | S90: =SUM(Y90,T90:X90) -> 0 | AA90: =IFERROR(H90*7.5/E90/7,"")
A91: 슈퍼)착한김치김밥 | B91: =ROUNDUP(HLOOKUP(A91,'야채 계산기'!$2:$3,2,0)*1.03,0) -> 145 | I91: =IFERROR((S91*E91),"") -> 0 | J91: =IFERROR(VLOOKUP(C91,[2]Sheet1!$D:$J,7,0),"") | K91: =IFERROR((I91+J91),"") | L91: =IFERROR((G91*H91),"") -> 0 | M91: =IFERROR(K91-L91,"") | N91: =IFERROR((K91/H91),"") | S91: =SUM(Y91,T91:X91) -> 0 | AA91: =IFERROR(H91*7.5/E91/7,"")
A92: 더블치즈소시지김밥 | B92: =ROUNDUP(HLOOKUP(A92,'야채 계산기'!$2:$3,2,0)*1.03,0) -> 1329 | I92: =IFERROR((S92*E92),"") -> 0 | J92: =IFERROR(VLOOKUP(C92,[2]Sheet1!$D:$J,7,0),"") | K92: =IFERROR((I92+J92),"") | L92: =IFERROR((G92*H92),"") -> 0 | M92: =IFERROR(K92-L92,"") | N92: =IFERROR((K92/H92),"") | S92: =SUM(Y92,T92:X92) -> 0 | AA92: =IFERROR(H92*7.5/E92/7,"")
A93: 왕돈까스김밥 | B93: =ROUNDUP(HLOOKUP(A93,'야채 계산기'!$2:$3,2,0)*1.03,0) -> 1133 | D93: =IFERROR((F93/E93),"") | I93: =IFERROR((S93*E93),"") -> 0 | J93: =IFERROR(VLOOKUP(C93,[2]Sheet1!$D:$J,7,0),"") | K93: =IFERROR((I93+J93),"") | L93: =IFERROR((G93*H93),"") -> 0 | M93: =IFERROR(K93-L93,"") | N93: =IFERROR((K93/H93),"") | S93: =SUM(Y93,T93:X93) -> 0 | AA93: =IFERROR(H93*7.5/E93/7,"")
A94: 불고기치즈김밥 | B94: =ROUNDUP(HLOOKUP(A94,'야채 계산기'!$2:$3,2,0)*1.03,0) -> 1082 | D94: =IFERROR((F94/E94),"") | I94: =IFERROR((S94*E94),"") -> 0 | J94: =IFERROR(VLOOKUP(C94,[2]Sheet1!$D:$J,7,0),"") | K94: =IFERROR((I94+J94),"") | L94: =IFERROR((G94*H94),"") -> 0 | M94: =IFERROR(K94-L94,"") | N94: =IFERROR((K94/H94),"") | S94: =SUM(Y94,T94:X94) -> 0 | AA94: =IFERROR(H94*7.5/E94/7,"")
A95: 스팸계란치즈김밥 | B95: =ROUNDUP(HLOOKUP(A95,'야채 계산기'!$2:$3,2,0)*1.03,0) -> 1381 | D95: =IFERROR((F95/E95),"") | I95: =IFERROR((S95*E95),"") -> 0 | J95: =IFERROR(VLOOKUP(C95,[2]Sheet1!$D:$J,7,0),"") | K95: =IFERROR((I95+J95),"") | L95: =IFERROR((G95*H95),"") -> 0 | M95: =IFERROR(K95-L95,"") | N95: =IFERROR((K95/H95),"") | S95: =SUM(Y95,T95:X95) -> 0 | AA95: =IFERROR(H95*7.5/E95/7,"")
C96: [상온] 삼각김(투명_들기름) 100매*32개입 | D96: =IFERROR((F96/E96),"") -> 1.1875 | E96: 32 | F96: =IFERROR((L96-K96),"") -> 38 | G96: =G89 -> 6 | H96: =ROUNDUP(SUM(B97:B97)/100,0) -> 33 | I96: =IFERROR((S96*E96),"") -> 96 | J96: =IFERROR(VLOOKUP(C96,[2]Sheet1!$D:$J,7,0),"") -> 64 | K96: =IFERROR((I96+J96),"") -> 160 | L96: =IFERROR((G96*H96),"") -> 198 | M96: =IFERROR(K96-L96,"") -> -38 | N96: =IFERROR((K96/H96),"") -> 4.8484848 | Q96: 10200 | R96: =O96*P96*Q96 -> 0 | S96: =SUM(Y96,T96:X96) -> 3 | V96: 3 | AA96: =IFERROR(H96*7.5/E96/7,"") -> 1.1049107
A97: 삼각)전주비빔 | B97: =ROUNDUP(HLOOKUP(A97,'야채 계산기'!$2:$3,2,0)*1.03,0) -> 3245 | D97: =IFERROR((F97/E97),"") | I97: =IFERROR((S97*E97),"") -> 0 | J97: =IFERROR(VLOOKUP(C97,[2]Sheet1!$D:$J,7,0),"") | K97: =IFERROR((I97+J97),"") | L97: =IFERROR((G97*H97),"") -> 0 | M97: =IFERROR(K97-L97,"") | N97: =IFERROR((K97/H97),"") | R97: =O97*P97*Q97 -> 0 | S97: =SUM(Y97,T97:X97) -> 0 | AA97: =IFERROR(H97*7.5/E97/7,"")
C98: [상온] 구운롤김 600매*8롤 | D98: =IFERROR((F98/E98),"") -> 0.975 | E98: 8 | F98: =IFERROR((L98-K98),"") -> 7.8 | G98: =G96 -> 6 | H98: =ROUNDUP((B99*C99+B100*C100)/450,1) -> 1.3 | I98: =IFERROR((S98*E98),"") -> 0 | J98: =IFERROR(VLOOKUP(C98,[2]Sheet1!$D:$J,7,0),"") -> 0 | K98: =IFERROR((I98+J98),"") -> 0 | L98: =IFERROR((G98*H98),"") -> 7.8 | M98: =IFERROR(K98-L98,"") -> -7.8 | N98: =IFERROR((K98/H98),"") -> 0 | Q98: 85200 | R98: =O98*P98*Q98 -> 0 | S98: =SUM(Y98,T98:X98) -> 0 | AA98: =IFERROR(H98*7.5/E98/7,"") -> 0.17410714
A99: 슈퍼)착한참치마요김밥 | B99: =ROUNDUP(HLOOKUP(A99,'야채 계산기'!$2:$3,2,0)*1.03,0) -> 176 | C99: 1.7 | I99: =IFERROR((S99*E99),"") -> 0 | J99: =IFERROR(VLOOKUP(C99,[2]Sheet1!$D:$J,7,0),"") | K99: =IFERROR((I99+J99),"") | L99: =IFERROR((G99*H99),"") -> 0 | M99: =IFERROR(K99-L99,"") | S99: =SUM(Y99,T99:X99) -> 0 | AA99: =IFERROR(H99*7.5/E99/7,"")
A100: 슈퍼)착한김치김밥 | B100: =ROUNDUP(HLOOKUP(A100,'야채 계산기'!$2:$3,2,0)*1.03,0) -> 145 | C100: 1.7 | I100: =IFERROR((S100*E100),"") -> 0 | J100: =IFERROR(VLOOKUP(C100,[2]Sheet1!$D:$J,7,0),"") | K100: =IFERROR((I100+J100),"") | L100: =IFERROR((G100*H100),"") -> 0 | M100: =IFERROR(K100-L100,"") | S100: =SUM(Y100,T100:X100) -> 0 | AA100: =IFERROR(H100*7.5/E100/7,"")
...

Sheet 마요네즈, 참치
B2: 마요네즈 | D2: 총 필요량 | E2: =SUM(F5:F14) -> 304224.25 | H2: 참치 | J2: 총 필요량 | K2: =SUM(L5:L9) -> 198567.93
B4: 예상수량 | C4: 제품명 | D4: 원물중량 | E4: 1.1 | F4: 필요량 | H4: 예상수량 | I4: 제품명 | J4: 원물중량 | K4: 1.1 | L4: 필요량
B5: =INDEX('야채 계산기'!$3:$3,MATCH(C5,'야채 계산기'!$2:$2,0)) -> 6030 | C5: 더큰)스팸김치볶음밥 | D5: 12.62 | E5: =B5*$E$4 -> 6633 | F5: =D5*E5 -> 83708.46 | H5: =INDEX('야채 계산기'!$3:$3,MATCH(I5,'야채 계산기'!$2:$2,0)) -> 170 | I5: 슈퍼)착한참치마요김밥 | J5: 43.99 | K5: =H5*$E$4 -> 187 | L5: =J5*K5 -> 8226.13
B6: =INDEX('야채 계산기'!$3:$3,MATCH(C6,'야채 계산기'!$2:$2,0)) -> 104 | C6: 슈퍼)착한핫도그(사라다) | D6: ='[1]슈퍼)착한1900핫도그-사라다(25.09.02)'!$B$6 -> 9.7 | E6: =B6*$E$4 -> 114.4 | F6: =D6*E6 -> 1109.68 | H6: =INDEX('야채 계산기'!$3:$3,MATCH(I6,'야채 계산기'!$2:$2,0)) -> 3620 | I6: 더큰)리챔참치마요 | J6: 19.42 | K6: =H6*$E$4 -> 3982 | L6: =J6*K6 -> 77330.44
B7: =INDEX('야채 계산기'!$3:$3,MATCH(C7,'야채 계산기'!$2:$2,0)) -> 1100 | C7: 왕돈까스김밥 | D7: 11.34 | E7: =B7*$E$4 -> 1210 | F7: =D7*E7 -> 13721.4 | H7: =INDEX('야채 계산기'!$3:$3,MATCH(I7,'야채 계산기'!$2:$2,0)) -> 4420 | I7: 종가)들기름묵은지참치 | J7: 11.66 | K7: =H7*$E$4 -> 4862 | L7: =J7*K7 -> 56690.92
B8: =INDEX('야채 계산기'!$3:$3,MATCH(C8,'야채 계산기'!$2:$2,0)) -> 170 | C8: 슈퍼)착한참치마요김밥 | D8: 19.05 | E8: =B8*$E$4 -> 187 | F8: =D8*E8 -> 3562.35 | H8: =INDEX('야채 계산기'!$3:$3,MATCH(I8,'야채 계산기'!$2:$2,0)) -> 1780 | I8: 참치김치볶음김밥 | J8: 21.88 | K8: =H8*$E$4 -> 1958 | L8: =J8*K8 -> 42841.04
B9: =INDEX('야채 계산기'!$3:$3,MATCH(C9,'야채 계산기'!$2:$2,0)) -> 3620 | C9: 더큰)리챔참치마요 | D9: 8.98 | E9: =B9*$E$4 -> 3982 | F9: =D9*E9 -> 35758.36 | H9: =INDEX('야채 계산기'!$3:$3,MATCH(I9,'야채 계산기'!$2:$2,0)) -> 1100 | I9: 무스비)햄&참치김치볶음밥 | J9: 11.14 | K9: =H9*$E$4 -> 1210 | L9: =J9*K9 -> 13479.4
B10: =INDEX('야채 계산기'!$3:$3,MATCH(C10,'야채 계산기'!$2:$2,0)) -> 4420 | C10: 종가)들기름묵은지참치 | D10: 5.39 | E10: =B10*$E$4 -> 4862 | F10: =D10*E10 -> 26206.18
A11: 오뚜기 | B11: =INDEX('야채 계산기'!$3:$3,MATCH(C11,'야채 계산기'!$2:$2,0)) -> 4900 | C11: 더큰)스팸계란볶음밥 | D11: 9.56 | E11: =B11*$E$4 -> 5390 | F11: =D11*E11 -> 51528.4
A12: 오뚜기 | B12: =INDEX('야채 계산기'!$3:$3,MATCH(C12,'야채 계산기'!$2:$2,0)) -> 1780 | C12: 참치김치볶음김밥 | D12: 22.17 | E12: =B12*$E$4 -> 1958 | F12: =D12*E12 -> 43408.86
A13: 오뚜기 | B13: =INDEX('야채 계산기'!$3:$3,MATCH(C13,'야채 계산기'!$2:$2,0)) -> 1100 | C13: 무스비)햄&참치김치볶음밥 | D13: 5.39 | E13: =B13*$E$4 -> 1210 | F13: =D13*E13 -> 6521.9
B14: =INDEX('야채 계산기'!$3:$3,MATCH(C14,'야채 계산기'!$2:$2,0)) -> 1820 | C14: 넷플)K스타일떡갈비김밥 | D14: 19.33 | E14: =B14*$E$4 -> 2002 | F14: =D14*E14 -> 38698.66
C1193: [상온] 오도리가쓰오부시(500g*4ea) | E1193: 4
C1194: ='[1]유우카의알찬정식(25.7.15)'!$B$27 -> 0.51
H1204: =ROUNDUP((B1194*C1194)/500,0) -> 0

Sheet 정제염
B2: 정제염 | D2: 총 필요량 | E2: =SUM(F5:F22) -> 24367.255 | F2: =E2/25000 -> 0.9746902
B4: 예상수량 | C4: 제품명 | D4: 원물중량 | E4: 1.1 | F4: 필요량
B5: =INDEX('야채 계산기'!$3:$3,MATCH(C5,'야채 계산기'!$2:$2,0)) -> 3150 | C5: 삼각)전주비빔 | D5: 0.18 | E5: =B5*$E$4 -> 3465 | F5: =D5*E5 -> 623.7
B6: =INDEX('야채 계산기'!$3:$3,MATCH(C6,'야채 계산기'!$2:$2,0)) -> 1190 | C6: 직화)한돈제육쌈김밥 | D6: 0.82 | E6: =B6*$E$4 -> 1309 | F6: =D6*E6 -> 1073.38 | H6: 취반염수,데침
B7: =INDEX('야채 계산기'!$3:$3,MATCH(C7,'야채 계산기'!$2:$2,0)) -> 6030 | C7: 더큰)스팸김치볶음밥 | D7: 0.37 | E7: =B7*$E$4 -> 6633 | F7: =D7*E7 -> 2454.21
B8: =INDEX('야채 계산기'!$3:$3,MATCH(C8,'야채 계산기'!$2:$2,0)) -> 2090 | C8: NEW스팸무스비 | D8: ='[1]스팸무스비(25.8.26)'!$B$6 -> 0.37 | E8: =B8*$E$4 -> 2299 | F8: =D8*E8 -> 850.63
B9: =INDEX('야채 계산기'!$3:$3,MATCH(C9,'야채 계산기'!$2:$2,0)) -> 2840 | C9: THE근본김밥 | D9: 0.99 | E9: =B9*$E$4 -> 3124 | F9: =D9*E9 -> 3092.76
B10: =INDEX('야채 계산기'!$3:$3,MATCH(C10,'야채 계산기'!$2:$2,0)) -> 1170 | C10: 혜자)반반제육 | D10: 0.09 | E10: =B10*$E$4 -> 1287 | F10: =D10*E10 -> 115.83
B11: =INDEX('야채 계산기'!$3:$3,MATCH(C11,'야채 계산기'!$2:$2,0)) -> 3620 | C11: 더큰)리챔참치마요 | D11: 0.75 | E11: =B11*$E$4 -> 3982 | F11: =D11*E11 -> 2986.5 | H11: 취반염수
B12: =INDEX('야채 계산기'!$3:$3,MATCH(C12,'야채 계산기'!$2:$2,0)) -> 4420 | C12: 종가)들기름묵은지참치 | D12: 0.82 | E12: =B12*$E$4 -> 4862 | F12: =D12*E12 -> 3986.84 | H12: 볶음용
B13: =INDEX('야채 계산기'!$3:$3,MATCH(C13,'야채 계산기'!$2:$2,0)) -> 4900 | C13: 더큰)스팸계란볶음밥 | D13: 0.33 | E13: =B13*$E$4 -> 5390 | F13: =D13*E13 -> 1778.7 | H13: 취반염수
B14: =INDEX('야채 계산기'!$3:$3,MATCH(C14,'야채 계산기'!$2:$2,0)) -> 170 | C14: 슈퍼)착한참치마요김밥 | D14: 2.7 | E14: =B14*$E$4 -> 187 | F14: =D14*E14 -> 504.9 | H14: 취반염수
B15: =INDEX('야채 계산기'!$3:$3,MATCH(C15,'야채 계산기'!$2:$2,0)) -> 1100 | C15: 왕돈까스김밥 | D15: 0.54 | E15: =B15*$E$4 -> 1210 | F15: =D15*E15 -> 653.4 | H15: 데침용
B16: =INDEX('야채 계산기'!$3:$3,MATCH(C16,'야채 계산기'!$2:$2,0)) -> 1050 | C16: 불고기치즈김밥 | D16: 0.9 | E16: =B16*$E$4 -> 1155 | F16: =D16*E16 -> 1039.5
B17: =INDEX('야채 계산기'!$3:$3,MATCH(C17,'야채 계산기'!$2:$2,0)) -> 55 | C17: 슈퍼)착한제육비빔밥 | D17: ='[1]착한비빔밥(25.10.23)'!$B$15 -> 0.17 | E17: =B17*$E$4 -> 60.5 | F17: =D17*E17 -> 10.285
B18: =INDEX('야채 계산기'!$3:$3,MATCH(C18,'야채 계산기'!$2:$2,0)) -> 1290 | C18: 더블치즈소시지김밥 | D18: 0.54 | E18: =B18*$E$4 -> 1419 | F18: =D18*E18 -> 766.26
B19: =INDEX('야채 계산기'!$3:$3,MATCH(C19,'야채 계산기'!$2:$2,0)) -> 1780 | C19: 참치김치볶음김밥 | D19: 0.59 | E19: =B19*$E$4 -> 1958 | F19: =D19*E19 -> 1155.22
B20: =INDEX('야채 계산기'!$3:$3,MATCH(C20,'야채 계산기'!$2:$2,0)) -> 1340 | C20: 스팸계란치즈김밥 | D20: =0.59+0.52+0.25 -> 1.36 | E20: =B20*$E$4 -> 1474 | F20: =D20*E20 -> 2004.64
B21: =INDEX('야채 계산기'!$3:$3,MATCH(C21,'야채 계산기'!$2:$2,0)) -> 140 | C21: 슈퍼)착한김치김밥 | D21: ='[1]착한김치김밥(250612)슈퍼'!$B$5 -> 3.3 | E21: =B21*$E$4 -> 154 | F21: =D21*E21 -> 508.2 | H21: 취반염수,데침
B22: =INDEX('야채 계산기'!$3:$3,MATCH(C22,'야채 계산기'!$2:$2,0)) -> 1100 | C22: 용기)광장시장꼬마김밥 | D22: 0.63 | E22: =B22*$E$4 -> 1210 | F22: =D22*E22 -> 762.3
C375: [냉동] 우유튀김(1kg*10ea)
H1199: =ROUNDUP((B1207*C1207)/500,0) -> 0
C1206: [상온] 오도리가쓰오부시(500g*4ea) | E1206: 4
C1207: ='[1]유우카의알찬정식(25.7.15)'!$B$27 -> 0.51

Sheet 바코드
B2: 삼각바코드 | D2: 총 필요량 | E2: =SUM(F5:F12) -> 25845.9 | H2: 김밥바코드 | J2: 총 필요량 | K2: =SUM(L5:L14) -> 11736.2 | N2: 도시락 바코드 | P2: 총 필요량 | Q2: =SUM(R5:R23) -> 16834.68
B4: 예상수량 | C4: 제품명 | D4: 수량(매수) | E4: 1.01 | F4: 필요량 | H4: 예상수량 | I4: 제품명 | J4: 수량(매수) | K4: 1.01 | L4: 필요량 | N4: 예상수량 | O4: 제품명 | P4: 수량(매수) | Q4: 1.01 | R4: 필요량
B5: =INDEX('야채 계산기'!$3:$3,MATCH(C5,'야채 계산기'!$2:$2,0)) -> 3150 | C5: 삼각)전주비빔 | D5: 1 | E5: =B5*$E$4 -> 3181.5 | F5: =D5*E5 -> 3181.5 | H5: =INDEX('야채 계산기'!$3:$3,MATCH(I5,'야채 계산기'!$2:$2,0)) -> 1290 | I5: 더블치즈소시지김밥 | J5: 1 | K5: =H5*$E$4 -> 1302.9 | L5: =J5*K5 -> 1302.9 | N5: =INDEX('야채 계산기'!$3:$3,MATCH(O5,'야채 계산기'!$2:$2,0)) -> 2200 | O5: 혜자)돌아온명불허전 | P5: 1 | Q5: =N5*$E$4 -> 2222 | R5: =P5*Q5 -> 2222
B6: =INDEX('야채 계산기'!$3:$3,MATCH(C6,'야채 계산기'!$2:$2,0)) -> 6030 | C6: 더큰)스팸김치볶음밥 | D6: 1 | E6: =B6*$E$4 -> 6090.3 | F6: =D6*E6 -> 6090.3 | H6: =INDEX('야채 계산기'!$3:$3,MATCH(I6,'야채 계산기'!$2:$2,0)) -> 170 | I6: 슈퍼)착한참치마요김밥 | J6: 1 | K6: =H6*$E$4 -> 171.7 | L6: =J6*K6 -> 171.7 | N6: =INDEX('야채 계산기'!$3:$3,MATCH(O6,'야채 계산기'!$2:$2,0)) -> 55 | O6: 슈퍼)착한제육비빔밥 | P6: 1 | Q6: =N6*$E$4 -> 55.55 | R6: =P6*Q6 -> 55.55
B7: =INDEX('야채 계산기'!$3:$3,MATCH(C7,'야채 계산기'!$2:$2,0)) -> 4420 | C7: 종가)들기름묵은지참치 | D7: 1 | E7: =B7*$E$4 -> 4464.2 | F7: =D7*E7 -> 4464.2 | H7: =INDEX('야채 계산기'!$3:$3,MATCH(I7,'야채 계산기'!$2:$2,0)) -> 1100 | I7: 왕돈까스김밥 | J7: 1 | K7: =H7*$E$4 -> 1111 | L7: =J7*K7 -> 1111 | N7: =INDEX('야채 계산기'!$3:$3,MATCH(O7,'야채 계산기'!$2:$2,0)) -> 2020 | O7: 혜자)통등심돈까스&치킨까스도시락 | P7: 1 | Q7: =N7*$E$4 -> 2040.2 | R7: =P7*Q7 -> 2040.2
B8: =INDEX('야채 계산기'!$3:$3,MATCH(C8,'야채 계산기'!$2:$2,0)) -> 4900 | C8: 더큰)스팸계란볶음밥 | D8: 1 | E8: =B8*$E$4 -> 4949 | F8: =D8*E8 -> 4949 | H8: =INDEX('야채 계산기'!$3:$3,MATCH(I8,'야채 계산기'!$2:$2,0)) -> 140 | I8: 슈퍼)착한김치김밥 | J8: 1 | K8: =H8*$E$4 -> 141.4 | L8: =J8*K8 -> 141.4 | N8: =INDEX('야채 계산기'!$3:$3,MATCH(O8,'야채 계산기'!$2:$2,0)) -> 810 | O8: NEW혜자)백설갈비양념제육 | P8: 1 | Q8: =N8*$E$4 -> 818.1 | R8: =P8*Q8 -> 818.1
B9: =INDEX('야채 계산기'!$3:$3,MATCH(C9,'야채 계산기'!$2:$2,0)) -> 1630 | C9: 더큰)추석맥적구이한상 | D9: 1 | E9: =B9*$E$4 -> 1646.3 | F9: =D9*E9 -> 1646.3 | H9: =INDEX('야채 계산기'!$3:$3,MATCH(I9,'야채 계산기'!$2:$2,0)) -> 1190 | I9: 직화)한돈제육쌈김밥 | J9: 1 | K9: =H9*$E$4 -> 1201.9 | L9: =J9*K9 -> 1201.9 | N9: =INDEX('야채 계산기'!$3:$3,MATCH(O9,'야채 계산기'!$2:$2,0)) -> 30 | O9: 착한제육덮밥 | P9: 1 | Q9: =N9*$E$4 -> 30.3 | R9: =P9*Q9 -> 30.3
B10: =INDEX('야채 계산기'!$3:$3,MATCH(C10,'야채 계산기'!$2:$2,0)) -> 3620 | C10: 더큰)리챔참치마요 | D10: 1 | E10: =B10*$E$4 -> 3656.2 | F10: =D10*E10 -> 3656.2 | H10: =INDEX('야채 계산기'!$3:$3,MATCH(I10,'야채 계산기'!$2:$2,0)) -> 1050 | I10: 불고기치즈김밥 | J10: 1 | K10: =H10*$E$4 -> 1060.5 | L10: =J10*K10 -> 1060.5 | N10: =INDEX('야채 계산기'!$3:$3,MATCH(O10,'야채 계산기'!$2:$2,0)) -> 640 | O10: 혜자)돌아온등심돈까스 | P10: 1 | Q10: =N10*$E$4 -> 646.4 | R10: =P10*Q10 -> 646.4
B11: =INDEX('야채 계산기'!$3:$3,MATCH(C11,'야채 계산기'!$2:$2,0)) -> 1840 | C11: 더큰)오징어&제육깻잎쌈밥 | D11: 1 | E11: =B11*$E$4 -> 1858.4 | F11: =D11*E11 -> 1858.4 | H11: =INDEX('야채 계산기'!$3:$3,MATCH(I11,'야채 계산기'!$2:$2,0)) -> 1340 | I11: 스팸계란치즈김밥 | J11: 1 | K11: =H11*$E$4 -> 1353.4 | L11: =J11*K11 -> 1353.4 | N11: =INDEX('야채 계산기'!$3:$3,MATCH(O11,'야채 계산기'!$2:$2,0)) -> 1100 | O11: 용기)광장시장꼬마김밥 | P11: 1 | Q11: =N11*$E$4 -> 1111 | R11: =P11*Q11 -> 1111
B12: =INDEX('야채 계산기'!$3:$3,MATCH(C12,'야채 계산기'!$2:$2,0)) -> 0 | C12: 커플)곱창김참치마요&전주비빔 | D12: 2 | E12: =B12*$E$4 -> 0 | F12: =D12*E12 -> 0 | H12: =INDEX('야채 계산기'!$3:$3,MATCH(I12,'야채 계산기'!$2:$2,0)) -> 2840 | I12: THE근본김밥 | J12: 1 | K12: =H12*$E$4 -> 2868.4 | L12: =J12*K12 -> 2868.4 | N12: =INDEX('야채 계산기'!$3:$3,MATCH(O12,'야채 계산기'!$2:$2,0)) -> 0 | O12: 용기)에그햄꼬마김밥 | P12: 1 | Q12: =N12*$E$4 -> 0 | R12: =P12*Q12 -> 0
H13: =INDEX('야채 계산기'!$3:$3,MATCH(I13,'야채 계산기'!$2:$2,0)) -> 1780 | I13: 참치김치볶음김밥 | J13: 1 | K13: =H13*$E$4 -> 1797.8 | L13: =J13*K13 -> 1797.8 | N13: =INDEX('야채 계산기'!$3:$3,MATCH(O13,'야채 계산기'!$2:$2,0)) -> 1080 | O13: 뭘좋아할지몰라다넣어봤어 | P13: 1 | Q13: =N13*$E$4 -> 1090.8 | R13: =P13*Q13 -> 1090.8
H14: =INDEX('야채 계산기'!$3:$3,MATCH(I14,'야채 계산기'!$2:$2,0)) -> 720 | I14: 필름)진미채치즈김밥 | J14: 1 | K14: =H14*$E$4 -> 727.2 | L14: =J14*K14 -> 727.2 | N14: =INDEX('야채 계산기'!$3:$3,MATCH(O14,'야채 계산기'!$2:$2,0)) -> 2090 | O14: NEW스팸무스비 | P14: 1 | Q14: =N14*$E$4 -> 2110.9 | R14: =P14*Q14 -> 2110.9
N15: =INDEX('야채 계산기'!$3:$3,MATCH(O15,'야채 계산기'!$2:$2,0)) -> 440 | O15: 무스비)햄&청양불고기 | P15: 1 | Q15: =N15*$E$4 -> 444.4 | R15: =P15*Q15 -> 444.4
N16: =INDEX('야채 계산기'!$3:$3,MATCH(O16,'야채 계산기'!$2:$2,0)) -> 1100 | O16: 무스비)햄&참치김치볶음밥 | P16: 1 | Q16: =N16*$E$4 -> 1111 | R16: =P16*Q16 -> 1111
N17: =INDEX('야채 계산기'!$3:$3,MATCH(O17,'야채 계산기'!$2:$2,0)) -> 1170 | O17: 혜자)반반제육 | P17: 1 | Q17: =N17*$E$4 -> 1181.7 | R17: =P17*Q17 -> 1181.7
N18: =INDEX('야채 계산기'!$3:$3,MATCH(O18,'야채 계산기'!$2:$2,0)) -> 129 | O18: 슈퍼)착한핫도그(오리지널) | P18: 1 | Q18: =N18*$E$4 -> 130.29 | R18: =P18*Q18 -> 130.29
N19: =INDEX('야채 계산기'!$3:$3,MATCH(O19,'야채 계산기'!$2:$2,0)) -> 1470 | O19: 두부김치제육 | P19: 1 | Q19: =N19*$E$4 -> 1484.7 | R19: =P19*Q19 -> 1484.7
N20: =INDEX('야채 계산기'!$3:$3,MATCH(O20,'야채 계산기'!$2:$2,0)) -> 104 | O20: 슈퍼)착한핫도그(사라다) | P20: 1 | Q20: =N20*$E$4 -> 105.04 | R20: =P20*Q20 -> 105.04
N21: =INDEX('야채 계산기'!$3:$3,MATCH(O21,'야채 계산기'!$2:$2,0)) -> 1680 | O21: 혜자)두툼돈까스&순창제육도시락 | P21: 1 | Q21: =N21*$E$4 -> 1696.8 | R21: =P21*Q21 -> 1696.8
N22: =INDEX('야채 계산기'!$3:$3,MATCH(O22,'야채 계산기'!$2:$2,0)) -> 0 | O22: 쯔양)매콤흑당치킨&골뱅이 | P22: 1 | Q22: =N22*$E$4 -> 0 | R22: =P22*Q22 -> 0
N23: =INDEX('야채 계산기'!$3:$3,MATCH(O23,'야채 계산기'!$2:$2,0)) -> 550 | O23: 이달의도시락10월 | P23: 1 | Q23: =N23*$E$4 -> 555.5 | R23: =P23*Q23 -> 555.5

Sheet 볶음참깨, 참기름
B2: 볶음참깨 | D2: 총 필요량 | E2: =SUM(F5:F26) -> 30112.5 | H2: 참기름(1.8L) | J2: 총 필요량 | K2: =SUM(L5:L27) -> 52254.785 | P2: 참기름(16.5KG/통) | R2: 총 필요량 | S2: =SUM(T5:T20) -> 5516.83
B4: 예상수량 | C4: 제품명 | D4: 원물중량 | E4: 1.1 | F4: 필요량 | H4: 예상수량 | I4: 제품명 | J4: 원물중량 | K4: 1.1 | L4: 필요량 | P4: 예상수량 | Q4: 제품명 | R4: 원물중량 | S4: 1.1 | T4: 필요량
B5: =INDEX('야채 계산기'!$3:$3,MATCH(C5,'야채 계산기'!$2:$2,0)) -> 3150 | C5: 삼각)전주비빔 | D5: 0.51 | E5: =B5*$E$4 -> 3465 | F5: =D5*E5 -> 1767.15 | H5: =INDEX('야채 계산기'!$3:$3,MATCH(I5,'야채 계산기'!$2:$2,0)) -> 3150 | I5: 삼각)전주비빔 | J5: 1.02 | K5: =H5*$E$4 -> 3465 | L5: =J5*K5 -> 3534.3 | P5: =INDEX('야채 계산기'!$3:$3,MATCH(Q5,'야채 계산기'!$2:$2,0)) -> 3150 | Q5: 삼각)전주비빔 | S5: =P5*$E$4 -> 3465 | T5: =R5*S5 -> 0
B6: =INDEX('야채 계산기'!$3:$3,MATCH(C6,'야채 계산기'!$2:$2,0)) -> 3620 | C6: 더큰)리챔참치마요 | D6: 0.17 | E6: =B6*$E$4 -> 3982 | F6: =D6*E6 -> 676.94 | H6: =INDEX('야채 계산기'!$3:$3,MATCH(I6,'야채 계산기'!$2:$2,0)) -> 3620 | I6: 더큰)리챔참치마요 | J6: 0 | K6: =H6*$E$4 -> 3982 | L6: =J6*K6 -> 0 | P6: =INDEX('야채 계산기'!$3:$3,MATCH(Q6,'야채 계산기'!$2:$2,0)) -> 3620 | Q6: 더큰)리챔참치마요 | R6: 0.32 | S6: =P6*$E$4 -> 3982 | T6: =R6*S6 -> 1274.24
A7: 취반용 | B7: =INDEX('야채 계산기'!$3:$3,MATCH(C7,'야채 계산기'!$2:$2,0)) -> 1340 | C7: 스팸계란치즈김밥 | D7: 1.03 | E7: =B7*$E$4 -> 1474 | F7: =D7*E7 -> 1518.22 | H7: =INDEX('야채 계산기'!$3:$3,MATCH(I7,'야채 계산기'!$2:$2,0)) -> 2090 | I7: NEW스팸무스비 | J7: ='[1]스팸무스비(25.8.26)'!$B$9 -> 1.98 | K7: =H7*$E$4 -> 2299 | L7: =J7*K7 -> 4552.02 | P7: =INDEX('야채 계산기'!$3:$3,MATCH(Q7,'야채 계산기'!$2:$2,0)) -> 4420 | Q7: 종가)들기름묵은지참치 | R7: 0.35 | S7: =P7*$E$4 -> 4862 | T7: =R7*S7 -> 1701.7
A8: 취반용 | B8: =INDEX('야채 계산기'!$3:$3,MATCH(C8,'야채 계산기'!$2:$2,0)) -> 1100 | C8: 왕돈까스김밥 | D8: 2.5 | E8: =B8*$E$4 -> 1210 | F8: =D8*E8 -> 3025 | H8: =INDEX('야채 계산기'!$3:$3,MATCH(I8,'야채 계산기'!$2:$2,0)) -> 170 | I8: 슈퍼)착한참치마요김밥 | J8: 1.82 | K8: =H8*$E$4 -> 187 | L8: =J8*K8 -> 340.34 | P8: =INDEX('야채 계산기'!$3:$3,MATCH(Q8,'야채 계산기'!$2:$2,0)) -> 2090 | Q8: NEW스팸무스비 | S8: =P8*$E$4 -> 2299 | T8: =R8*S8 -> 0
A9: 취반용 | B9: =INDEX('야채 계산기'!$3:$3,MATCH(C9,'야채 계산기'!$2:$2,0)) -> 1050 | C9: 불고기치즈김밥 | D9: 1.2 | E9: =B9*$E$4 -> 1155 | F9: =D9*E9 -> 1386 | H9: =INDEX('야채 계산기'!$3:$3,MATCH(I9,'야채 계산기'!$2:$2,0)) -> 1100 | I9: 용기)광장시장꼬마김밥 | J9: 2.56 | K9: =H9*$E$4 -> 1210 | L9: =J9*K9 -> 3097.6 | P9: =INDEX('야채 계산기'!$3:$3,MATCH(Q9,'야채 계산기'!$2:$2,0)) -> 170 | Q9: 슈퍼)착한참치마요김밥 | S9: =P9*$E$4 -> 187 | T9: =R9*S9 -> 0
A10: 취반용 | B10: =INDEX('야채 계산기'!$3:$3,MATCH(C10,'야채 계산기'!$2:$2,0)) -> 1170 | C10: 혜자)반반제육 | D10: 1.39 | E10: =B10*$E$4 -> 1287 | F10: =D10*E10 -> 1788.93 | H10: =INDEX('야채 계산기'!$3:$3,MATCH(I10,'야채 계산기'!$2:$2,0)) -> 0 | I10: 용기)에그햄꼬마김밥 | J10: 2.56 | K10: =H10*$E$4 -> 0 | L10: =J10*K10 -> 0 | P10: =INDEX('야채 계산기'!$3:$3,MATCH(Q10,'야채 계산기'!$2:$2,0)) -> 0 | Q10: N혜자)불고기오징어제육 | S10: =P10*$E$4 -> 0 | T10: =R10*S10 -> 0
A11: 취반용 | B11: =INDEX('야채 계산기'!$3:$3,MATCH(C11,'야채 계산기'!$2:$2,0)) -> 1100 | C11: 용기)광장시장꼬마김밥 | D11: 1.71 | E11: =B11*$E$4 -> 1210 | F11: =D11*E11 -> 2069.1 | H11: =INDEX('야채 계산기'!$3:$3,MATCH(I11,'야채 계산기'!$2:$2,0)) -> 6030 | I11: 더큰)스팸김치볶음밥 | J11: 1.13 | K11: =H11*$E$4 -> 6633 | L11: =J11*K11 -> 7495.29 | P11: =INDEX('야채 계산기'!$3:$3,MATCH(Q11,'야채 계산기'!$2:$2,0)) -> 6030 | Q11: 더큰)스팸김치볶음밥 | S11: =P11*$E$4 -> 6633 | T11: =R11*S11 -> 0
B12: =INDEX('야채 계산기'!$3:$3,MATCH(C12,'야채 계산기'!$2:$2,0)) -> 0 | C12: 용기)에그햄꼬마김밥 | D12: 2.22 | E12: =B12*$E$4 -> 0 | F12: =D12*E12 -> 0 | H12: =INDEX('야채 계산기'!$3:$3,MATCH(I12,'야채 계산기'!$2:$2,0)) -> 55 | I12: 슈퍼)착한제육비빔밥 | J12: ='[1]착한비빔밥(25.10.23)'!$B$14 -> 0.47 | K12: =H12*$E$4 -> 60.5 | L12: =J12*K12 -> 28.435 | N12: 로터리용 | P12: =INDEX('야채 계산기'!$3:$3,MATCH(Q12,'야채 계산기'!$2:$2,0)) -> 55 | Q12: 슈퍼)착한제육비빔밥 | S12: =P12*$E$4 -> 60.5 | T12: =R12*S12 -> 0
B13: =INDEX('야채 계산기'!$3:$3,MATCH(C13,'야채 계산기'!$2:$2,0)) -> 2200 | C13: 혜자)돌아온명불허전 | D13: 1.05 | E13: =B13*$E$4 -> 2420 | F13: =D13*E13 -> 2541 | H13: =INDEX('야채 계산기'!$3:$3,MATCH(I13,'야채 계산기'!$2:$2,0)) -> 1190 | I13: 직화)한돈제육쌈김밥 | J13: 0.51 | K13: =H13*$E$4 -> 1309 | L13: =J13*K13 -> 667.59 | N13: 유장용 | P13: =INDEX('야채 계산기'!$3:$3,MATCH(Q13,'야채 계산기'!$2:$2,0)) -> 1190 | Q13: 직화)한돈제육쌈김밥 | R13: 0.89 | S13: =P13*$E$4 -> 1309 | T13: =R13*S13 -> 1165.01
A14: 볶음용,토핑용 | B14: =INDEX('야채 계산기'!$3:$3,MATCH(C14,'야채 계산기'!$2:$2,0)) -> 55 | C14: 슈퍼)착한제육비빔밥 | D14: 0.42 | E14: =B14*$E$4 -> 60.5 | F14: =D14*E14 -> 25.41 | H14: =INDEX('야채 계산기'!$3:$3,MATCH(I14,'야채 계산기'!$2:$2,0)) -> 1170 | I14: 혜자)반반제육 | J14: 0.85 | K14: =H14*$E$4 -> 1287 | L14: =J14*K14 -> 1093.95 | N14: 볶음용 | P14: =INDEX('야채 계산기'!$3:$3,MATCH(Q14,'야채 계산기'!$2:$2,0)) -> 2840 | Q14: THE근본김밥 | S14: =P14*$E$4 -> 3124 | T14: =R14*S14 -> 0
A15: 로터리용 | B15: =INDEX('야채 계산기'!$3:$3,MATCH(C15,'야채 계산기'!$2:$2,0)) -> 810 | C15: NEW혜자)백설갈비양념제육 | D15: 0.51 | E15: =B15*$E$4 -> 891 | F15: =D15*E15 -> 454.41 | H15: =INDEX('야채 계산기'!$3:$3,MATCH(I15,'야채 계산기'!$2:$2,0)) -> 2840 | I15: THE근본김밥 | J15: 3.07 | K15: =H15*$E$4 -> 3124 | L15: =J15*K15 -> 9590.68 | N15: 로터리용 | P15: =INDEX('야채 계산기'!$3:$3,MATCH(Q15,'야채 계산기'!$2:$2,0)) -> 1290 | Q15: 더블치즈소시지김밥 | S15: =P15*$E$4 -> 1419 | T15: =R15*S15 -> 0
B16: =INDEX('야채 계산기'!$3:$3,MATCH(C16,'야채 계산기'!$2:$2,0)) -> 2840 | C16: THE근본김밥 | D16: 1.2 | E16: =B16*$E$4 -> 3124 | F16: =D16*E16 -> 3748.8 | H16: =INDEX('야채 계산기'!$3:$3,MATCH(I16,'야채 계산기'!$2:$2,0)) -> 1290 | I16: 더블치즈소시지김밥 | J16: 1 | K16: =H16*$E$4 -> 1419 | L16: =J16*K16 -> 1419 | P16: =INDEX('야채 계산기'!$3:$3,MATCH(Q16,'야채 계산기'!$2:$2,0)) -> 30 | Q16: 착한제육덮밥 | R16: 1.94 | S16: =P16*$E$4 -> 33 | T16: =R16*S16 -> 64.02
B17: =INDEX('야채 계산기'!$3:$3,MATCH(C17,'야채 계산기'!$2:$2,0)) -> 1190 | C17: 직화)한돈제육쌈김밥 | D17: 1.03 | E17: =B17*$E$4 -> 1309 | F17: =D17*E17 -> 1348.27 | H17: =INDEX('야채 계산기'!$3:$3,MATCH(I17,'야채 계산기'!$2:$2,0)) -> 4900 | I17: 더큰)스팸계란볶음밥 | J17: 1.18 | K17: =H17*$E$4 -> 5390 | L17: =J17*K17 -> 6360.2 | P17: =INDEX('야채 계산기'!$3:$3,MATCH(Q17,'야채 계산기'!$2:$2,0)) -> 1100 | Q17: 왕돈까스김밥 | S17: =P17*$E$4 -> 1210 | T17: =R17*S17 -> 0 | V17: 취반용
B18: =INDEX('야채 계산기'!$3:$3,MATCH(C18,'야채 계산기'!$2:$2,0)) -> 1290 | C18: 더블치즈소시지김밥 | D18: 0.95 | E18: =B18*$E$4 -> 1419 | F18: =D18*E18 -> 1348.05 | H18: =INDEX('야채 계산기'!$3:$3,MATCH(I18,'야채 계산기'!$2:$2,0)) -> 1100 | I18: 왕돈까스김밥 | J18: 0.51 | K18: =H18*$E$4 -> 1210 | L18: =J18*K18 -> 617.1 | N18: 계량용 | P18: =INDEX('야채 계산기'!$3:$3,MATCH(Q18,'야채 계산기'!$2:$2,0)) -> 1050 | Q18: 불고기치즈김밥 | S18: =P18*$E$4 -> 1155 | T18: =R18*S18 -> 0
B19: =INDEX('야채 계산기'!$3:$3,MATCH(C19,'야채 계산기'!$2:$2,0)) -> 4420 | C19: 종가)들기름묵은지참치 | D19: 0.18 | E19: =B19*$E$4 -> 4862 | F19: =D19*E19 -> 875.16 | H19: =INDEX('야채 계산기'!$3:$3,MATCH(I19,'야채 계산기'!$2:$2,0)) -> 1050 | I19: 불고기치즈김밥 | J19: 0.51 | K19: =H19*$E$4 -> 1155 | L19: =J19*K19 -> 589.05 | N19: 계량용 | P19: =INDEX('야채 계산기'!$3:$3,MATCH(Q19,'야채 계산기'!$2:$2,0)) -> 1340 | Q19: 스팸계란치즈김밥 | R19: 0.89 | S19: =P19*$E$4 -> 1474 | T19: =R19*S19 -> 1311.86
B20: =INDEX('야채 계산기'!$3:$3,MATCH(C20,'야채 계산기'!$2:$2,0)) -> 2020 | C20: 혜자)통등심돈까스&치킨까스도시락 | D20: 0.1 | E20: =B20*$E$4 -> 2222 | F20: =D20*E20 -> 222.2 | H20: =INDEX('야채 계산기'!$3:$3,MATCH(I20,'야채 계산기'!$2:$2,0)) -> 1340 | I20: 스팸계란치즈김밥 | J20: 0.52 | K20: =H20*$E$4 -> 1474 | L20: =J20*K20 -> 766.48 | N20: 유장용 | P20: =INDEX('야채 계산기'!$3:$3,MATCH(Q20,'야채 계산기'!$2:$2,0)) -> 140 | Q20: 슈퍼)착한김치김밥 | S20: =P20*$E$4 -> 154 | T20: =R20*S20 -> 0
B21: =INDEX('야채 계산기'!$3:$3,MATCH(C21,'야채 계산기'!$2:$2,0)) -> 1100 | C21: 무스비)햄&참치김치볶음밥 | D21: 0.59 | E21: =B21*$E$4 -> 1210 | F21: =D21*E21 -> 713.9 | H21: =INDEX('야채 계산기'!$3:$3,MATCH(I21,'야채 계산기'!$2:$2,0)) -> 140 | I21: 슈퍼)착한김치김밥 | J21: ='[1]착한김치김밥(250612)슈퍼'!$B$23 -> 0.68 | K21: =H21*$E$4 -> 154 | L21: =J21*K21 -> 104.72 | N21: 유장용
A22: 취반용 | B22: =INDEX('야채 계산기'!$3:$3,MATCH(C22,'야채 계산기'!$2:$2,0)) -> 550 | C22: 이달의도시락10월 | D22: 0.31 | E22: =B22*$E$4 -> 605 | F22: =D22*E22 -> 187.55 | H22: =INDEX('야채 계산기'!$3:$3,MATCH(I22,'야채 계산기'!$2:$2,0)) -> 1630 | I22: 더큰)추석맥적구이한상 | J22: 2.5 | K22: =H22*$E$4 -> 1793 | L22: =J22*K22 -> 4482.5 | N22: 유장용
B23: =INDEX('야채 계산기'!$3:$3,MATCH(C23,'야채 계산기'!$2:$2,0)) -> 720 | C23: 필름)진미채치즈김밥 | D23: 1.03 | E23: =B23*$E$4 -> 792 | F23: =D23*E23 -> 815.76 | H23: =INDEX('야채 계산기'!$3:$3,MATCH(I23,'야채 계산기'!$2:$2,0)) -> 1100 | I23: 무스비)햄&참치김치볶음밥 | J23: 1.98 | K23: =H23*$E$4 -> 1210 | L23: =J23*K23 -> 2395.8 | N23: 유장용 | V23: 취반용
A24: 취반용 | B24: =INDEX('야채 계산기'!$3:$3,MATCH(C24,'야채 계산기'!$2:$2,0)) -> 1680 | C24: 혜자)두툼돈까스&순창제육도시락 | D24: 0.77 | E24: =B24*$E$4 -> 1848 | F24: =D24*E24 -> 1422.96 | H24: =INDEX('야채 계산기'!$3:$3,MATCH(I24,'야채 계산기'!$2:$2,0)) -> 1780 | I24: 참치김치볶음김밥 | J24: 1.25 | K24: =H24*$E$4 -> 1958 | L24: =J24*K24 -> 2447.5 | N24: 믹싱용
B25: =INDEX('야채 계산기'!$3:$3,MATCH(C25,'야채 계산기'!$2:$2,0)) -> 1630 | C25: 더큰)추석맥적구이한상 | D25: 2.33 | E25: =B25*$E$4 -> 1793 | F25: =D25*E25 -> 4177.69 | H25: =INDEX('야채 계산기'!$3:$3,MATCH(I25,'야채 계산기'!$2:$2,0)) -> 720 | I25: 필름)진미채치즈김밥 | J25: 0.89 | K25: =H25*$E$4 -> 792 | L25: =J25*K25 -> 704.88
B26: =INDEX('야채 계산기'!$3:$3,MATCH(C26,'야채 계산기'!$2:$2,0)) -> 0 | C26: 쯔양)매콤흑당치킨&골뱅이 | D26: 0.51 | E26: =B26*$E$4 -> 0 | F26: =D26*E26 -> 0 | H26: =INDEX('야채 계산기'!$3:$3,MATCH(I26,'야채 계산기'!$2:$2,0)) -> 2020 | I26: 혜자)통등심돈까스&치킨까스도시락 | J26: 0.85 | K26: =H26*$E$4 -> 2222 | L26: =J26*K26 -> 1888.7
H27: =INDEX('야채 계산기'!$3:$3,MATCH(I27,'야채 계산기'!$2:$2,0)) -> 550 | I27: 이달의도시락10월 | J27: 0.13 | K27: =H27*$E$4 -> 605 | L27: =J27*K27 -> 78.65
