Workbook

Sheet 발주현황(카톡보내기)
B2: 매 출 현 황
J3: (단위 : 수량, 원, %) | M3: 아래 수식 건들지 마세요~!!!
B4: 분류 | C4: 품명 | D4: =TODAY() -> 46324 | E4: =D4+1 -> 46325 | G4: 비고 | I4: 제품명 | J4: 1편 | K4: 2편 | L4: 1편합계 | M4: 2편합계
D5: 1편(오후) | E5: 2편 (오전) | F5: 합계 수량
B6: 삼각 | C6: 삼각)전주비빔 | D6: =L6 -> 1583 | E6: =M6 -> 1094 | F6: =D6+E6 -> 2677 | G6: =IFERROR(F6/#REF!,"") | I6: 삼각)전주비빔 | J6: =IFERROR(IF(I6="","",SUMIF([1]작업지시서!$D$7:$D$118,"*"&$I6,[1]작업지시서!$E$7:$E$119)),"") -> 1583 | K6: =IFERROR(IF(I6="","",SUMIF([2]작업지시서!$D$7:$D$123,"*"&$I6,[2]작업지시서!$E$7:$E$123)),"") -> 1094 | L6: =J6 -> 1583 | M6: =K6 -> 1094
D7: =L7 | E7: =M7 | J7: =IFERROR(IF(I7="","",SUMIF([1]작업지시서!$D$7:$D$118,"*"&$I7,[1]작업지시서!$E$7:$E$119)),"") | K7: =IFERROR(IF(I7="","",SUMIF([2]작업지시서!$D$7:$D$123,"*"&$I7,[2]작업지시서!$E$7:$E$123)),"") | L7: =J7 | M7: =K7
D8: =L8 | E8: =M8 | J8: =IFERROR(IF(I8="","",SUMIF([1]작업지시서!$D$7:$D$118,"*"&$I8,[1]작업지시서!$E$7:$E$119)),"") | K8: =IFERROR(IF(I8="","",SUMIF([2]작업지시서!$D$7:$D$123,"*"&$I8,[2]작업지시서!$E$7:$E$123)),"") | L8: =J8 | M8: =K8
C9: 삼각)저당전주비빔 | D9: =L9 -> 0 | E9: =M9 -> 0 | F9: =D9+E9 -> 0 | I9: 삼각)저당전주비빔 | J9: =IFERROR(IF(I9="","",SUMIF([1]작업지시서!$D$7:$D$118,"*"&$I9,[1]작업지시서!$E$7:$E$119)),"") -> 0 | K9: =IFERROR(IF(I9="","",SUMIF([2]작업지시서!$D$7:$D$123,"*"&$I9,[2]작업지시서!$E$7:$E$123)),"") -> 0 | L9: =J9 -> 0 | M9: =K9 -> 0
D10: =L10 | E10: =M10 | G10: =IFERROR(F10/#REF!,"") | J10: =IFERROR(IF(I10="","",SUMIF([1]작업지시서!$D$7:$D$118,"*"&$I10,[1]작업지시서!$E$7:$E$119)),"") | K10: =IFERROR(IF(I10="","",SUMIF([2]작업지시서!$D$7:$D$123,"*"&$I10,[2]작업지시서!$E$7:$E$123)),"") | L10: =J10 | M10: =K10
D11: =L11 | E11: =M11 | G11: =IFERROR(F11/#REF!,"") | J11: =IFERROR(IF(I11="","",SUMIF([1]작업지시서!$D$7:$D$118,"*"&$I11,[1]작업지시서!$E$7:$E$119)),"") | K11: =IFERROR(IF(I11="","",SUMIF([2]작업지시서!$D$7:$D$123,"*"&$I11,[2]작업지시서!$E$7:$E$123)),"") | L11: =J11 | M11: =K11
D12: =L12 | E12: =M12 | G12: =IFERROR(F12/#REF!,"") | J12: =IFERROR(IF(I12="","",SUMIF([1]작업지시서!$D$7:$D$118,""&$I12,[1]작업지시서!$E$7:$E$119)),"") | K12: =IFERROR(IF(I12="","",SUMIF([2]작업지시서!$D$7:$D$123,"*"&$I12,[2]작업지시서!$E$7:$E$123)),"") | L12: =J12 | M12: =K12
D13: =L13 | E13: =M13 | G13: =IFERROR(F13/#REF!,"") | J13: =IFERROR(IF(I13="","",SUMIF([1]작업지시서!$D$7:$D$118,""&$I13,[1]작업지시서!$E$7:$E$119)),"") | K13: =IFERROR(IF(I13="","",SUMIF([2]작업지시서!$D$7:$D$123,"*"&$I13,[2]작업지시서!$E$7:$E$123)),"") | L13: =J13 | M13: =K13
D14: =L14 | E14: =M14 | J14: =IFERROR(IF(I14="","",SUMIF([1]작업지시서!$D$7:$D$118,""&$I14,[1]작업지시서!$E$7:$E$119)),"") | K14: =IFERROR(IF(I14="","",SUMIF([2]작업지시서!$D$7:$D$123,"*"&$I14,[2]작업지시서!$E$7:$E$123)),"") | L14: =J14 | M14: =K14
D15: =L15 | E15: =M15 | J15: =IFERROR(IF(I15="","",SUMIF([1]작업지시서!$D$7:$D$118,"*"&$I15,[1]작업지시서!$E$7:$E$119)),"") | K15: =IFERROR(IF(I15="","",SUMIF([2]작업지시서!$D$7:$D$123,"*"&$I15,[2]작업지시서!$E$7:$E$123)),"") | L15: =J15 | M15: =K15
D16: =L16 | E16: =M16 | G16: =IFERROR(F16/#REF!,"") | J16: =IFERROR(IF(I16="","",SUMIF([1]작업지시서!$D$7:$D$118,"*"&$I16,[1]작업지시서!$E$7:$E$119)),"") | K16: =IFERROR(IF(I16="","",SUMIF([2]작업지시서!$D$7:$D$123,"*"&$I16,[2]작업지시서!$E$7:$E$123)),"") | L16: =J16 | M16: =K16
D17: =L17 | E17: =M17 | G17: =IFERROR(F17/#REF!,"") | J17: =IFERROR(IF(I17="","",SUMIF([1]작업지시서!$D$7:$D$118,""&$I17,[1]작업지시서!$E$7:$E$119)),"") | K17: =IFERROR(IF(I17="","",SUMIF([2]작업지시서!$D$7:$D$123,"*"&$I17,[2]작업지시서!$E$7:$E$123)),"") | L17: =J17 | M17: =K17
D18: =L18 | E18: =M18 | G18: =IFERROR(F18/#REF!,"") | J18: =IFERROR(IF(I18="","",SUMIF([1]작업지시서!$D$7:$D$118,"*"&$I18,[1]작업지시서!$E$7:$E$119)),"") | K18: =IFERROR(IF(I18="","",SUMIF([2]작업지시서!$D$7:$D$123,"*"&$I18,[2]작업지시서!$E$7:$E$123)),"") | L18: =J18 | M18: =K18
D19: =L19 | E19: =M19 | G19: =IFERROR(F19/#REF!,"") | J19: =IFERROR(IF(I19="","",SUMIF([1]작업지시서!$D$7:$D$118,"*"&$I19,[1]작업지시서!$E$7:$E$119)),"") | K19: =IFERROR(IF(I19="","",SUMIF([2]작업지시서!$D$7:$D$123,"*"&$I19,[2]작업지시서!$E$7:$E$123)),"") | L19: =J19 | M19: =K19
D20: =L20 | E20: =M20 | G20: =IFERROR(F20/#REF!,"") | J20: =IFERROR(IF(I20="","",SUMIF([1]작업지시서!$D$7:$D$118,"*"&$I20,[1]작업지시서!$E$7:$E$119)),"") | K20: =IFERROR(IF(I20="","",SUMIF([2]작업지시서!$D$7:$D$123,"*"&$I20,[2]작업지시서!$E$7:$E$123)),"") | L20: =J20 | M20: =K20
D21: =L21 | E21: =M21 | G21: =IFERROR(F21/#REF!,"") | J21: =IFERROR(IF(I21="","",SUMIF([1]작업지시서!$D$7:$D$118,"*"&$I21,[1]작업지시서!$E$7:$E$119)),"") | K21: =IFERROR(IF(I21="","",SUMIF([2]작업지시서!$D$7:$D$123,"*"&$I21,[2]작업지시서!$E$7:$E$123)),"") | L21: =J21 | M21: =K21
D22: =L22 | E22: =M22 | G22: =IFERROR(F22/#REF!,"") | J22: =IFERROR(IF(I22="","",SUMIF([1]작업지시서!$D$7:$D$118,"*"&$I22,[1]작업지시서!$E$7:$E$119)),"") | K22: =IFERROR(IF(I22="","",SUMIF([2]작업지시서!$D$7:$D$123,"*"&$I22,[2]작업지시서!$E$7:$E$123)),"") | L22: =J22 | M22: =K22
D23: =L23 | E23: =M23 | G23: =IFERROR(F23/#REF!,"") | J23: =IFERROR(IF(I23="","",SUMIF([1]작업지시서!$D$7:$D$118,"*"&$I23,[1]작업지시서!$E$7:$E$119)),"") | K23: =IFERROR(IF(I23="","",SUMIF([2]작업지시서!$D$7:$D$123,"*"&$I23,[2]작업지시서!$E$7:$E$123)),"") | L23: =J23 | M23: =K23
D24: =L24 | E24: =M24 | G24: =IFERROR(F24/#REF!,"") | J24: =IFERROR(IF(I24="","",SUMIF([1]작업지시서!$D$7:$D$118,"*"&$I24,[1]작업지시서!$E$7:$E$119)),"") | K24: =IFERROR(IF(I24="","",SUMIF([2]작업지시서!$D$7:$D$123,"*"&$I24,[2]작업지시서!$E$7:$E$123)),"") | L24: =J24 | M24: =K24
C25: =B6&" 소계" -> 삼각 소계 | D25: =SUM(D6:D24) -> 1583 | E25: =SUM(E6:E24) -> 1094 | F25: =SUM(F6:F24) -> 2677 | G25: =IFERROR(F25/#REF!,"") | J25: =IFERROR(IF(I25="","",SUMIF([1]작업지시서!$D$7:$D$118,"*"&$I25,[1]작업지시서!$E$7:$E$119)),"") | K25: =IFERROR(IF(I25="","",SUMIF([2]작업지시서!$D$7:$D$123,"*"&$I25,[2]작업지시서!$E$7:$E$123)),"") | L25: =J25 | M25: =K25
D26: =L26 | E26: =M26 | G26: =IFERROR(F26/#REF!,"") | J26: =IFERROR(IF(I26="","",SUMIF([1]작업지시서!$D$7:$D$118,"*"&$I26,[1]작업지시서!$E$7:$E$119)),"") | K26: =IFERROR(IF(I26="","",SUMIF([2]작업지시서!$D$7:$D$123,"*"&$I26,[2]작업지시서!$E$7:$E$123)),"") | L26: =J26 | M26: =K26
D27: =L27 | E27: =M27 | G27: =IFERROR(F27/#REF!,"") | J27: =IFERROR(IF(I27="","",SUMIF([1]작업지시서!$D$7:$D$118,"*"&$I27,[1]작업지시서!$E$7:$E$119)),"") | K27: =IFERROR(IF(I27="","",SUMIF([2]작업지시서!$D$7:$D$123,"*"&$I27,[2]작업지시서!$E$7:$E$123)),"") | L27: =J27 | M27: =K27
D28: =L28 | E28: =M28 | G28: =IFERROR(F28/#REF!,"") | J28: =IFERROR(IF(I28="","",SUMIF([1]작업지시서!$D$7:$D$118,"*"&$I28,[1]작업지시서!$E$7:$E$119)),"") | K28: =IFERROR(IF(I28="","",SUMIF([2]작업지시서!$D$7:$D$123,"*"&$I28,[2]작업지시서!$E$7:$E$123)),"") | L28: =J28 | M28: =K28
D29: =L29 | E29: =M29 | G29: =IFERROR(F29/#REF!,"") | J29: =IFERROR(IF(I29="","",SUMIF([1]작업지시서!$D$7:$D$118,"*"&$I29,[1]작업지시서!$E$7:$E$119)),"") | K29: =IFERROR(IF(I29="","",SUMIF([2]작업지시서!$D$7:$D$123,"*"&$I29,[2]작업지시서!$E$7:$E$123)),"") | L29: =J29 | M29: =K29
G30: =IFERROR(F30/#REF!,"")
G31: =IFERROR(F31/#REF!,"")
B32: 더큰 삼각 | C32: 더큰)스팸김치볶음밥 | D32: =L32 -> 2881 | E32: =M32 -> 2128 | F32: =D32+E32 -> 5009 | G32: =IFERROR(F32/#REF!,"") | I32: 더큰)스팸김치볶음밥 | J32: =IFERROR(IF(I32="","",SUMIF([1]작업지시서!$D$7:$D$118,"*"&$I32,[1]작업지시서!$E$7:$E$119)),"") -> 2881 | K32: =IFERROR(IF(I32="","",SUMIF([2]작업지시서!$D$7:$D$123,"*"&$I32,[2]작업지시서!$E$7:$E$123)),"") -> 2128 | L32: =J32 -> 2881 | M32: =K32 -> 2128
C33: NEW스팸무스비 | D33: =L33 -> 935 | E33: =M33 -> 691 | F33: =D33+E33 -> 1626 | G33: =IFERROR(F33/#REF!,"") | I33: NEW스팸무스비 | J33: =IFERROR(IF(I33="","",SUMIF([1]작업지시서!$D$7:$D$118,"*"&$I33,[1]작업지시서!$E$7:$E$119)),"") -> 935 | K33: =IFERROR(IF(I33="","",SUMIF([2]작업지시서!$D$7:$D$123,"*"&$I33,[2]작업지시서!$E$7:$E$123)),"") -> 691 | L33: =J33 -> 935 | M33: =K33 -> 691
C34: 무스비)햄&참치김치볶음밥 | D34: =L34 -> 458 | E34: =M34 -> 392 | F34: =D34+E34 -> 850 | G34: =IFERROR(F34/#REF!,"") | I34: 무스비)햄&참치김치볶음밥 | J34: =IFERROR(IF(I34="","",SUMIF([1]작업지시서!$D$7:$D$118,"*"&$I34,[1]작업지시서!$E$7:$E$119)),"") -> 458 | K34: =IFERROR(IF(I34="","",SUMIF([2]작업지시서!$D$7:$D$123,"*"&$I34,[2]작업지시서!$E$7:$E$123)),"") -> 392 | L34: =J34 -> 458 | M34: =K34 -> 392
C35: 무스비)햄&청양불고기 | D35: =L35 -> 141 | E35: =M35 -> 149 | F35: =D35+E35 -> 290 | G35: =IFERROR(F35/#REF!,"") | I35: 무스비)햄&청양불고기 | J35: =IFERROR(IF(I35="","",SUMIF([1]작업지시서!$D$7:$D$118,"*"&$I35,[1]작업지시서!$E$7:$E$119)),"") -> 141 | K35: =IFERROR(IF(I35="","",SUMIF([2]작업지시서!$D$7:$D$123,"*"&$I35,[2]작업지시서!$E$7:$E$123)),"") -> 149 | L35: =J35 -> 141 | M35: =K35 -> 149
C36: 더큰)들기름묵은지참치 | D36: =L36 -> 2430 | E36: =M36 -> 1680 | F36: =D36+E36 -> 4110 | G36: =IFERROR(F36/#REF!,"") | I36: 더큰)들기름묵은지참치 | J36: =IFERROR(IF(I36="","",SUMIF([1]작업지시서!$D$7:$D$118,"*"&$I36,[1]작업지시서!$E$7:$E$119)),"") -> 2430 | K36: =IFERROR(IF(I36="","",SUMIF([2]작업지시서!$D$7:$D$123,"*"&$I36,[2]작업지시서!$E$7:$E$123)),"") -> 1680 | L36: =J36 -> 2430 | M36: =K36 -> 1680
C37: 더큰)스팸계란볶음밥 | D37: =L37 -> 2522 | E37: =M37 -> 1776 | F37: =D37+E37 -> 4298 | G37: =IFERROR(F37/#REF!,"") | I37: 더큰)스팸계란볶음밥 | J37: =IFERROR(IF(I37="","",SUMIF([1]작업지시서!$D$7:$D$118,"*"&$I37,[1]작업지시서!$E$7:$E$119)),"") -> 2522 | K37: =IFERROR(IF(I37="","",SUMIF([2]작업지시서!$D$7:$D$123,"*"&$I37,[2]작업지시서!$E$7:$E$123)),"") -> 1776 | L37: =J37 -> 2522 | M37: =K37 -> 1776
C38: 더큰)오징어제육깻잎쌈밥 | D38: =L38 -> 888 | E38: =M38 -> 541 | F38: =D38+E38 -> 1429 | G38: =IFERROR(F38/#REF!,"") | I38: 더큰)오징어제육깻잎쌈밥 | J38: =IFERROR(IF(I38="","",SUMIF([1]작업지시서!$D$7:$D$118,"*"&$I38,[1]작업지시서!$E$7:$E$119)),"") -> 888 | K38: =IFERROR(IF(I38="","",SUMIF([2]작업지시서!$D$7:$D$123,"*"&$I38,[2]작업지시서!$E$7:$E$123)),"") -> 541 | L38: =J38 -> 888 | M38: =K38 -> 541
C39: 더큰)리챔참치마요 | D39: =L39 -> 1735 | E39: =M39 -> 1178 | F39: =D39+E39 -> 2913 | G39: =IFERROR(F39/#REF!,"") | I39: 더큰)리챔참치마요 | J39: =IFERROR(IF(I39="","",SUMIF([1]작업지시서!$D$7:$D$118,"*"&$I39,[1]작업지시서!$E$7:$E$119)),"") -> 1735 | K39: =IFERROR(IF(I39="","",SUMIF([2]작업지시서!$D$7:$D$123,"*"&$I39,[2]작업지시서!$E$7:$E$123)),"") -> 1178 | L39: =J39 -> 1735 | M39: =K39 -> 1178
C40: 더큰)맥적구이한상 | D40: =L40 -> 730 | E40: =M40 -> 472 | F40: =D40+E40 -> 1202 | G40: =IFERROR(F40/#REF!,"") | I40: 더큰)맥적구이한상 | J40: =IFERROR(IF(I40="","",SUMIF([1]작업지시서!$D$7:$D$118,"*"&$I40,[1]작업지시서!$E$7:$E$119)),"") -> 730 | K40: =IFERROR(IF(I40="","",SUMIF([2]작업지시서!$D$7:$D$123,"*"&$I40,[2]작업지시서!$E$7:$E$123)),"") -> 472 | L40: =J40 -> 730 | M40: =K40 -> 472
C41: 커플)곱창김참치&비빔밥 | D41: =L41 -> 2234 | E41: =M41 -> 1927 | F41: =D41+E41 -> 4161 | G41: =IFERROR(F41/#REF!,"") | I41: 커플)곱창김참치&비빔밥 | J41: =IFERROR(IF(I41="","",SUMIF([1]작업지시서!$D$7:$D$118,"*"&$I41,[1]작업지시서!$E$7:$E$119)),"") -> 2234 | K41: =IFERROR(IF(I41="","",SUMIF([2]작업지시서!$D$7:$D$123,"*"&$I41,[2]작업지시서!$E$7:$E$123)),"") -> 1927 | L41: =J41 -> 2234 | M41: =K41 -> 1927
D42: =L42 | E42: =M42 | G42: =IFERROR(F42/#REF!,"") | J42: =IFERROR(IF(I42="","",SUMIF([1]작업지시서!$D$7:$D$118,"*"&$I42,[1]작업지시서!$E$7:$E$119)),"") | K42: =IFERROR(IF(I42="","",SUMIF([2]작업지시서!$D$7:$D$123,"*"&$I42,[2]작업지시서!$E$7:$E$123)),"") | L42: =J42 | M42: =K42
C43: =B6&" 소계" -> 삼각 소계 | D43: =SUM(D26:D42) -> 14954 | E43: =SUM(E26:E42) -> 10934 | F43: =SUM(F26:F42) -> 25888 | G43: =IFERROR(F43/#REF!,"") | J43: =IFERROR(IF(I43="","",SUMIF([1]작업지시서!$D$7:$D$118,"*"&$I43,[1]작업지시서!$E$7:$E$119)),"") | K43: =IFERROR(IF(I43="","",SUMIF([2]작업지시서!$D$7:$D$123,"*"&$I43,[2]작업지시서!$E$7:$E$123)),"") | L43: =J43 | M43: =K43
D44: =L44 | E44: =M44 | J44: =IFERROR(IF(I44="","",SUMIF([1]작업지시서!$D$7:$D$118,"*"&$I44,[1]작업지시서!$E$7:$E$119)),"") | K44: =IFERROR(IF(I44="","",SUMIF([2]작업지시서!$D$7:$D$123,"*"&$I44,[2]작업지시서!$E$7:$E$123)),"") | L44: =J44 | M44: =K44
B45: 김밥 | D45: =L45 | E45: =M45 | J45: =IFERROR(IF(I45="","",SUMIF([1]작업지시서!$D$7:$D$118,"*"&$I45,[1]작업지시서!$E$7:$E$119)),"") | K45: =IFERROR(IF(I45="","",SUMIF([2]작업지시서!$D$7:$D$123,"*"&$I45,[2]작업지시서!$E$7:$E$123)),"") | L45: =J45 | M45: =K45
B46: 김밥 | C46: 디핑)시장꼬마김밥 | D46: =L46 -> 383 | E46: =M46 -> 209 | F46: =D46+E46 -> 592 | G46: =IFERROR(F46/#REF!,"") | I46: 디핑)시장꼬마김밥 | J46: =IFERROR(IF(I46="","",SUMIF([1]작업지시서!$D$7:$D$118,"*"&$I46,[1]작업지시서!$E$7:$E$119)),"") -> 383 | K46: =IFERROR(IF(I46="","",SUMIF([2]작업지시서!$D$7:$D$123,"*"&$I46,[2]작업지시서!$E$7:$E$123)),"") -> 209 | L46: =J46 -> 383 | M46: =K46 -> 209
C47: 디핑)에그햄꼬마김밥 | D47: =L47 -> 1565 | E47: =M47 -> 1323 | F47: =D47+E47 -> 2888 | G47: =IFERROR(F47/#REF!,"") | I47: 디핑)에그햄꼬마김밥 | J47: =IFERROR(IF(I47="","",SUMIF([1]작업지시서!$D$7:$D$118,"*"&$I47,[1]작업지시서!$E$7:$E$119)),"") -> 1565 | K47: =IFERROR(IF(I47="","",SUMIF([2]작업지시서!$D$7:$D$123,"*"&$I47,[2]작업지시서!$E$7:$E$123)),"") -> 1323 | L47: =J47 -> 1565 | M47: =K47 -> 1323
C48: 넷플)더담은K떡갈비김밥 | D48: =L48 -> 986 | E48: =M48 -> 624 | F48: =D48+E48 -> 1610 | G48: =IFERROR(F48/#REF!,"") | I48: 넷플)더담은K떡갈비김밥 | J48: =IFERROR(IF(I48="","",SUMIF([1]작업지시서!$D$7:$D$118,"*"&$I48,[1]작업지시서!$E$7:$E$119)),"") -> 986 | K48: =IFERROR(IF(I48="","",SUMIF([2]작업지시서!$D$7:$D$123,"*"&$I48,[2]작업지시서!$E$7:$E$123)),"") -> 624 | L48: =J48 -> 986 | M48: =K48 -> 624
C49: 왕돈까스김밥 | D49: =L49 -> 559 | E49: =M49 -> 364 | F49: =D49+E49 -> 923 | G49: =IFERROR(F49/#REF!,"") | I49: 왕돈까스김밥 | J49: =IFERROR(IF(I49="","",SUMIF([1]작업지시서!$D$7:$D$118,"*"&$I49,[1]작업지시서!$E$7:$E$119)),"") -> 559 | K49: =IFERROR(IF(I49="","",SUMIF([2]작업지시서!$D$7:$D$123,"*"&$I49,[2]작업지시서!$E$7:$E$123)),"") -> 364 | L49: =J49 -> 559 | M49: =K49 -> 364
C50: 더블치즈소시지김밥 | D50: =L50 -> 615 | E50: =M50 -> 428 | F50: =D50+E50 -> 1043 | G50: =IFERROR(F50/#REF!,"") | I50: 더블치즈소시지김밥 | J50: =IFERROR(IF(I50="","",SUMIF([1]작업지시서!$D$7:$D$118,"*"&$I50,[1]작업지시서!$E$7:$E$119)),"") -> 615 | K50: =IFERROR(IF(I50="","",SUMIF([2]작업지시서!$D$7:$D$123,"*"&$I50,[2]작업지시서!$E$7:$E$123)),"") -> 428 | L50: =J50 -> 615 | M50: =K50 -> 428
C51: 참치김치볶음김밥 | D51: =L51 -> 858 | E51: =M51 -> 601 | F51: =D51+E51 -> 1459 | I51: 참치김치볶음김밥 | J51: =IFERROR(IF(I51="","",SUMIF([1]작업지시서!$D$7:$D$118,"*"&$I51,[1]작업지시서!$E$7:$E$119)),"") -> 858 | K51: =IFERROR(IF(I51="","",SUMIF([2]작업지시서!$D$7:$D$123,"*"&$I51,[2]작업지시서!$E$7:$E$123)),"") -> 601 | L51: =J51 -> 858 | M51: =K51 -> 601
C52: 직화)한돈제육쌈김밥 | D52: =L52 -> 512 | E52: =M52 -> 382 | F52: =D52+E52 -> 894 | G52: =IFERROR(F52/#REF!,"") | I52: 직화)한돈제육쌈김밥 | J52: =IFERROR(IF(I52="","",SUMIF([1]작업지시서!$D$7:$D$118,"*"&$I52,[1]작업지시서!$E$7:$E$119)),"") -> 512 | K52: =IFERROR(IF(I52="","",SUMIF([2]작업지시서!$D$7:$D$123,"*"&$I52,[2]작업지시서!$E$7:$E$123)),"") -> 382 | L52: =J52 -> 512 | M52: =K52 -> 382
C53: 스팸계란치즈김밥 | D53: =L53 -> 613 | E53: =M53 -> 437 | F53: =D53+E53 -> 1050 | G53: =IFERROR(F53/#REF!,"") | I53: 스팸계란치즈김밥 | J53: =IFERROR(IF(I53="","",SUMIF([1]작업지시서!$D$7:$D$118,"*"&$I53,[1]작업지시서!$E$7:$E$119)),"") -> 613 | K53: =IFERROR(IF(I53="","",SUMIF([2]작업지시서!$D$7:$D$123,"*"&$I53,[2]작업지시서!$E$7:$E$123)),"") -> 437 | L53: =J53 -> 613 | M53: =K53 -> 437
C54: 불고기치즈김밥 | D54: =L54 -> 497 | E54: =M54 -> 345 | F54: =D54+E54 -> 842 | G54: =IFERROR(F54/#REF!,"") | I54: 불고기치즈김밥 | J54: =IFERROR(IF(I54="","",SUMIF([1]작업지시서!$D$7:$D$118,""&$I54,[1]작업지시서!$E$7:$E$119)),"") -> 497 | K54: =IFERROR(IF(I54="","",SUMIF([2]작업지시서!$D$7:$D$123,"*"&$I54,[2]작업지시서!$E$7:$E$123)),"") -> 345 | L54: =J54 -> 497 | M54: =K54 -> 345
C55: 진미채치즈김밥 | D55: =L55 -> 353 | E55: =M55 -> 238 | F55: =D55+E55 -> 591 | I55: 진미채치즈김밥 | J55: =IFERROR(IF(I55="","",SUMIF([1]작업지시서!$D$7:$D$118,"*"&$I55,[1]작업지시서!$E$7:$E$119)),"") -> 353 | K55: =IFERROR(IF(I55="","",SUMIF([2]작업지시서!$D$7:$D$123,"*"&$I55,[2]작업지시서!$E$7:$E$123)),"") -> 238 | L55: =J55 -> 353 | M55: =K55 -> 238
C56: THE근본김밥 | D56: =L56 -> 1310 | E56: =M56 -> 1183 | F56: =D56+E56 -> 2493 | G56: =IFERROR(F56/#REF!,"") | I56: THE근본김밥 | J56: =IFERROR(IF(I56="","",SUMIF([1]작업지시서!$D$7:$D$118,"*"&$I56,[1]작업지시서!$E$7:$E$119)),"") -> 1310 | K56: =IFERROR(IF(I56="","",SUMIF([2]작업지시서!$D$7:$D$123,"*"&$I56,[2]작업지시서!$E$7:$E$123)),"") -> 1183 | L56: =J56 -> 1310 | M56: =K56 -> 1183
C57: 착한참치마요김밥 | D57: =L57 -> 254 | E57: =M57 -> 0 | F57: =D57+E57 -> 254 | I57: 착한참치마요김밥 | J57: =IFERROR(IF(I57="","",SUMIF([1]작업지시서!$D$7:$D$118,"*"&$I57,[1]작업지시서!$E$7:$E$119)),"") -> 254 | K57: =IFERROR(IF(I57="","",SUMIF([2]작업지시서!$D$7:$D$123,"*"&$I57,[2]작업지시서!$E$7:$E$123)),"") -> 0 | L57: =J57 -> 254 | M57: =K57 -> 0
C58: 착한김치김밥 | D58: =L58 -> 200 | E58: =M58 -> 0 | F58: =D58+E58 -> 200 | I58: 착한김치김밥 | J58: =IFERROR(IF(I58="","",SUMIF([1]작업지시서!$D$7:$D$118,"*"&$I58,[1]작업지시서!$E$7:$E$119)),"") -> 200 | K58: =IFERROR(IF(I58="","",SUMIF([2]작업지시서!$D$7:$D$123,"*"&$I58,[2]작업지시서!$E$7:$E$123)),"") -> 0 | L58: =J58 -> 200 | M58: =K58 -> 0
C59: =B45&" 소계" -> 김밥 소계 | D59: =SUM(D44:D58) -> 8705 | E59: =SUM(E45:E58) -> 6134 | F59: =SUM(F45:F58) -> 14839 | G59: =IFERROR(F59/#REF!,"") | J59: =IFERROR(IF(I59="","",SUMIF([1]작업지시서!$D$7:$D$118,"*"&$I59,[1]작업지시서!$E$7:$E$119)),"") | K59: =IFERROR(IF(I59="","",SUMIF([2]작업지시서!$D$7:$D$123,"*"&$I59,[2]작업지시서!$E$7:$E$123)),"") | L59: =J59 | M59: =K59
B60: 도시락 | C60: 혜자)돌아온명불허전 | D60: =L60 -> 1102 | E60: =M60 -> 856 | F60: =D60+E60 -> 1958 | I60: 혜자)돌아온명불허전 | J60: =IFERROR(IF(I60="","",SUMIF([1]작업지시서!$D$7:$D$118,""&$I60,[1]작업지시서!$E$7:$E$119)),"") -> 1102 | K60: =IFERROR(IF(I60="","",SUMIF([2]작업지시서!$D$7:$D$123,"*"&$I60,[2]작업지시서!$E$7:$E$123)),"") -> 856 | L60: =J60 -> 1102 | M60: =K60 -> 856
C61: 이달의도시락10월(혜자) | D61: =L61 -> 242 | E61: =M61 -> 197 | F61: =D61+E61 -> 439 | I61: 이달의도시락10월(혜자) | J61: =IFERROR(IF(I61="","",SUMIF([1]작업지시서!$D$7:$D$118,""&$I61,[1]작업지시서!$E$7:$E$119)),"") -> 242 | K61: =IFERROR(IF(I61="","",SUMIF([2]작업지시서!$D$7:$D$123,"*"&$I61,[2]작업지시서!$E$7:$E$123)),"") -> 197 | L61: =J61 -> 242 | M61: =K61 -> 197
C62: 혜자)통등심돈까스&치킨까스 | D62: =L62 -> 1297 | E62: =M62 -> 869 | F62: =D62+E62 -> 2166 | I62: 혜자)통등심돈까스&치킨까스 | J62: =IFERROR(IF(I62="","",SUMIF([1]작업지시서!$D$7:$D$118,""&$I62,[1]작업지시서!$E$7:$E$119)),"") -> 1297 | K62: =IFERROR(IF(I62="","",SUMIF([2]작업지시서!$D$7:$D$123,"*"&$I62,[2]작업지시서!$E$7:$E$123)),"") -> 869 | L62: =J62 -> 1297 | M62: =K62 -> 869
C63: NEW혜자)백설갈비양념제육 | D63: =L63 -> 460 | E63: =M63 -> 287 | F63: =D63+E63 -> 747 | I63: NEW혜자)백설갈비양념제육 | J63: =IFERROR(IF(I63="","",SUMIF([1]작업지시서!$D$7:$D$118,""&$I63,[1]작업지시서!$E$7:$E$119)),"") -> 460 | K63: =IFERROR(IF(I63="","",SUMIF([2]작업지시서!$D$7:$D$123,"*"&$I63,[2]작업지시서!$E$7:$E$123)),"") -> 287 | L63: =J63 -> 460 | M63: =K63 -> 287
C64: 혜자)두툼돈까스&순창제육 | D64: =L64 -> 925 | E64: =M64 -> 608 | F64: =D64+E64 -> 1533 | I64: 혜자)두툼돈까스&순창제육 | J64: =IFERROR(IF(I64="","",SUMIF([1]작업지시서!$D$7:$D$118,"*"&$I64,[1]작업지시서!$E$7:$E$119)),"") -> 925 | K64: =IFERROR(IF(I64="","",SUMIF([2]작업지시서!$D$7:$D$123,"*"&$I64,[2]작업지시서!$E$7:$E$123)),"") -> 608 | L64: =J64 -> 925 | M64: =K64 -> 608
C66: 혜자)돌아온등심돈까스 | D66: =L66 -> 379 | E66: =M66 -> 216 | F66: =D66+E66 -> 595 | I66: 혜자)돌아온등심돈까스 | J66: =IFERROR(IF(I66="","",SUMIF([1]작업지시서!$D$7:$D$118,""&$I66,[1]작업지시서!$E$7:$E$119)),"") -> 379 | K66: =IFERROR(IF(I66="","",SUMIF([2]작업지시서!$D$7:$D$123,"*"&$I66,[2]작업지시서!$E$7:$E$123)),"") -> 216 | L66: =J66 -> 379 | M66: =K66 -> 216
C67: N혜자)불고기오징어제육 | D67: =L67 -> 0 | E67: =M67 -> 0 | F67: =D67+E67 -> 0 | I67: N혜자)불고기오징어제육 | J67: =IFERROR(IF(I67="","",SUMIF([1]작업지시서!$D$7:$D$118,""&$I67,[1]작업지시서!$E$7:$E$119)),"") -> 0 | K67: =IFERROR(IF(I67="","",SUMIF([2]작업지시서!$D$7:$D$123,"*"&$I67,[2]작업지시서!$E$7:$E$123)),"") -> 0 | L67: =J67 -> 0 | M67: =K67 -> 0
C68: NEW뭘좋아할지몰라다넣어봤어 | D68: =L68 -> 568 | E68: =M68 -> 383 | F68: =D68+E68 -> 951 | I68: NEW뭘좋아할지몰라다넣어봤어 | J68: =IFERROR(IF(I68="","",SUMIF([1]작업지시서!$D$7:$D$118,"*"&$I68,[1]작업지시서!$E$7:$E$119)),"") -> 568 | K68: =IFERROR(IF(I68="","",SUMIF([2]작업지시서!$D$7:$D$123,"*"&$I68,[2]작업지시서!$E$7:$E$123)),"") -> 383 | L68: =J68 -> 568 | M68: =K68 -> 383
C69: 혜자)반반제육도시락 | D69: =L69 -> 731 | E69: =M69 -> 410 | F69: =D69+E69 -> 1141 | I69: 혜자)반반제육도시락 | J69: =IFERROR(IF(I69="","",SUMIF([1]작업지시서!$D$7:$D$118,"*"&$I69,[1]작업지시서!$E$7:$E$119)),"") -> 731 | K69: =IFERROR(IF(I69="","",SUMIF([2]작업지시서!$D$7:$D$123,"*"&$I69,[2]작업지시서!$E$7:$E$123)),"") -> 410 | L69: =J69 -> 731 | M69: =K69 -> 410
C70: 혜자)두부김치제육 | D70: =L70 -> 817 | E70: =M70 -> 544 | F70: =D70+E70 -> 1361 | I70: 혜자)두부김치제육 | J70: =IFERROR(IF(I70="","",SUMIF([1]작업지시서!$D$7:$D$118,""&$I70,[1]작업지시서!$E$7:$E$119)),"") -> 817 | K70: =IFERROR(IF(I70="","",SUMIF([2]작업지시서!$D$7:$D$123,"*"&$I70,[2]작업지시서!$E$7:$E$123)),"") -> 544 | L70: =J70 -> 817 | M70: =K70 -> 544
C71: 착한제육비빔밥 | D71: =L71 -> 60 | E71: =M71 -> 0 | F71: =D71+E71 -> 60 | I71: 착한제육비빔밥 | J71: =IFERROR(IF(I71="","",SUMIF([1]작업지시서!$D$7:$D$118,"*"&$I71,[1]작업지시서!$E$7:$E$119)),"") -> 60 | K71: =IFERROR(IF(I71="","",SUMIF([2]작업지시서!$D$7:$D$123,"*"&$I71,[2]작업지시서!$E$7:$E$123)),"") -> 0 | L71: =J71 -> 60 | M71: =K71 -> 0
C72: 착한)제육덮밥(3,900원) | D72: =L72 -> 23 | E72: =M72 -> 0 | F72: =D72+E72 -> 23 | I72: 착한)제육덮밥(3,900원) | J72: =IFERROR(IF(I72="","",SUMIF([1]작업지시서!$D$7:$D$118,"*"&$I72,[1]작업지시서!$E$7:$E$119)),"") -> 23 | K72: =IFERROR(IF(I72="","",SUMIF([2]작업지시서!$D$7:$D$123,"*"&$I72,[2]작업지시서!$E$7:$E$123)),"") -> 0 | L72: =J72 -> 23 | M72: =K72 -> 0
C73: =B60&" 소계" -> 도시락 소계 | D73: =SUM(D60:D72) -> 6604 | E73: =SUM(E60:E72) -> 4370 | F73: =SUM(F60:F72) -> 10974 | G73: =IFERROR(F73/#REF!,"") | J73: =IFERROR(IF(I73="","",SUMIF([1]작업지시서!$D$7:$D$118,"*"&$I73,[1]작업지시서!$E$7:$E$119)),"") | K73: =IFERROR(IF(I73="","",SUMIF([2]작업지시서!$D$7:$D$123,"*"&$I73,[2]작업지시서!$E$7:$E$123)),"") | L73: =J73 | M73: =K73
D74: =L74 | E74: =M74 | G74: =IFERROR(F74/#REF!,"") | J74: =IFERROR(IF(I74="","",SUMIF([1]작업지시서!$D$7:$D$199,""&$I74,[1]작업지시서!$E$7:$E$199)),"") | K74: =IFERROR(IF(I74="","",SUMIF([2]작업지시서!$D$7:$D$189,"*"&$I74,[2]작업지시서!$E$7:$E$189)),"") | L74: =J74 | M74: =K74
B75: 간편식 | D75: =L75 | E75: =M75 | G75: =IFERROR(F75/#REF!,"") | J75: =IFERROR(IF(I75="","",SUMIF([1]작업지시서!$D$7:$D$199,"*"&$I75,[1]작업지시서!$E$7:$E$199)),"") | K75: =IFERROR(IF(I75="","",SUMIF([2]작업지시서!$D$7:$D$189,"*"&$I75,[2]작업지시서!$E$7:$E$189)),"") | L75: =J75 | M75: =K75
D76: =L76 | E76: =M76 | J76: =IFERROR(IF(I76="","",SUMIF([1]작업지시서!$D$7:$D$199,"*"&$I76,[1]작업지시서!$E$7:$E$199)),"") | K76: =IFERROR(IF(I76="","",SUMIF([2]작업지시서!$D$7:$D$189,"*"&$I76,[2]작업지시서!$E$7:$E$189)),"") | L76: =J76 | M76: =K76
D77: =L77 | E77: =M77 | J77: =IFERROR(IF(I77="","",SUMIF([1]작업지시서!$D$7:$D$199,"*"&$I77,[1]작업지시서!$E$7:$E$199)),"") | K77: =IFERROR(IF(I77="","",SUMIF([2]작업지시서!$D$7:$D$189,"*"&$I77,[2]작업지시서!$E$7:$E$189)),"") | L77: =J77 | M77: =K77
D78: =L78 | E78: =M78 | J78: =IFERROR(IF(I78="","",SUMIF([1]작업지시서!$D$7:$D$199,"*"&$I78,[1]작업지시서!$E$7:$E$199)),"") | K78: =IFERROR(IF(I78="","",SUMIF([2]작업지시서!$D$7:$D$151,"*"&$I78,[2]작업지시서!$E$7:$E$151)),"") | L78: =J78 | M78: =K78
D79: =L79 | E79: =M79 | J79: =IFERROR(IF(I79="","",SUMIF([1]작업지시서!$D$7:$D$169,"*"&$I79,[1]작업지시서!$E$7:$E$169)),"") | K79: =IFERROR(IF(I79="","",SUMIF([2]작업지시서!$D$7:$D$151,"*"&$I79,[2]작업지시서!$E$7:$E$151)),"") | L79: =J79 | M79: =K79
C80: =B75&" 소계" -> 간편식 소계 | D80: =SUM(D74:D79) -> 0 | E80: =SUM(E74:E79) -> 0 | F80: =SUM(F74:F79) -> 0 | G80: =IFERROR(F80/#REF!,"") | J80: =IFERROR(IF(I80="","",SUMIF([1]작업지시서!$D$7:$D$118,"*"&$I80,[1]작업지시서!$E$7:$E$119)),"") | K80: =IFERROR(IF(I80="","",SUMIF([2]작업지시서!$D$7:$D$123,"*"&$I80,[2]작업지시서!$E$7:$E$123)),"") | L80: =J80 | M80: =K80
B81: 버거 | D81: =L81 | E81: =M81 | G81: =IFERROR(F81/#REF!,"") | J81: =IFERROR(IF(I81="","",SUMIF([1]작업지시서!$D$7:$D$202,"*"&$I81,[1]작업지시서!$E$7:$E$202)),"") | K81: =IFERROR(IF(I81="","",SUMIF([2]작업지시서!$D$7:$D$203,"*"&$I81,[2]작업지시서!$E$7:$E$203)),"") | L81: =J81 | M81: =K81
D82: =L82 | E82: =M82 | G82: =IFERROR(F82/#REF!,"") | J82: =IFERROR(IF(I82="","",SUMIF([1]작업지시서!$D$7:$D$202,"*"&$I82,[1]작업지시서!$E$7:$E$202)),"") | K82: =IFERROR(IF(I82="","",SUMIF([2]작업지시서!$D$7:$D$203,"*"&$I82,[2]작업지시서!$E$7:$E$203)),"") | L82: =J82 | M82: =K82
D83: =L83 | E83: =M83 | J83: =IFERROR(IF(I83="","",SUMIF([1]작업지시서!$D$7:$D$202,""&$I83,[1]작업지시서!$E$7:$E$202)),"") | K83: =IFERROR(IF(I83="","",SUMIF([2]작업지시서!$D$7:$D$203,""&$I83,[2]작업지시서!$E$7:$E$203)),"") | L83: =J83 | M83: =K83
D84: =L84 | E84: =M84 | J84: =IFERROR(SUM(VLOOKUP(I84,[1]작업지시서!$D$6:$E$202,2,0),SUMIF([1]작업지시서!$D$6:$D$202,"*주문*"&I84,[1]작업지시서!$E$6:$E$202)),"") | K84: =IFERROR(IF(I84="","",SUMIF([2]작업지시서!$D$7:$D$203,""&$I84,[2]작업지시서!$E$7:$E$203)),"") | L84: =J84 | M84: =K84
D85: =L85 | E85: =M85 | J85: =IFERROR(IF(I85="","",SUMIF([1]작업지시서!$D$7:$D$202,"*"&$I85,[1]작업지시서!$E$7:$E$202)),"") | K85: =IFERROR(IF(I85="","",SUMIF([2]작업지시서!$D$7:$D$203,"*"&$I85,[2]작업지시서!$E$7:$E$203)),"") | L85: =J85 | M85: =K85
D86: =L86 | E86: =M86 | J86: =IFERROR(IF(I86="","",SUMIF([1]작업지시서!$D$7:$D$202,"*"&$I86,[1]작업지시서!$E$7:$E$202)),"") | K86: =IFERROR(IF(I86="","",SUMIF([2]작업지시서!$D$7:$D$203,"*"&$I86,[2]작업지시서!$E$7:$E$203)),"") | L86: =J86 | M86: =K86
D87: =L87 | E87: =M87 | G87: =IFERROR(F87/#REF!,"") | J87: =IFERROR(IF(I87="","",SUMIF([1]작업지시서!$D$7:$D$202,""&$I87,[1]작업지시서!$E$7:$E$202)),"") | K87: =IFERROR(IF(I87="","",SUMIF([2]작업지시서!$D$7:$D$203,""&$I87,[2]작업지시서!$E$7:$E$203)),"") | L87: =J87 | M87: =K87
D88: =L88 | E88: =M88 | G88: =IFERROR(F88/#REF!,"") | J88: =IFERROR(IF(I88="","",SUMIF([1]작업지시서!$D$7:$D$202,""&$I88,[1]작업지시서!$E$7:$E$202)),"") | K88: =IFERROR(IF(I88="","",SUMIF([2]작업지시서!$D$7:$D$203,""&$I88,[2]작업지시서!$E$7:$E$203)),"") | L88: =J88 | M88: =K88
D89: =L89 | E89: =M89 | G89: =IFERROR(F89/#REF!,"") | J89: =IFERROR(IF(I89="","",SUMIF([1]작업지시서!$D$7:$D$202,""&$I89,[1]작업지시서!$E$7:$E$202)),"") | K89: =IFERROR(IF(I89="","",SUMIF([2]작업지시서!$D$7:$D$203,""&$I89,[2]작업지시서!$E$7:$E$203)),"") | L89: =J89 | M89: =K89
D90: =L90 | E90: =M90 | G90: =IFERROR(F90/#REF!,"") | J90: =IFERROR(IF(I90="","",SUMIF([1]작업지시서!$D$7:$D$202,""&$I90,[1]작업지시서!$E$7:$E$202)),"") | K90: =IFERROR(IF(I90="","",SUMIF([2]작업지시서!$D$7:$D$203,""&$I90,[2]작업지시서!$E$7:$E$203)),"") | L90: =J90 | M90: =K90
D91: =L91 | E91: =M91 | G91: =IFERROR(F91/#REF!,"") | J91: =IFERROR(IF(I91="","",SUMIF([1]작업지시서!$D$7:$D$202,""&$I91,[1]작업지시서!$E$7:$E$202)),"") | K91: =IFERROR(IF(I91="","",SUMIF([2]작업지시서!$D$7:$D$203,""&$I91,[2]작업지시서!$E$7:$E$203)),"") | L91: =J91 | M91: =K91
D92: =L92 | E92: =M92 | G92: =IFERROR(F92/#REF!,"") | J92: =IFERROR(IF(I92="","",SUMIF([1]작업지시서!$D$7:$D$202,""&$I92,[1]작업지시서!$E$7:$E$202)),"") | K92: =IFERROR(IF(I92="","",SUMIF([2]작업지시서!$D$7:$D$203,""&$I92,[2]작업지시서!$E$7:$E$203)),"") | L92: =J92 | M92: =K92
B93: 버거 | C93: 착한1900핫도그(오리지널) | D93: =L93 -> 104 | E93: =M93 -> 0 | F93: =D93+E93 -> 104 | G93: =IFERROR(F93/#REF!,"") | I93: 착한1900핫도그(오리지널) | J93: =IFERROR(IF(I93="","",SUMIF([1]작업지시서!$D$7:$D$202,""&$I93,[1]작업지시서!$E$7:$E$202)),"") -> 104 | K93: =IFERROR(IF(I93="","",SUMIF([2]작업지시서!$D$7:$D$203,""&$I93,[2]작업지시서!$E$7:$E$203)),"") -> 0 | L93: =J93 -> 104 | M93: =K93 -> 0
C94: 착한1900핫도그(사라다) | D94: =L94 -> 90 | E94: =M94 -> 0 | F94: =D94+E94 -> 90 | G94: =IFERROR(F94/#REF!,"") | I94: 착한1900핫도그(양배추사라다) | J94: =IFERROR(IF(I94="","",SUMIF([1]작업지시서!$D$7:$D$202,""&$I94,[1]작업지시서!$E$7:$E$202)),"") -> 90 | K94: =IFERROR(IF(I94="","",SUMIF([2]작업지시서!$D$7:$D$203,""&$I94,[2]작업지시서!$E$7:$E$203)),"") -> 0 | L94: =J94 -> 90 | M94: =K94 -> 0
C95: =B81&" 소계" -> 버거 소계 | D95: =SUM(D81:D94) -> 194 | E95: =SUM(E81:E94) -> 0 | F95: =SUM(F81:F94) -> 194 | G95: =IFERROR(F95/#REF!,"") | J95: =IFERROR(IF(I95="","",SUMIF([1]작업지시서!$D$7:$D$202,"*"&$I95,[1]작업지시서!$E$7:$E$202)),"") | K95: =IFERROR(IF(I95="","",SUMIF([2]작업지시서!$D$7:$D$203,"*"&$I95,[2]작업지시서!$E$7:$E$203)),"") | L95: =J95 | M95: =K95
B96: 간편식
D97: =L97 | E97: =M97 | J97: =IFERROR(IF(I97="","",SUMIF([1]작업지시서!$D$7:$D$202,"*"&$I97,[1]작업지시서!$E$7:$E$202)),"") | K97: =IFERROR(IF(I97="","",SUMIF([2]작업지시서!$D$7:$D$203,"*"&$I97,[2]작업지시서!$E$7:$E$203)),"") | L97: =J97 | M97: =K97
D98: =L98 | E98: =M98 | J98: =IFERROR(IF(I98="","",SUMIF([1]작업지시서!$D$7:$D$202,"*"&$I98,[1]작업지시서!$E$7:$E$202)),"") | K98: =IFERROR(IF(I98="","",SUMIF([2]작업지시서!$D$7:$D$203,"*"&$I98,[2]작업지시서!$E$7:$E$203)),"") | L98: =J98 | M98: =K98
D99: =L99 | E99: =M99 | J99: =IFERROR(IF(I99="","",SUMIF([1]작업지시서!$D$7:$D$202,"*"&$I99,[1]작업지시서!$E$7:$E$202)),"") | K99: =IFERROR(IF(I99="","",SUMIF([2]작업지시서!$D$7:$D$203,"*"&$I99,[2]작업지시서!$E$7:$E$203)),"") | L99: =J99 | M99: =K99
D100: =L100 | E100: =M100 | J100: =IFERROR(IF(I100="","",SUMIF([1]작업지시서!$D$7:$D$202,"*"&$I100,[1]작업지시서!$E$7:$E$202)),"") | K100: =IFERROR(IF(I100="","",SUMIF([2]작업지시서!$D$7:$D$203,"*"&$I100,[2]작업지시서!$E$7:$E$203)),"") | L100: =J100 | M100: =K100
D101: =L101 | E101: =M101 | J101: =IFERROR(IF(I101="","",SUMIF([1]작업지시서!$D$7:$D$202,"*"&$I101,[1]작업지시서!$E$7:$E$202)),"") | K101: =IFERROR(IF(I101="","",SUMIF([2]작업지시서!$D$7:$D$203,"*"&$I101,[2]작업지시서!$E$7:$E$203)),"") | L101: =J101 | M101: =K101
D102: =L102 | E102: =M102 | J102: =IFERROR(IF(I102="","",SUMIF([1]작업지시서!$D$7:$D$202,"*"&$I102,[1]작업지시서!$E$7:$E$202)),"") | K102: =IFERROR(IF(I102="","",SUMIF([2]작업지시서!$D$7:$D$203,"*"&$I102,[2]작업지시서!$E$7:$E$203)),"") | L102: =J102 | M102: =K102
...

Sheet 신상현황
B1: 구분 | C1: 코드 | D1: 품명 | E1: 목 | F1: 금 | G1: 토 | H1: 일 | I1: 월 | J1: 화 | K1: 수 | L1: 목 | M1: 특이사항 | N1: 금 | O1: 토 | P1: 일 | Q1: 월 | R1: 화 | S1: 수 | T1: 목 | U1: 금 | V1: 토 | W1: 일 | X1: 월 | Y1: 화 | Z1: 수 | AA1: 목 | AB1: 금 | AC1: 토 | AD1: 일 | AE1: 월 | AF1: 화 | AG1: 수 | AH1: 목 | AI1: 금 | AJ1: 토 | AK1: 일 | AL1: 월 | AM1: 화 | AN1: 수 | AO1: 목 | AP1: 금 | AQ1: 토 | AR1: 일 | AS1: 월 | AT1: 화 | AU1: 수 | AV1: 목 | AW1: 금 | AX1: 토 | AY1: 일 | AZ1: 월 | BA1: 화 | BB1: 수 | BC1: 목 | BD1: 금 | BE1: 토 | BF1: 일 | BG1: 월 | BH1: 화 | BI1: 수 | BJ1: 목 | BK1: 금 | BL1: 토 | BM1: 일 | BN1: 월 | BO1: 화 | BP1: 수 | BQ1: 목 | BR1: 금 | BS1: 토 | BT1: 일 | BU1: 월 | BV1: 화 | BW1: 수 | BX1: 목 | BY1: 금 | BZ1: 토 | CA1: 일 | CB1: 월 | CC1: 화 | CD1: 수 | CE1: 목 | CF1: 금 | CG1: 토 | CH1: 일 | CI1: 월 | CJ1: 화 | CK1: 수 | CL1: 목 | CM1: 금 | CN1: 토 | CO1: 일 | CP1: 월 | CQ1: 화 | CR1: 수 | CS1: 목 | CT1: 금 | CU1: 토 | CV1: 일 | CW1: 월 | CX1: 화 | CY1: 수 | CZ1: 목 | DA1: 금 | DB1: 토 | DC1: 일 | DD1: 월 | DE1: 화 | DF1: 수
B2: 도시락 | C2: 2700038833486 | D2: 매콤닭강정도시락1편 | J2: 2576 | K2: 1279 | L2: 1444 | M2: 전일 대비 발주량 증가
C3: 2700038833486 | K3: =K2/J2 -> 0.49650621 | L3: =L2/K2 -> 1.129007 | N3: =N2/L2 -> 0 | O3: =O2/N2 -> #DIV/0! | P3: =P2/O2 -> #DIV/0! | Q3: =Q2/P2 -> #DIV/0! | R3: =R2/Q2 -> #DIV/0! | S3: =S2/R2 -> #DIV/0! | T3: =T2/S2 -> #DIV/0! | U3: =U2/T2 -> #DIV/0! | V3: =V2/U2 -> #DIV/0! | ... AD3: =AD2/AC2 -> #DIV/0!
B4: 도시락 | C4: 2700038833486 | D4: 매콤닭강정도시락2편 | J4: 1886 | K4: 1163 | L4: 1103
K5: =K4/J4 -> 0.61664899 | L5: =L4/K4 -> 0.94840929 | N5: =N4/L4 -> 0 | O5: =O4/N4 -> #DIV/0! | P5: =P4/O4 -> #DIV/0! | Q5: =Q4/P4 -> #DIV/0! | R5: =R4/Q4 -> #DIV/0! | S5: =S4/R4 -> #DIV/0! | T5: =T4/S4 -> #DIV/0! | U5: =U4/T4 -> #DIV/0! | V5: =V4/U4 -> #DIV/0! | ... AD5: =AD4/AC4 -> #DIV/0!
D6: 합계 | J6: =J2+J4 -> 4462 | K6: =K2+K4 -> 2442 | L6: =L2+L4 -> 2547
D7: 평균 | K7: =K6/J6 -> 0.54728821 | L7: =L6/K6 -> 1.0429975 | N7: =N6/L6 -> 0 | O7: =O6/N6 -> #DIV/0! | P7: =P6/O6 -> #DIV/0! | Q7: =Q6/P6 -> #DIV/0! | R7: =R6/Q6 -> #DIV/0! | S7: =S6/R6 -> #DIV/0! | T7: =T6/S6 -> #DIV/0! | U7: =U6/T6 -> #DIV/0! | V7: =V6/U6 -> #DIV/0! | ... AD7: =AD6/AC6 -> #DIV/0!
B8: FF간편식 | C8: 2700038833936 | D8: 고등급식)함박스파게티1편 | J8: 1945 | K8: 601 | L8: 969 | M8: 전일 대비 발주량 증가
B9: FF간편식 | C9: 2700038833936 | D9: 고등급식)함박스파게티1편 | K9: =K8/J8 -> 0.30899743 | L9: =L8/K8 -> 1.6123128 | N9: =N8/L8 -> 0 | O9: =O8/N8 -> #DIV/0! | P9: =P8/O8 -> #DIV/0! | Q9: =Q8/P8 -> #DIV/0! | R9: =R8/Q8 -> #DIV/0! | S9: =S8/R8 -> #DIV/0! | T9: =T8/S8 -> #DIV/0! | U9: =U8/T8 -> #DIV/0! | V9: =V8/U8 -> #DIV/0! | ... AD9: =AD8/AC8 -> #DIV/0!
B10: FF간편식 | C10: 2700038833936 | D10: 고등급식)함박스파게티2편 | J10: 1630 | K10: 415 | L10: 761
B11: FF간편식 | C11: 2700038833936 | D11: 고등급식)함박스파게티2편 | K11: =K10/J10 -> 0.25460123 | L11: =L10/K10 -> 1.8337349 | N11: =N10/L10 -> 0 | O11: =O10/N10 -> #DIV/0! | P11: =P10/O10 -> #DIV/0! | Q11: =Q10/P10 -> #DIV/0! | R11: =R10/Q10 -> #DIV/0! | S11: =S10/R10 -> #DIV/0! | T11: =T10/S10 -> #DIV/0! | U11: =U10/T10 -> #DIV/0! | V11: =V10/U10 -> #DIV/0! | ... AD11: =AD10/AC10 -> #DIV/0!
D12: 합계 | J12: =J8+J10 -> 3575 | K12: =K8+K10 -> 1016 | L12: =L8+L10 -> 1730
K13: =K12/J12 -> 0.2841958 | L13: =L12/K12 -> 1.7027559 | N13: =N12/L12 -> 0 | O13: =O12/N12 -> #DIV/0! | P13: =P12/O12 -> #DIV/0! | Q13: =Q12/P12 -> #DIV/0! | R13: =R12/Q12 -> #DIV/0! | S13: =S12/R12 -> #DIV/0! | T13: =T12/S12 -> #DIV/0! | U13: =U12/T12 -> #DIV/0! | V13: =V12/U12 -> #DIV/0! | ... AD13: =AD12/AC12 -> #DIV/0!

Sheet 발주현황(카톡보내기) (2)
B2: 매 출 현 황
J3: (단위 : 수량, 원, %) | M3: 아래 수식 건들지 마세요~!!!
B4: 분류 | C4: 품명 | D4: 44396 | G4: 44397 | J4: 전일 | L4: 제품명 | M4: 1편 | N4: 2편 | O4: 2편(긴급) | P4: 2편합계
D5: 1편 수량 | E5: 2편 수량 | F5: 합계 수량 | G5: 1편 수량 | H5: 2편 수량 | I5: 합계 수량 | J5: 대비
B6: 삼각 | C6: 삼각)뉴전주비빔 | D6: 3046 | E6: 2966 | F6: 6012 | G6: =M6 -> 0 | H6: =P6 -> 4 | I6: =G6+H6 -> 4 | J6: =IFERROR(I6/F6,"") -> 0.00066533599 | L6: 삼각)뉴전주비빔 | M6: =IFERROR(IF(L6="","",SUMIF([1]작업지시서!$D$8:$D$118,"*"&$L6,[1]작업지시서!$E$8:$E$119)),"") -> 0 | N6: =IFERROR(IF(L6="","",SUMIF([2]작업지시서!$D$8:$D$122,"*"&$L6,[2]작업지시서!$E$8:$E$123)),"") -> 0 | O6: 4 | P6: =N6+O6 -> 4
C7: 삼각)국민대표참치대란 | D7: 1712 | E7: 1599 | F7: 3311 | G7: =M7 -> 0 | H7: =P7 -> 0 | I7: =G7+H7 -> 0 | J7: =IFERROR(I7/F7,"") -> 0 | L7: 삼각)국민대표참치대란 | M7: =IFERROR(IF(L7="","",SUMIF([1]작업지시서!$D$8:$D$118,"*"&$L7,[1]작업지시서!$E$8:$E$119)),"") -> 0 | N7: =IFERROR(IF(L7="","",SUMIF([2]작업지시서!$D$8:$D$122,"*"&$L7,[2]작업지시서!$E$8:$E$123)),"") -> 0 | P7: =N7+O7 -> 0
C8: 삼각)스팸계란볶음밥 | D8: 1352 | E8: 1222 | F8: 2574 | G8: =M8 -> 0 | H8: =P8 -> 0 | I8: =G8+H8 -> 0 | J8: =IFERROR(I8/F8,"") -> 0 | L8: 삼각)스팸계란볶음밥 | M8: =IFERROR(IF(L8="","",SUMIF([1]작업지시서!$D$8:$D$118,"*"&$L8,[1]작업지시서!$E$8:$E$119)),"") -> 0 | N8: =IFERROR(IF(L8="","",SUMIF([2]작업지시서!$D$8:$D$122,"*"&$L8,[2]작업지시서!$E$8:$E$123)),"") -> 0 | P8: =N8+O8 -> 0
C9: 삼각)베이컨참치마요 | D9: 1299 | E9: 1238 | F9: 2537 | G9: =M9 -> 0 | H9: =P9 -> 2 | I9: =G9+H9 -> 2 | J9: =IFERROR(I9/F9,"") -> 0.00078833268 | L9: 삼각)베이컨참치마요 | M9: =IFERROR(IF(L9="","",SUMIF([1]작업지시서!$D$8:$D$118,"*"&$L9,[1]작업지시서!$E$8:$E$119)),"") -> 0 | N9: =IFERROR(IF(L9="","",SUMIF([2]작업지시서!$D$8:$D$122,"*"&$L9,[2]작업지시서!$E$8:$E$123)),"") -> 0 | O9: 2 | P9: =N9+O9 -> 2
C10: 더큰)소불고기주먹밥 | D10: 2675 | E10: 2439 | F10: 5114 | G10: =M10 -> 0 | H10: =P10 -> 0 | I10: =G10+H10 -> 0 | J10: =IFERROR(I10/F10,"") -> 0 | L10: 더큰)소불고기주먹밥 | M10: =IFERROR(IF(L10="","",SUMIF([1]작업지시서!$D$8:$D$118,"*"&$L10,[1]작업지시서!$E$8:$E$119)),"") -> 0 | N10: =IFERROR(IF(L10="","",SUMIF([2]작업지시서!$D$8:$D$122,"*"&$L10,[2]작업지시서!$E$8:$E$123)),"") -> 0 | P10: =N10+O10 -> 0
C11: 더큰)스팸김치볶음밥 | D11: 3187 | E11: 3169 | F11: 6356 | G11: =M11 -> 2881 | H11: =P11 -> 2132 | I11: =G11+H11 -> 5013 | J11: =IFERROR(I11/F11,"") -> 0.78870359 | L11: 더큰)스팸김치볶음밥 | M11: =IFERROR(IF(L11="","",SUMIF([1]작업지시서!$D$8:$D$118,"*"&$L11,[1]작업지시서!$E$8:$E$119)),"") -> 2881 | N11: =IFERROR(IF(L11="","",SUMIF([2]작업지시서!$D$8:$D$122,"*"&$L11,[2]작업지시서!$E$8:$E$123)),"") -> 2128 | O11: 4 | P11: =N11+O11 -> 2132
C12: 더큰)치즈닭갈비볶음밥 | D12: 2528 | E12: 2413 | F12: 4941 | G12: =M12 -> 0 | H12: =P12 -> 0 | I12: =G12+H12 -> 0 | J12: =IFERROR(I12/F12,"") -> 0 | L12: 더큰)치즈닭갈비볶음밥 | M12: =IFERROR(IF(L12="","",SUMIF([1]작업지시서!$D$8:$D$118,"*"&$L12,[1]작업지시서!$E$8:$E$119)),"") -> 0 | N12: =IFERROR(IF(L12="","",SUMIF([2]작업지시서!$D$8:$D$122,"*"&$L12,[2]작업지시서!$E$8:$E$123)),"") -> 0 | P12: =N12+O12 -> 0
C13: 삼각)오뚜기카레&깍두기 | D13: 168 | E13: 136 | F13: 304 | G13: =M13 -> 0 | H13: =P13 -> 0 | I13: =G13+H13 -> 0 | J13: =IFERROR(I13/F13,"") -> 0 | L13: 삼각)오뚜기카레&깍두기 | M13: =IFERROR(IF(L13="","",SUMIF([1]작업지시서!$D$8:$D$118,"*"&$L13,[1]작업지시서!$E$8:$E$119)),"") -> 0 | N13: =IFERROR(IF(L13="","",SUMIF([2]작업지시서!$D$8:$D$122,"*"&$L13,[2]작업지시서!$E$8:$E$123)),"") -> 0 | P13: =N13+O13 -> 0
C14: 삼각)모짜콘치즈 | D14: 957 | E14: 847 | F14: 1804 | G14: =M14 -> 0 | H14: =P14 -> 0 | I14: =G14+H14 -> 0 | J14: =IFERROR(I14/F14,"") -> 0 | L14: 삼각)모짜콘치즈 | M14: =IFERROR(IF(L14="","",SUMIF([1]작업지시서!$D$8:$D$118,"*"&$L14,[1]작업지시서!$E$8:$E$119)),"") -> 0 | N14: =IFERROR(IF(L14="","",SUMIF([2]작업지시서!$D$8:$D$122,"*"&$L14,[2]작업지시서!$E$8:$E$123)),"") -> 0 | P14: =N14+O14 -> 0
C15: =B6&" 소계" -> 삼각 소계 | D15: 16924 | E15: 16029 | F15: 32953 | G15: =SUM(G6:G14) -> 2881 | H15: =SUM(H6:H14) -> 2138 | I15: =SUM(I6:I14) -> 5019 | J15: =IFERROR(I15/F15,"") -> 0.15230783
B16: 김밥 | C16: 참치마요김밥 | D16: 3150 | E16: 2879 | F16: 6029 | G16: =M16 -> 254 | H16: =P16 -> 2 | I16: =G16+H16 -> 256 | J16: =IFERROR(I16/F16,"") -> 0.042461436 | L16: 참치마요김밥 | M16: =IFERROR(IF(L16="","",SUMIF([1]작업지시서!$D$8:$D$118,"*"&$L16,[1]작업지시서!$E$8:$E$119)),"") -> 254 | N16: =IFERROR(IF(L16="","",SUMIF([2]작업지시서!$D$8:$D$122,"*"&$L16,[2]작업지시서!$E$8:$E$123)),"") -> 0 | O16: 2 | P16: =N16+O16 -> 2
C17: 매콤어묵듬뿍김밥 | D17: 1748 | E17: 1483 | F17: 3231 | G17: =M17 -> 0 | H17: =P17 -> 0 | I17: =G17+H17 -> 0 | J17: =IFERROR(I17/F17,"") -> 0 | L17: 매콤어묵듬뿍김밥 | M17: =IFERROR(IF(L17="","",SUMIF([1]작업지시서!$D$8:$D$118,"*"&$L17,[1]작업지시서!$E$8:$E$119)),"") -> 0 | N17: =IFERROR(IF(L17="","",SUMIF([2]작업지시서!$D$8:$D$122,"*"&$L17,[2]작업지시서!$E$8:$E$123)),"") -> 0 | P17: =N17+O17 -> 0
C18: 소고기고추장김밥 | D18: 1225 | E18: 1008 | F18: 2233 | G18: =M18 -> 0 | H18: =P18 -> 0 | I18: =G18+H18 -> 0 | J18: =IFERROR(I18/F18,"") -> 0 | L18: 소고기고추장김밥 | M18: =IFERROR(IF(L18="","",SUMIF([1]작업지시서!$D$8:$D$118,"*"&$L18,[1]작업지시서!$E$8:$E$119)),"") -> 0 | N18: =IFERROR(IF(L18="","",SUMIF([2]작업지시서!$D$8:$D$122,"*"&$L18,[2]작업지시서!$E$8:$E$123)),"") -> 0 | P18: =N18+O18 -> 0
C19: 참치김치김밥 | D19: 1624 | E19: 1376 | F19: 3000 | G19: =M19 -> 0 | H19: =P19 -> 0 | I19: =G19+H19 -> 0 | J19: =IFERROR(I19/F19,"") -> 0 | L19: 참치김치김밥 | M19: =IFERROR(IF(L19="","",SUMIF([1]작업지시서!$D$8:$D$118,"*"&$L19,[1]작업지시서!$E$8:$E$119)),"") -> 0 | N19: =IFERROR(IF(L19="","",SUMIF([2]작업지시서!$D$8:$D$122,"*"&$L19,[2]작업지시서!$E$8:$E$123)),"") -> 0 | P19: =N19+O19 -> 0
C20: 모짜콘치즈김밥 | D20: 614 | E20: 524 | F20: 1138 | G20: =M20 -> 0 | H20: =P20 -> 0 | I20: =G20+H20 -> 0 | J20: =IFERROR(I20/F20,"") -> 0 | L20: 모짜콘치즈김밥 | M20: =IFERROR(IF(L20="","",SUMIF([1]작업지시서!$D$8:$D$118,"*"&$L20,[1]작업지시서!$E$8:$E$119)),"") -> 0 | N20: =IFERROR(IF(L20="","",SUMIF([2]작업지시서!$D$8:$D$122,"*"&$L20,[2]작업지시서!$E$8:$E$123)),"") -> 0 | P20: =N20+O20 -> 0
C21: =B16&" 소계" -> 김밥 소계 | D21: 8361 | E21: 7270 | F21: 15631 | G21: =SUM(G16:G20) -> 254 | H21: =SUM(H16:H20) -> 2 | I21: =SUM(I16:I20) -> 256 | J21: =IFERROR(I21/F21,"") -> 0.016377711
B22: 도시락 | C22: NEW고진많도시락 | D22: 1667 | E22: 1613 | F22: 3280 | G22: =M22 -> 0 | H22: =P22 -> 2 | I22: =G22+H22 -> 2 | J22: =IFERROR(I22/F22,"") -> 0.0006097561 | L22: NEW고진많도시락 | M22: =IFERROR(IF(L22="","",SUMIF([1]작업지시서!$D$8:$D$118,"*"&$L22,[1]작업지시서!$E$8:$E$119)),"") -> 0 | N22: =IFERROR(IF(L22="","",SUMIF([2]작업지시서!$D$8:$D$122,"*"&$L22,[2]작업지시서!$E$8:$E$123)),"") -> 0 | O22: 2 | P22: =N22+O22 -> 2
C23: 매콤닭강정도시락 | D23: 236 | E23: 205 | F23: 441 | G23: =M23 -> 0 | H23: =P23 -> 0 | I23: =G23+H23 -> 0 | J23: =IFERROR(I23/F23,"") -> 0 | L23: 매콤닭강정도시락 | M23: =IFERROR(IF(L23="","",SUMIF([1]작업지시서!$D$8:$D$118,"*"&$L23,[1]작업지시서!$E$8:$E$119)),"") -> 0 | N23: =IFERROR(IF(L23="","",SUMIF([2]작업지시서!$D$8:$D$122,"*"&$L23,[2]작업지시서!$E$8:$E$123)),"") -> 0 | P23: =N23+O23 -> 0
C24: 함박&치킨도시락 | D24: 676 | E24: 666 | F24: 1342 | G24: =M24 -> 0 | H24: =P24 -> 0 | I24: =G24+H24 -> 0 | J24: =IFERROR(I24/F24,"") -> 0 | L24: 함박&치킨도시락 | M24: =IFERROR(IF(L24="","",SUMIF([1]작업지시서!$D$8:$D$118,"*"&$L24,[1]작업지시서!$E$8:$E$119)),"") -> 0 | N24: =IFERROR(IF(L24="","",SUMIF([2]작업지시서!$D$8:$D$122,"*"&$L24,[2]작업지시서!$E$8:$E$123)),"") -> 0 | P24: =N24+O24 -> 0
C25: 국립공원)내장산새송이떡갈비 | D25: 192 | E25: 215 | F25: 407 | G25: =M25 -> 0 | H25: =P25 -> 0 | I25: =G25+H25 -> 0 | J25: =IFERROR(I25/F25,"") -> 0 | L25: 국립공원)내장산새송이떡갈비 | M25: =IFERROR(IF(L25="","",SUMIF([1]작업지시서!$D$8:$D$118,"*"&RIGHT($L25,6),[1]작업지시서!$E$8:$E$119)),"") -> 0 | N25: =IFERROR(IF(L25="","",SUMIF([2]작업지시서!$D$8:$D$122,"*"&RIGHT(L25,6),[2]작업지시서!$E$8:$E$123)),"") -> 0 | P25: =N25+O25 -> 0
C26: 밥반고기반)통마늘불고기 | D26: 231 | E26: 252 | F26: 483 | G26: =M26 -> 0 | H26: =P26 -> 0 | I26: =G26+H26 -> 0 | J26: =IFERROR(I26/F26,"") -> 0 | L26: 밥반고기반)통마늘불고기 | M26: =IFERROR(IF(L26="","",SUMIF([1]작업지시서!$D$8:$D$118,"*"&$L26,[1]작업지시서!$E$8:$E$119)),"") -> 0 | N26: =IFERROR(IF(L26="","",SUMIF([2]작업지시서!$D$8:$D$122,"*"&$L26,[2]작업지시서!$E$8:$E$123)),"") -> 0 | P26: =N26+O26 -> 0
C27: 나시고랭미고랭 | D27: 104 | E27: 140 | F27: 244 | G27: =M27 -> 0 | H27: =P27 -> 0 | I27: =G27+H27 -> 0 | J27: =IFERROR(I27/F27,"") -> 0 | L27: 나시고랭미고랭 | M27: =IFERROR(IF(L27="","",SUMIF([1]작업지시서!$D$8:$D$118,"*"&$L27,[1]작업지시서!$E$8:$E$119)),"") -> 0 | N27: =IFERROR(IF(L27="","",SUMIF([2]작업지시서!$D$8:$D$122,"*"&$L27,[2]작업지시서!$E$8:$E$123)),"") -> 0 | P27: =N27+O27 -> 0
C28: 고등급식)이불돈까스 | D28: 162 | E28: 195 | F28: 357 | G28: =M28 -> 0 | H28: =P28 -> 0 | I28: =G28+H28 -> 0 | J28: =IFERROR(I28/F28,"") -> 0 | L28: 고등급식)이불돈까스 | M28: =IFERROR(IF(L28="","",SUMIF([1]작업지시서!$D$8:$D$118,"*"&$L28,[1]작업지시서!$E$8:$E$119)),"") -> 0 | N28: =IFERROR(IF(L28="","",SUMIF([2]작업지시서!$D$8:$D$122,"*"&$L28,[2]작업지시서!$E$8:$E$123)),"") -> 0 | P28: =N28+O28 -> 0
C29: 더블고기도시락 | D29: 1022 | E29: 861 | F29: 1883 | G29: =M29 -> 0 | H29: =P29 -> 0 | I29: =G29+H29 -> 0 | J29: =IFERROR(I29/F29,"") -> 0 | L29: 더블고기도시락 | M29: =IFERROR(IF(L29="","",SUMIF([1]작업지시서!$D$8:$D$118,"*"&$L29,[1]작업지시서!$E$8:$E$119)),"") -> 0 | N29: =IFERROR(IF(L29="","",SUMIF([2]작업지시서!$D$8:$D$122,"*"&$L29,[2]작업지시서!$E$8:$E$123)),"") -> 0 | P29: =N29+O29 -> 0
C30: 황금왕돈까스도시락 | D30: 386 | E30: 410 | F30: 796 | G30: =M30 -> 0 | H30: =P30 -> 0 | I30: =G30+H30 -> 0 | J30: =IFERROR(I30/F30,"") -> 0 | L30: 황금왕돈까스도시락 | M30: =IFERROR(IF(L30="","",SUMIF([1]작업지시서!$D$8:$D$118,"*"&$L30,[1]작업지시서!$E$8:$E$119)),"") -> 0 | N30: =IFERROR(IF(L30="","",SUMIF([2]작업지시서!$D$8:$D$122,"*"&$L30,[2]작업지시서!$E$8:$E$123)),"") -> 0 | P30: =N30+O30 -> 0
C31: =B22&" 소계" -> 도시락 소계 | D31: 4676 | E31: 4557 | F31: 9233 | G31: =SUM(G22:G30) -> 0 | H31: =SUM(H22:H30) -> 2 | I31: =SUM(I22:I30) -> 2 | J31: =IFERROR(I31/F31,"") -> 0.00021661432
B32: HMR | C32: 판돌리고싶은중화요리 | D32: 39 | E32: 66 | F32: 105 | G32: =M32 -> 0 | H32: =P32 -> 0 | I32: =G32+H32 -> 0 | J32: =IFERROR(I32/F32,"") -> 0 | L32: 판돌리고싶은중화요리 | M32: =IFERROR(IF(L32="","",SUMIF([1]작업지시서!$D$8:$D$118,"*"&$L32,[1]작업지시서!$E$8:$E$119)),"") -> 0 | N32: =IFERROR(IF(L32="","",SUMIF([2]작업지시서!$D$8:$D$122,"*"&$L32,[2]작업지시서!$E$8:$E$123)),"") -> 0 | P32: =N32+O32 -> 0
C33: 도토리묵사발 | D33: 164 | E33: 142 | F33: 306 | G33: =M33 -> 0 | H33: =P33 -> 0 | I33: =G33+H33 -> 0 | J33: =IFERROR(I33/F33,"") -> 0 | L33: 도토리묵사발 | M33: =IFERROR(IF(L33="","",SUMIF([1]작업지시서!$D$8:$D$118,"*"&$L33,[1]작업지시서!$E$8:$E$119)),"") -> 0 | N33: =IFERROR(IF(L33="","",SUMIF([2]작업지시서!$D$8:$D$122,"*"&$L33,[2]작업지시서!$E$8:$E$123)),"") -> 0 | P33: =N33+O33 -> 0
C34: =B32&" 소계" -> HMR 소계 | D34: 203 | E34: 208 | F34: 411 | G34: =SUM(G32:G33) -> 0 | H34: =SUM(H32:H33) -> 0 | I34: =SUM(I32:I33) -> 0 | J34: =IFERROR(I34/F34,"") -> 0
B35: 버거 | C35: 치즈폭탄버거 | D35: 496 | E35: 693 | F35: 1189 | G35: =M35 -> 0 | H35: =P35 -> 0 | I35: =G35+H35 -> 0 | J35: =IFERROR(I35/F35,"") -> 0 | L35: 치즈폭탄버거 | M35: =IFERROR(IF(L35="","",SUMIF([1]작업지시서!$D$8:$D$118,"*"&$L35,[1]작업지시서!$E$8:$E$119)),"") -> 0 | N35: =IFERROR(IF(L35="","",SUMIF([2]작업지시서!$D$8:$D$122,"*"&$L35,[2]작업지시서!$E$8:$E$123)),"") -> 0 | P35: =N35+O35 -> 0
C36: 고등급식)더블킹새우버거 | D36: 171 | E36: 191 | F36: 362 | G36: =M36 -> 0 | H36: =P36 -> 0 | I36: =G36+H36 -> 0 | J36: =IFERROR(I36/F36,"") -> 0 | L36: 고등급식)더블킹새우버거 | M36: =IFERROR(IF(L36="","",SUMIF([1]작업지시서!$D$8:$D$118,"*"&$L36,[1]작업지시서!$E$8:$E$119)),"") -> 0 | N36: =IFERROR(IF(L36="","",SUMIF([2]작업지시서!$D$8:$D$122,"*"&$L36,[2]작업지시서!$E$8:$E$123)),"") -> 0 | P36: =N36+O36 -> 0
C37: 빅)소불고기버거 | D37: 737 | E37: 711 | F37: 1448 | G37: =M37 -> 0 | H37: =P37 -> 0 | I37: =G37+H37 -> 0 | J37: =IFERROR(I38/F37,"") -> 0 | L37: 빅)소불고기버거 | M37: =IFERROR(IF(L37="","",SUMIF([1]작업지시서!$D$8:$D$118,"*"&$L37,[1]작업지시서!$E$8:$E$119)),"") -> 0 | N37: =IFERROR(IF(L37="","",SUMIF([2]작업지시서!$D$8:$D$122,"*"&$L37,[2]작업지시서!$E$8:$E$123)),"") -> 0 | P37: =N37+O37 -> 0
C38: 포크까스버거 | G38: =M38 -> 0 | H38: =P38 -> 0 | I38: =G38+H38 -> 0 | J38: =IFERROR(I39/F38,"") | L38: 포크까스버거 | M38: =IFERROR(IF(L38="","",SUMIF([1]작업지시서!$D$8:$D$118,"*"&$L38,[1]작업지시서!$E$8:$E$119)),"") -> 0 | N38: =IFERROR(IF(L38="","",SUMIF([2]작업지시서!$D$8:$D$122,"*"&$L38,[2]작업지시서!$E$8:$E$123)),"") -> 0 | P38: =N38+O38 -> 0
C39: =B35&" 소계" -> 버거 소계 | D39: 1404 | E39: 1595 | F39: 2999 | G39: =SUM(G35:G38) -> 0 | H39: =SUM(H35:H38) -> 0 | I39: =SUM(I35:I38) -> 0 | J39: =IFERROR(I39/F39,"") -> 0
B40: 샌드 위치 | C40: 고등급식)치킨데리샌드 | D40: 201 | E40: 213 | F40: 414 | G40: =M40 -> 0 | H40: =P40 -> 2 | I40: =G40+H40 -> 2 | J40: =IFERROR(I40/F40,"") -> 0.0048309179 | L40: 고등급식)치킨데리샌드 | M40: =IFERROR(IF(L40="","",SUMIF([1]작업지시서!$D$8:$D$118,"*"&$L40,[1]작업지시서!$E$8:$E$119)),"") -> 0 | N40: =IFERROR(IF(L40="","",SUMIF([2]작업지시서!$D$8:$D$122,"*"&$L40,[2]작업지시서!$E$8:$E$123)),"") -> 0 | O40: 2 | P40: =N40+O40 -> 2
C41: NEW계란듬뿍샌드위치 | D41: 212 | E41: 148 | F41: 360 | G41: =M41 -> 0 | H41: =P41 -> 0 | I41: =G41+H41 -> 0 | J41: =IFERROR(I41/F41,"") -> 0 | L41: NEW계란듬뿍샌드위치 | M41: =IFERROR(IF(L41="","",SUMIF([1]작업지시서!$D$8:$D$118,"*"&$L41,[1]작업지시서!$E$8:$E$119)),"") -> 0 | N41: =IFERROR(IF(L41="","",SUMIF([2]작업지시서!$D$8:$D$122,"*"&$L41,[2]작업지시서!$E$8:$E$123)),"") -> 0 | P41: =N41+O41 -> 0
C42: =B40&" 소계" -> 샌드 위치 소계 | D42: 413 | E42: 361 | F42: 774 | G42: =SUM(G40:G41) -> 0 | H42: =SUM(H40:H41) -> 2 | I42: =SUM(I40:I41) -> 2 | J42: =IFERROR(I42/F42,"") -> 0.0025839793
B43: 조리면 | C43: 열무김치말이국수 | D43: 116 | E43: 113 | F43: 229 | G43: =M43 -> 0 | H43: =P43 -> 0 | I43: =G43+H43 -> 0 | J43: =IFERROR(I43/F43,"") -> 0 | L43: 열무김치말이국수 | M43: =IFERROR(IF(L43="","",SUMIF([1]작업지시서!$D$8:$D$118,"*"&$L43,[1]작업지시서!$E$8:$E$119)),"") -> 0 | N43: =IFERROR(IF(L43="","",SUMIF([2]작업지시서!$D$8:$D$122,"*"&$L43,[2]작업지시서!$E$8:$E$123)),"") -> 0 | P43: =N43+O43 -> 0
C44: 대왕)돈까스스파게티 | D44: 117 | E44: 131 | F44: 248 | G44: =M44 -> 0 | H44: =P44 -> 0 | I44: =G44+H44 -> 0 | J44: =IFERROR(I44/F44,"") -> 0 | L44: 대왕)돈까스스파게티 | M44: =IFERROR(IF(L44="","",SUMIF([1]작업지시서!$D$8:$D$118,"*"&$L44,[1]작업지시서!$E$8:$E$119)),"") -> 0 | N44: =IFERROR(IF(L44="","",SUMIF([2]작업지시서!$D$8:$D$122,"*"&$L44,[2]작업지시서!$E$8:$E$123)),"") -> 0 | P44: =N44+O44 -> 0
C45: 고등급식)함박스파게티 | D45: 489 | E45: 442 | F45: 931 | G45: =M45 -> 0 | H45: =P45 -> 0 | I45: =G45+H45 -> 0 | J45: =IFERROR(I45/F45,"") -> 0 | L45: 고등급식)함박스파게티 | M45: =IFERROR(IF(L45="","",SUMIF([1]작업지시서!$D$8:$D$118,"*"&$L45,[1]작업지시서!$E$8:$E$119)),"") -> 0 | N45: =IFERROR(IF(L45="","",SUMIF([2]작업지시서!$D$8:$D$122,"*"&$L45,[2]작업지시서!$E$8:$E$123)),"") -> 0 | P45: =N45+O45 -> 0
C46: 피파게티)콤비네이션 | D46: 45 | E46: 57 | F46: 102 | G46: =M46 -> 0 | H46: =P46 -> 0 | I46: =G46+H46 -> 0 | J46: =IFERROR(I46/F46,"") -> 0 | L46: 피파게티)콤비네이션 | M46: =IFERROR(IF(L46="","",SUMIF([1]작업지시서!$D$8:$D$118,"*"&$L46,[1]작업지시서!$E$8:$E$119)),"") -> 0 | N46: =IFERROR(IF(L46="","",SUMIF([2]작업지시서!$D$8:$D$122,"*"&$L46,[2]작업지시서!$E$8:$E$123)),"") -> 0 | P46: =N46+O46 -> 0
C47: 매콤로제치킨파스타 | D47: 30 | E47: 24 | F47: 54 | G47: =M47 -> 0 | H47: =P47 -> 0 | I47: =G47+H47 -> 0 | J47: =IFERROR(I47/F47,"") -> 0 | L47: 매콤로제치킨파스타 | M47: =IFERROR(IF(L47="","",SUMIF([1]작업지시서!$D$8:$D$118,"*"&$L47,[1]작업지시서!$E$8:$E$119)),"") -> 0 | N47: =IFERROR(IF(L47="","",SUMIF([2]작업지시서!$D$8:$D$122,"*"&$L47,[2]작업지시서!$E$8:$E$123)),"") -> 0 | P47: =N47+O47 -> 0
C48: 오뚜기)크림스파게티 | D48: 16 | E48: 23 | F48: 39 | G48: =M48 -> 0 | H48: =P48 -> 0 | I48: =G48+H48 -> 0 | J48: =IFERROR(I48/F48,"") -> 0 | L48: 오뚜기)크림스파게티 | M48: =IFERROR(IF(L48="","",SUMIF([1]작업지시서!$D$8:$D$118,"*"&$L48,[1]작업지시서!$E$8:$E$119)),"") -> 0 | N48: =IFERROR(IF(L48="","",SUMIF([2]작업지시서!$D$8:$D$122,"*"&$L48,[2]작업지시서!$E$8:$E$123)),"") -> 0 | P48: =N48+O48 -> 0
C49: 토마토오믈렛파스타 | D49: 26 | E49: 29 | F49: 55 | G49: =M49 -> 0 | H49: =P49 -> 0 | I49: =G49+H49 -> 0 | J49: =IFERROR(I49/F49,"") -> 0 | L49: 토마토오믈렛파스타 | M49: =IFERROR(IF(L49="","",SUMIF([1]작업지시서!$D$8:$D$118,"*"&$L49,[1]작업지시서!$E$8:$E$119)),"") -> 0 | N49: =IFERROR(IF(L49="","",SUMIF([2]작업지시서!$D$8:$D$122,"*"&$L49,[2]작업지시서!$E$8:$E$123)),"") -> 0 | P49: =N49+O49 -> 0
C50: 좌)치킨철판볶음면 | D50: 52 | E50: 51 | F50: 103 | G50: =M50 -> 0 | H50: =P50 -> 0 | I50: =G50+H50 -> 0 | J50: =IFERROR(I50/F50,"") -> 0 | L50: 좌)치킨철판볶음면 | M50: =IFERROR(IF(L50="","",SUMIF([1]작업지시서!$D$8:$D$118,"*"&$L50,[1]작업지시서!$E$8:$E$119)),"") -> 0 | N50: =IFERROR(IF(L50="","",SUMIF([2]작업지시서!$D$8:$D$122,"*"&$L50,[2]작업지시서!$E$8:$E$123)),"") -> 0 | P50: =N50+O50 -> 0
C51: =B43&" 소계" -> 조리면 소계 | D51: 891 | E51: 870 | F51: 1761 | G51: =SUM(G43:G50) -> 0 | H51: =SUM(H43:H50) -> 0 | I51: =SUM(I43:I50) -> 0 | J51: =IFERROR(I51/F51,"") -> 0
B53: 분 류 합 계 | D53: 32872 | E53: 30890 | F53: 63762 | G53: =G15+G21+G31+G34+G39+G42+G51 -> 3135 | H53: =H15+H21+H31+H34+H39+H42+H51 -> 2144 | I53: =G53+H53 -> 5279 | J53: =IFERROR(I53/F53,"") -> 0.082792259 | L53: 합계 | M53: =SUM(M6:M50) -> 3135 | N53: =SUM(N6:N50) -> 2128 | O53: =SUM(O6:O50) -> 16 | P53: =SUM(P6:P50) -> 2144
B55: 매출금액 | D55: 42686028 | E55: 40524805 | F55: 83210833 | G55: 46553560 | H55: 42687508 | I55: =G55+H55 -> 89241068 | J55: =IFERROR(I55/F55,"") -> 1.0724694
B56: 출근인원 | D56: 90 | G56: 95 | J56: =IFERROR(I56/F56,"")
