Workbook

Sheet 부자재
A1: 부자재 | D1: =TODAY() -> 46324 | J1: 작성 | K1: 검토 | L1: 승인
A3: 재고조사자 | F3: 6/14 기준 | H3: 재고조사 시간
A4: 구분 | B4: 거래처 | C4: ID | D4: 제품명 | E4: 입고일 | F4: 일 사용량 (박스) | G4: 카테고리 | H4: 박스 | I4: 낱개(봉) | J4: 현재고(봉) | K4: 입수량 | L4: 완제품명 | M4: 봉단가 | N4: 금액
A5: 1 | B5: 글로벌코리아 | D5: 54*45 적색(삼각) 3500장 (20롤*1박스) | E5: D+2 | F5: =IFERROR(VLOOKUP(C5,[1]Sheet1!$A$1:$D$65536,3,0)/K5,"") | G5: 바코드 | J5: =H5*K5+I5 -> 0 | K5: 20 | N5: =M5*J5 -> 0
A6: 2 | B6: 글로벌코리아 | D6: 54*45 청색(삼각) 3500장 (20롤*1박스) | E6: D+2 | F6: =IFERROR(VLOOKUP(C6,[1]Sheet1!$A$1:$D$65536,3,0)/K6,"") | G6: 바코드 | J6: =H6*K6+I6 -> 0 | K6: 20 | N6: =M6*J6 -> 0
A7: 3 | B7: 글로벌코리아 | D7: 56*45 적색(김밥) 3500장 (20롤*1박스) | E7: D+2 | F7: =IFERROR(VLOOKUP(C7,[1]Sheet1!$A$1:$D$65536,3,0)/K7,"") | G7: 바코드 | J7: =H7*K7+I7 -> 0 | K7: 20 | N7: =M7*J7 -> 0
A8: 4 | B8: 글로벌코리아 | D8: 56*45 청색(김밥) 3500장 (20롤*1박스) | E8: D+2 | F8: =IFERROR(VLOOKUP(C8,[1]Sheet1!$A$1:$D$65536,3,0)/K8,"") | G8: 바코드 | J8: =H8*K8+I8 -> 0 | K8: 20 | N8: =M8*J8 -> 0
A9: 5 | B9: 글로벌코리아 | D9: 60*35 적색(도시락) 4000장 (20롤*1박스) | E9: D+2 | F9: =IFERROR(VLOOKUP(C9,[1]Sheet1!$A$1:$D$65536,3,0)/K9,"") | G9: 바코드 | J9: =H9*K9+I9 -> 0 | K9: 20 | N9: =M9*J9 -> 0
A10: 6 | B10: 글로벌코리아 | D10: 60*35 청색(도시락) 4000장 (20롤*1박스) | E10: D+2 | F10: =IFERROR(VLOOKUP(C10,[1]Sheet1!$A$1:$D$65536,3,0)/K10,"") | G10: 바코드 | J10: =H10*K10+I10 -> 0 | K10: 20 | N10: =M10*J10 -> 0
A11: 7 | B11: GMRO | D11: 에코피드수축필름 (12mic*16inch*1500m) (1롤*1박스) | E11: D+2 | F11: =IFERROR(VLOOKUP(C11,[1]Sheet1!$A$1:$D$65536,3,0)/K11,"") | G11: 수축필름 | J11: =H11*K11+I11 -> 0 | K11: 1 | N11: =M11*J11 -> 0
A12: 8 | B12: 대동전산폼 | D12: QCS 감열지(흰색) 400장 (40롤*1박스) | E12: D+7 | F12: =IFERROR(VLOOKUP(C12,[1]Sheet1!$A$1:$D$65536,3,0)/K12,"") | G12: 소모품 | J12: =H12*K12+I12 -> 0 | K12: 40 | N12: =M12*J12 -> 0
A13: 9 | B13: 비닐월드 | D13: 쓰레기봉투 (400매) | E13: D+2 | F13: =IFERROR(VLOOKUP(C13,[1]Sheet1!$A$1:$D$65536,3,0)/K13,"") | G13: 소모품 | J13: =H13*K13+I13 -> 0 | K13: 1 | N13: =M13*J13 -> 0
A14: 10 | B14: 비닐월드 | D14: 밥비닐/윗트임(900매) 청색 | E14: D+2 | F14: =IFERROR(VLOOKUP(C14,[1]Sheet1!$A$1:$D$65536,3,0)/K14,"") | G14: 소모품 | J14: =H14*K14+I14 -> 0 | K14: 1 | N14: =M14*J14 -> 0
A15: 11 | B15: 비닐월드 | D15: 밥비닐/윗트임(900매) 적색 | E15: D+2 | F15: =IFERROR(VLOOKUP(C15,[1]Sheet1!$A$1:$D$65536,3,0)/K15,"") | G15: 소모품 | J15: =H15*K15+I15 -> 0 | K15: 1 | N15: =M15*J15 -> 0
A16: 12 | B16: 비닐월드 | D16: 밥비닐/옆트임(900매) 청색 | E16: D+2 | F16: =IFERROR(VLOOKUP(C16,[1]Sheet1!$A$1:$D$65536,3,0)/K16,"") | G16: 소모품 | J16: =H16*K16+I16 -> 0 | K16: 1 | N16: =M16*J16 -> 0
... A21: 17 | B21: 대영하이텍 | D21: 옆트임(적색)[110(10)*70] 900매 (18KG*1박스) | E21: D+2 | F21: =IFERROR(VLOOKUP(C21,[1]Sheet1!$A$1:$D$65536,3,0)/K21,"") | G21: 소모품 | J21: =H21*K21+I21 -> 0 | K21: 1 | N21: =M21*J21 -> 0
A22: 18 | B22: 한국아사히소교 | C22: 30003484 | D22: 통오이김밥)지함 800매*1박스 | E22: D+2 | F22: =IFERROR(VLOOKUP(C22,[1]Sheet1!$A$1:$D$65536,3,0),"") | G22: 지함 | J22: =H22*K22+I22 -> 0 | K22: 1 | L22: 통오이김밥 | N22: =M22*J22 -> 0
A23: 19 | B23: 한국아사히소교 | C23: 30003483 | D23: 통오이김밥)투명필름 8000매*1박스 (400장*20봉) | E23: D+2 | F23: =IFERROR(VLOOKUP(C23,[1]Sheet1!$A$1:$D$65536,3,0),"") | G23: 필름 | J23: =H23*K23+I23 -> 0 | K23: 20 | L23: 통오이김밥 | N23: =M23*J23 -> 0
A24: 18 | B24: 한국아사히소교 | C24: 30003539 | D24: 왕돈까스김밥 500매*12봉 | E24: D+2 | F24: =IFERROR(VLOOKUP(C24,[1]Sheet1!$A$1:$D$65536,3,0),"") -> 3.682 | G24: 필름 | J24: =H24*K24+I24 -> 0 | K24: 12 | N24: =M24*J24 -> 0
A25: 19 | B25: 한국아사히소교 | C25: 30003574 | D25: 종가)김치제육김밥 500매*12봉 | E25: D+2 | F25: =IFERROR(VLOOKUP(C25,[1]Sheet1!$A$1:$D$65536,3,0),"") -> 2.29 | G25: 필름 | J25: =H25*K25+I25 -> 0 | K25: 12 | N25: =M25*J25 -> 0
A26: 19 | B26: 한국아사히소교 | C26: 30003646 | D26: 참치김치볶음김밥 500매*12봉 | E26: D+2 | G26: 필름 | J26: =H26*K26+I26 -> 0 | K26: 12 | N26: =M26*J26 -> 0
A27: 19 | B27: 한국아사히소교 | C27: 30003682 | D27: 필름)진미채치즈김밥 500매*12봉 | E27: D+2 | G27: 필름 | J27: =H27*K27+I27 -> 0 | K27: 12 | N27: =M27*J27 -> 0
A28: 20 | B28: 골드필름(네트웍스) | C28: 30003097 | D28: 골드)델리캡/퍼스트/가온/GFS/제이비/삼영]간지 4.5*15 1,000매*1봉 | E28: D+2 | F28: =IFERROR(VLOOKUP(C28,[1]Sheet1!$A$1:$D$65536,3,0),"") -> 0.203 | G28: 소모품 | J28: =H28*K28+I28 -> 0 | K28: 1 | L28: 슈퍼핫도그 2종 | N28: =M28*J28 -> 0
A29: 21 | B29: 골드필름(네트웍스) | C29: 30003096 | D29: 골드)GFS]간지 9*9 1,000매*1봉 | E29: D+2 | F29: =IFERROR(VLOOKUP(C29,[1]Sheet1!$A$1:$D$65536,3,0),"") -> 0.884 | G29: 소모품 | J29: =H29*K29+I29 -> 0 | K29: 1 | L29: 혜자)돌아온 등심돈까스 | N29: =M29*J29 -> 0
A30: 21 | B30: 골드필름(네트웍스) | C30: 30003096 | D30: 골드)GFS]간지 6*6 1,000매*1봉 | E30: D+2 | F30: =IFERROR(VLOOKUP(C30,[1]Sheet1!$A$1:$D$65536,3,0),"") -> 0.884 | G30: 소모품 | J30: =H30*K30+I30 -> 0 | K30: 1 | N30: =M30*J30 -> 0
A31: 22 | B31: 골드필름(네트웍스) | C31: 30003529 | D31: 골드)한국/GFS]THE근본김밥 500매*20봉 | E31: D+2 | F31: =IFERROR(VLOOKUP(C31,[1]Sheet1!$A$1:$D$65536,3,0),"") -> 5.872 | G31: 필름 | J31: =H31*K31+I31 -> 0 | K31: 20 | N31: =M31*J31 -> 0
A32: 23 | B32: 골드필름(네트웍스) | C32: 30003538 | D32: 골드)델리/퍼스트/우리/GFS]더블치즈소시지김밥 500매*20봉 | E32: D+2 | F32: =IFERROR(VLOOKUP(C32,[1]Sheet1!$A$1:$D$65536,3,0),"") -> 3.024 | G32: 필름 | J32: =H32*K32+I32 -> 0 | K32: 20 | N32: =M32*J32 -> 0
A33: 24 | B33: 골드필름(네트웍스) | C33: 30003540 | D33: 골드)퍼스트/델리/GFS]불고기치즈김밥 500매*20봉 | E33: D+2 | F33: =IFERROR(VLOOKUP(C33,[1]Sheet1!$A$1:$D$65536,3,0),"") -> 3.092 | G33: 필름 | J33: =H33*K33+I33 -> 0 | K33: 20 | N33: =M33*J33 -> 0
A34: 25 | B34: 골드필름(네트웍스) | C34: 30003618 | D34: 골드)퍼스트/델리/GFS]스팸계란치즈김밥 500매*20봉 | E34: D+2 | F34: =IFERROR(VLOOKUP(C34,[1]Sheet1!$A$1:$D$65536,3,0),"") | G34: 필름 | J34: =H34*K34+I34 -> 0 | K34: 20 | N34: =M34*J34 -> 0
A35: 26 | B35: 골드필름(네트웍스) | C35: 30003598 | D35: 골드)GFS/서브]직화)한돈제육쌈김밥 500매*20봉 | E35: D+2 | F35: =IFERROR(VLOOKUP(C35,[1]Sheet1!$A$1:$D$65536,3,0),"") -> 6.77 | G35: 필름 | J35: =H35*K35+I35 -> 0 | K35: 20 | N35: =M35*J35 -> 0
A36: 27 | B36: 골드필름(네트웍스) | C36: 30003165 | D36: 골드)퍼스트/GFS]착한김치김밥 500매*20봉 | E36: D+2 | F36: =IFERROR(VLOOKUP(C36,[1]Sheet1!$A$1:$D$65536,3,0),"") -> 0.418 | G36: 필름 | J36: =H36*K36+I36 -> 0 | K36: 20 | N36: =M36*J36 -> 0
A37: 28 | B37: 골드필름(네트웍스) | C37: 30003166 | D37: 골드)퍼스트/GFS]착한참치마요김밥 500매*20봉 | E37: D+2 | F37: =IFERROR(VLOOKUP(C37,[1]Sheet1!$A$1:$D$65536,3,0),"") -> 0.52 | G37: 필름 | J37: =H37*K37+I37 -> 0 | K37: 20 | N37: =M37*J37 -> 0
A38: 29 | B38: 골드필름(네트웍스) | C38: 30003325 | D38: 골드)GFS]NEW스팸무스비 5000매*1롤 | E38: D+2 | F38: =IFERROR(VLOOKUP(C38,[1]Sheet1!$A$1:$D$65536,3,0),"") -> 0.413 | G38: 필름 | J38: =H38*K38+I38 -> 0 | K38: 1 | N38: =M38*J38 -> 0
A39: 30 | B39: 골드필름(네트웍스) | C39: 30003337 | D39: 골드)GFS/퍼스트]착한핫도그양배추사라다 3700매*1롤 | E39: D+2 | F39: =IFERROR(VLOOKUP(C39,[1]Sheet1!$A$1:$D$65536,3,0),"") -> 0.024 | G39: 필름 | J39: =H39*K39+I39 -> 0 | K39: 1 | N39: =M39*J39 -> 0
A40: 31 | B40: 골드필름(네트웍스) | C40: 30003336 | D40: 골드)GFS/퍼스트]착한핫도그오리지널 3700매*1롤 | E40: D+2 | F40: =IFERROR(VLOOKUP(C40,[1]Sheet1!$A$1:$D$65536,3,0),"") -> 0.031 | G40: 필름 | J40: =H40*K40+I40 -> 0 | K40: 1 | N40: =M40*J40 -> 0
A41: 32 | B41: 골드필름(네트웍스) | C41: 30003655 | D41: 골드)GFS]무스비)햄&참치김치볶음밥 5000매*1롤 | E41: D+2 | F41: =IFERROR(VLOOKUP(C41,[1]Sheet1!$A$1:$D$65536,3,0),"") | G41: 필름 | J41: =H41*K41+I41 -> 0 | K41: 1 | N41: =M41*J41 -> 0
... A51: 40 | B51: i-printing | C51: 30003604 | D51: 삼각)전주비빔 (4000) | E51: D+2 | F51: =IFERROR(VLOOKUP(C51,[1]Sheet1!$A$1:$D$65536,3,0),"") -> 1.014 | G51: 스티커 | J51: =H51*K51+I51 -> 0 | K51: 1 | N51: =M51*J51 -> 0
A52: 41 | B52: i-printing | C52: 30003615 | D52: 이달의도시락6월(미식편) (1500) | E52: D+2 | F52: =IFERROR(VLOOKUP(C52,[1]Sheet1!$A$1:$D$65536,3,0),"")/1500 -> 0.744 | G52: 스티커 | J52: =H52*K52+I52 -> 0 | K52: 1 | N52: =M52*J52 -> 0
A53: 42 | B53: i-printing | C53: 30003718 | D53: 종가)들기름묵은지참치 (3000) | E53: D+2 | F53: =IFERROR(VLOOKUP(C53,[1]Sheet1!$A$1:$D$65536,3,0),"") | G53: 스티커 | J53: =H53*K53+I53 -> 0 | K53: 1 | N53: =M53*J53 -> 0
A54: 44 | B54: i-printing | C54: 30003554 | D54: 착한)마파두부덮밥(3,900원) (1500) | E54: D+2 | F54: =IFERROR(VLOOKUP(C54,[1]Sheet1!$A$1:$D$65536,3,0),"") -> 0.023 | G54: 스티커 | J54: =H54*K54+I54 -> 0 | K54: 1 | N54: =M54*J54 -> 0
A55: 45 | B55: i-printing | C55: 30003576 | D55: 착한)제육덮밥(3,900원) (1500) | E55: D+2 | F55: =IFERROR(VLOOKUP(C55,[1]Sheet1!$A$1:$D$65536,3,0),"") -> 0.025 | G55: 스티커 | J55: =H55*K55+I55 -> 0 | K55: 1 | N55: =M55*J55 -> 0
A56: 46 | B56: i-printing | C56: 30003423 | D56: 착한제육비빔밥 (1500) | E56: D+2 | F56: =IFERROR(VLOOKUP(C56,[1]Sheet1!$A$1:$D$65536,3,0),"") -> 0.067 | G56: 스티커 | J56: =H56*K56+I56 -> 0 | K56: 1 | N56: =M56*J56 -> 0
A57: 47 | B57: i-printing | C57: 30003651 | D57: 더큰)오징어&제육깻잎쌈밥 | E57: D+2 | F57: =IFERROR(VLOOKUP(C57,[1]Sheet1!$A$1:$D$65536,3,0),"") | G57: 스티커 | J57: =H57*K57+I57 -> 0 | K57: 1 | N57: =M57*J57 -> 0
A58: 48 | B58: i-printing | C58: 30003235 | D58: 혜자)돌아온등심돈까스 (1500) | E58: D+2 | F58: =IFERROR(VLOOKUP(C58,[1]Sheet1!$A$1:$D$65536,3,0),"") -> 0.884 | G58: 스티커 | J58: =H58*K58+I58 -> 0 | K58: 1 | N58: =M58*J58 -> 0
A59: 49 | B59: i-printing | C59: 30003316 | D59: 혜자)돌아온명불허전 (1500) | E59: D+2 | F59: =IFERROR(VLOOKUP(C59,[1]Sheet1!$A$1:$D$65536,3,0),"") -> 0.828 | G59: 스티커 | J59: =H59*K59+I59 -> 0 | K59: 1 | N59: =M59*J59 -> 0
A60: 50 | B60: i-printing | C60: 30003398 | D60: 혜자)백설갈비양념제육 (1000) | E60: D+2 | F60: =IFERROR(VLOOKUP(C60,[1]Sheet1!$A$1:$D$65536,3,0),"") -> 0.721 | G60: 스티커 | J60: =H60*K60+I60 -> 0 | K60: 1 | N60: =M60*J60 -> 0
A61: 51 | B61: i-printing | C61: 30003361 | D61: N혜자)불고기오징어제육 (1000) | E61: D+2 | F61: =IFERROR(VLOOKUP(C61,[1]Sheet1!$A$1:$D$65536,3,0),"") -> 1.941 | G61: 스티커 | J61: =H61*K61+I61 -> 0 | K61: 1 | N61: =M61*J61 -> 0
A62: 52 | B62: i-printing | C62: 30003630 | D62: 이달의도시락9월(한가위편)(1000) | E62: D+2 | F62: =IFERROR(VLOOKUP(C62,[1]Sheet1!$A$1:$D$65536,3,0),"") | G62: 스티커 | J62: =H62*K62+I62 -> 0 | K62: 1 | N62: =M62*J62 -> 0
A63: 52 | B63: i-printing | C63: 30003595 | D63: 두부김치제육 (1000) | E63: D+2 | F63: =IFERROR(VLOOKUP(C63,[1]Sheet1!$A$1:$D$65536,3,0),"") | G63: 스티커 | J63: =H63*K63+I63 -> 0 | K63: 1 | N63: =M63*J63 -> 0
A64: 52 | B64: i-printing | C64: 30003644 | D64: 비빔참치우동(1000) | E64: D+2 | F64: =IFERROR(VLOOKUP(C64,[1]Sheet1!$A$1:$D$65536,3,0),"") | G64: 스티커 | J64: =H64*K64+I64 -> 0 | K64: 1 | N64: =M64*J64 -> 0
... A69: 52 | B69: i-printing | C69: 30003636 | D69: 혜자)두툼돈까스&순창제육도시락 | E69: D+2 | F69: =IFERROR(VLOOKUP(C69,[1]Sheet1!$A$1:$D$65536,3,0),"") | G69: 스티커 | J69: =H69*K69+I69 -> 0 | K69: 1 | N69: =M69*J69 -> 0
A70: 52 | B70: i-printing | D70: 이달의도시락10월 | E70: D+2 | F70: =IFERROR(VLOOKUP(C70,[1]Sheet1!$A$1:$D$65536,3,0),"") | G70: 스티커 | J70: =H70*K70+I70 -> 0 | K70: 1 | N70: =M70*J70 -> 0
A71: 52 | B71: i-printing | C71: 30003636 | D71: 더큰)맥적구이한상(3000) | E71: D+2 | F71: =IFERROR(VLOOKUP(C71,[1]Sheet1!$A$1:$D$65536,3,0),"") | G71: 스티커 | J71: =H71*K71+I71 -> 0 | K71: 1 | N71: =M71*J71 -> 0
A72: 52 | B72: i-printing | C72: 30003636 | D72: 혜자)통등심돈까스&치킨까스도시락 | E72: D+2 | F72: =IFERROR(VLOOKUP(C72,[1]Sheet1!$A$1:$D$65536,3,0),"") | G72: 스티커 | J72: =H72*K72+I72 -> 0 | K72: 1 | N72: =M72*J72 -> 0
A73: 54 | B73: i-printing | E73: D+2 | F73: =IFERROR(VLOOKUP(C73,[1]Sheet1!$A$1:$D$65536,3,0),"") | G73: 스티커 | J73: =H73*K73+I73 -> 0 | K73: 10 | L73: 슈퍼핫도그 2종 | N73: =M73*J73 -> 0
A74: 54 | B74: i-printing | D74: 용기)에그햄꼬마김밥 | E74: D+2 | F74: =IFERROR(VLOOKUP(C74,[1]Sheet1!$A$1:$D$65536,3,0),"") | G74: 스티커 | J74: =H74*K74+I74 -> 0 | K74: 10 | N74: =M74*J74 -> 0
A75: 54 | B75: i-printing | D75: 커플)곱창김참치마요&전주비빔 | E75: D+2 | F75: =IFERROR(VLOOKUP(C75,[1]Sheet1!$A$1:$D$65536,3,0),"") | G75: 스티커 | J75: =H75*K75+I75 -> 0 | K75: 10 | N75: =M75*J75 -> 0
A76: 54 | B76: i-printing | E76: D+2 | F76: =IFERROR(VLOOKUP(C76,[1]Sheet1!$A$1:$D$65536,3,0),"") | G76: 스티커 | J76: =H76*K76+I76 -> 0 | K76: 10 | N76: =M76*J76 -> 0
A77: 54 | B77: SG&P(네트웍스) | C77: 30003083 | D77: 에스지앤피)핫도그지함 1,000개입 (100ea*10pk) | E77: D+2 | F77: =IFERROR(VLOOKUP(C77,[1]Sheet1!$A$1:$D$65536,3,0),"") -> 0.203 | G77: 내피 | J77: =H77*K77+I77 -> 0 | K77: 10 | L77: 슈퍼핫도그 2종 | N77: =M77*J77 -> 0
A78: 54 | B78: 송원기공 | C78: 30003083 | D78: 송원기공)베이킹컵 400개입*50줄 | E78: D+2 | F78: =IFERROR(VLOOKUP(C78,[1]Sheet1!$A$1:$D$65536,3,0),"") -> 0.203 | J78: =H78*K78+I78 -> 0 | K78: 50 | L78: 슈퍼핫도그 2종 | N78: =M78*J78 -> 0
A79: 55 | B79: 아이투알(네트웍스) | C79: 30003233 | D79: 아이투알)혜자)등심돈까스 뚜껑 100EA*6PK [PP] | E79: D+2 | F79: =IFERROR(VLOOKUP(C79,[1]Sheet1!$A$1:$D$65536,3,0)/K79,"") -> 1.4733333 | G79: 뚜껑 | J79: =H79*K79+I79 -> 0 | K79: 6 | L79: 혜자)돌아온 등심돈까스 | N79: =M79*J79 -> 0
A80: 56 | B80: 아이투알(네트웍스) | C80: 30003397 | D80: 아이투알)혜자)순창/제육 뚜껑 100EA*6PK [PP] | E80: D+2 | F80: =IFERROR(VLOOKUP(C80,[1]Sheet1!$A$1:$D$65536,3,0)/K80,"") -> 1.8033333 | G80: 뚜껑 | J80: =H80*K80+I80 -> 0 | K80: 6 | L80: 혜자)백설갈비 양념제육 | N80: =M80*J80 -> 0
A81: 55 | B81: 아이투알(네트웍스) | C81: 30003233 | D81: 아이투알)혜자)제육 난반 용기 400EA | E81: D+2 | F81: =IFERROR(VLOOKUP(C81,[1]Sheet1!$A$1:$D$65536,3,0)/K81,"") -> 8.84 | G81: 뚜껑 | J81: =H81*K81+I81 -> 0 | K81: 1 | L81: 혜자)돌아온 등심돈까스 | N81: =M81*J81 -> 0
A82: 56 | B82: 아이투알(네트웍스) | C82: 30003397 | D82: 아이투알)★혜자)한상가득 한식,중식 뚜껑 400EA | E82: D+2 | F82: =IFERROR(VLOOKUP(C82,[1]Sheet1!$A$1:$D$65536,3,0)/K82,"") -> 10.82 | G82: 뚜껑 | J82: =H82*K82+I82 -> 0 | K82: 1 | L82: 혜자)백설갈비 양념제육 | N82: =M82*J82 -> 0
A83: 55 | B83: 아이투알(네트웍스) | C83: 30003233 | D83: 2.8파이 김밥용기 | E83: D+2 | F83: =IFERROR(VLOOKUP(C83,[1]Sheet1!$A$1:$D$65536,3,0)/K83,"") -> 8.84 | G83: 용기 | J83: =H83*K83+I83 -> 0 | K83: 1 | L83: 꼬마김밥 | N83: =M83*J83 -> 0
A84: 56 | B84: 아이투알(네트웍스) | C84: 30003397 | D84: 2.8파이 김밥뚜껑 | E84: D+2 | F84: =IFERROR(VLOOKUP(C84,[1]Sheet1!$A$1:$D$65536,3,0)/K84,"") -> 10.82 | G84: 뚜껑 | J84: =H84*K84+I84 -> 0 | K84: 1 | L84: 꼬마김밥 | N84: =M84*J84 -> 0
A85: 57 | B85: 케미코(네트웍스) | C85: 30003227 | D85: 케미코)5찬도시락용기 400개입 (100ea*4pk) | E85: D+2 | F85: =IFERROR(VLOOKUP(C85,[1]Sheet1!$A$1:$D$65536,3,0)/K85,"") -> 2.6025 | G85: 용기 | J85: =H85*K85+I85 -> 0 | K85: 4 | L85: NEW혜자)반반제육 | N85: =M85*J85 -> 0
A86: 58 | B86: 정우(네트웍스) | C86: 30003228 | D86: 정우)5찬도시락뚜껑C(김O) 320개입 (80ea*4pk) [PP] | E86: D+2 | F86: 8.5 | G86: 뚜껑 | J86: =H86*K86+I86 -> 0 | K86: 4 | L86: NEW혜자)반반제육 | N86: =M86*J86 -> 0
A87: 59 | B87: 정우(네트웍스) | C87: 30003441 | D87: 정우)PP]5찬도시락뚜껑A(김X) 80개입*4줄 | E87: D+1 | G87: 뚜껑 | J87: =H87*K87+I87 -> 0 | K87: 4 | L87: 불고기오징어 돈까스고추장 | N87: =M87*J87 -> 0
A88: 59 | B88: 정우(네트웍스) | C88: 30003441 | D88: 정우)근본김밥용기 120개입*8줄 | E88: D+1 | G88: 용기 | J88: =H88*K88+I88 -> 0 | K88: 8 | L88: 근본김밥&달강정 | N88: =M88*J88 -> 0
A89: 59 | B89: 정우(네트웍스) | C89: 30003441 | D89: 정우)근본김밥뚜껑 150개입*6줄 | E89: D+1 | G89: 용기 | J89: =H89*K89+I89 -> 0 | K89: 8 | L89: 근본김밥&달강정 | N89: =M89*J89 -> 0
A90: 60 | B90: 두레(네트웍스) | C90: 30003551 | D90: 두레)DR-종이칼라베이킹컵1호 | E90: D+2 | F90: =IFERROR(VLOOKUP(C90,[1]Sheet1!$A$1:$D$65536,3,0),"") -> 1.44 | G90: 용기 | J90: =H90*K90+I90 -> 0 | K90: 40 | L90: 통등심돈까스 | N90: =M90*J90 -> 0
A91: 60 | B91: 두레(네트웍스) | C91: 30003551 | D91: 두레)종이컵-900ml 용기(크라프트무지(SKF)) 50개입*6줄 | E91: D+2 | F91: =IFERROR(VLOOKUP(C91,[1]Sheet1!$A$1:$D$65536,3,0),"") -> 1.44 | G91: 용기 | J91: =H91*K91+I91 -> 0 | K91: 6 | L91: 착한마파두부 착한제육덮밥 | N91: =M91*J91 -> 0
A92: 61 | B92: 두레(네트웍스) | C92: 30003553 | D92: 두레)DRX-160￠ 용기(원색)/원형/덮밥 50개입*6줄 | E92: D+2 | F92: =IFERROR(VLOOKUP(C92,[1]Sheet1!$A$1:$D$65536,3,0),"") -> 1.44 | G92: 내피 | J92: =H92*K92+I92 -> 0 | K92: 6 | L92: 착한마파두부 착한제육덮밥 | N92: =M92*J92 -> 0
A93: 62 | B93: 두레(네트웍스) | C93: 30003552 | D93: 두레)DRX-160￠반돔 뚜껑(투명)/덮밥 50개입*6줄 | E93: D+2 | F93: =IFERROR(VLOOKUP(C93,[1]Sheet1!$A$1:$D$65536,3,0),"") -> 1.44 | G93: 뚜껑 | J93: =H93*K93+I93 -> 0 | K93: 6 | L93: 착한마파두부 착한제육덮밥 | N93: =M93*J93 -> 0
A94: 63 | B94: 두레(네트웍스) | C94: 30003614 | D94: 두레)고급4호 뚜껑(투명) 50개입*4줄 | E94: D+2 | F94: =IFERROR(VLOOKUP(C94,[1]Sheet1!$A$1:$D$65536,3,0)/K94,"")/50 -> 5.58 | G94: 뚜껑 | J94: =H94*K94+I94 -> 0 | K94: 4 | L94: 이달의 도시락6월 | N94: =M94*J94 -> 0
A95: 64 | B95: 두레(네트웍스) | C95: 30003613 | D95: 두레)DR-126호 용기(크라프트) 50개입*4줄 | E95: D+2 | F95: =IFERROR(VLOOKUP(C95,[1]Sheet1!$A$1:$D$65536,3,0)/K95,"")/50 -> 5.58 | G95: 용기 | J95: =H95*K95+I95 -> 0 | K95: 4 | L95: 이달의 도시락6월 | N95: =M95*J95 -> 0
A96: 65 | B96: 두레(네트웍스) | C96: 30003616 | D96: 두레)MS-27호 내피 250개입*16줄 | E96: D+2 | F96: =IFERROR(VLOOKUP(C96,[1]Sheet1!$A$1:$D$65536,3,0),"")/250 -> 4.464 | G96: 내피 | J96: =H96*K96+I96 -> 0 | K96: 16 | L96: 이달의 도시락6월 | N96: =M96*J96 -> 0
A97: 63 | B97: 두레(네트웍스) | C97: 30003643 | D97: 두레)DRG-1호 뚜껑(투명) 50개입*4줄 | E97: D+2 | F97: =IFERROR(VLOOKUP(C97,[1]Sheet1!$A$1:$D$65536,3,0)/K97,"")/50 -> #VALUE! | G97: 뚜껑 | J97: =H97*K97+I97 -> 0 | K97: 4 | L97: 이달의 도시락7월 | N97: =M97*J97 -> 0
A98: 64 | B98: 두레(네트웍스) | C98: 30003642 | D98: 두레)DRG-1호 용기 100개입*2줄 | E98: D+2 | F98: =IFERROR(VLOOKUP(C98,[1]Sheet1!$A$1:$D$65536,3,0)/K98,"")/50 -> #VALUE! | G98: 용기 | J98: =H98*K98+I98 -> 0 | K98: 2 | L98: 이달의 도시락7월 | N98: =M98*J98 -> 0
A99: 65 | B99: 두레(네트웍스) | C99: 30003645 | D99: 두레)MS-25-1호 내피(반투명) 200개입*10줄 | E99: D+2 | F99: =IFERROR(VLOOKUP(C99,[1]Sheet1!$A$1:$D$65536,3,0),"")/250 -> #VALUE! | G99: 내피 | J99: =H99*K99+I99 -> 0 | K99: 10 | L99: 이달의 도시락7월 | N99: =M99*J99 -> 0
A100: 66 | B100: 두레(네트웍스) | C100: 30003216 | D100: 두레)바란小(1곽-1000장)/74*57mm 1,000개입*60줄 | E100: D+2 | F100: =IFERROR(VLOOKUP(C100,[1]Sheet1!$A$1:$D$65536,3,0),"") -> 0.884 | G100: 소모품 | J100: =H100*K100+I100 -> 0 | K100: 60 | L100: 혜자)돌아온 등심돈까스 | N100: =M100*J100 -> 0
A101: 67 | B101: 두레(네트웍스) | C101: 30003426 | D101: 두레)DR-PACK-22-3호 내피2 100개입*4줄 | E101: D+2 | F101: =IFERROR(VLOOKUP(C101,[1]Sheet1!$A$1:$D$65536,3,0),"") -> 0.67 | G101: 내피 | J101: =H101*K101+I101 -> 0 | K101: 4 | L101: 착한제육 비빔밥 | N101: =M101*J101 -> 0
A102: 68 | B102: 두레(네트웍스) | C102: 30003424 | D102: 두레)DR-PACK-22-3호 뚜껑소스(투명) 100개입*4줄 | E102: D+2 | F102: =IFERROR(VLOOKUP(C102,[1]Sheet1!$A$1:$D$65536,3,0),"") -> 0.67 | G102: 뚜껑 | J102: =H102*K102+I102 -> 0 | K102: 4 | L102: 착한제육 비빔밥 | N102: =M102*J102 -> 0
A103: 69 | B103: 두레(네트웍스) | C103: 30003425 | D103: 두레)DR-PACK-22-3호 용기(검정) 50개입*8줄 | E103: D+2 | F103: =IFERROR(VLOOKUP(C103,[1]Sheet1!$A$1:$D$65536,3,0),"") -> 1.34 | G103: 용기 | J103: =H103*K103+I103 -> 0 | K103: 8 | L103: 착한제육 비빔밥 | N103: =M103*J103 -> 0
A104: 69 | B104: 두레(네트웍스) | C104: 30003425 | D104: 두레)ET-302308호(C)PET/에코젠 50개입*2줄 | E104: D+2 | F104: =IFERROR(VLOOKUP(C104,[1]Sheet1!$A$1:$D$65536,3,0),"") -> 1.34 | G104: 용기 | J104: =H104*K104+I104 -> 0 | K104: 2 | L104: 착한제육 비빔밥 | N104: =M104*J104 -> 0
A105: 69 | B105: 두레(네트웍스) | C105: 30003425 | D105: 두레)DRG-2호(B)PP/진한우드 200개입 | E105: D+2 | F105: =IFERROR(VLOOKUP(C105,[1]Sheet1!$A$1:$D$65536,3,0),"") -> 1.34 | G105: 용기 | J105: =H105*K105+I105 -> 0 | K105: 1 | L105: 착한제육 비빔밥 | N105: =M105*J105 -> 0
A106: 69 | B106: 두레(네트웍스) | C106: 30003425 | D106: 두레)★GS-89-1호 뚜껑 공용/비빔밥 조리정사각(중) 100개입*4줄 | E106: D+2 | F106: =IFERROR(VLOOKUP(C106,[1]Sheet1!$A$1:$D$65536,3,0),"") -> 1.34 | G106: 뚜껑 | J106: =H106*K106+I106 -> 0 | K106: 4 | L106: 착한제육 비빔밥 | N106: =M106*J106 -> 0
A107: 69 | B107: 두레(네트웍스) | C107: 30003425 | D107: 두레)GS-89호 용기(검정) 100개입*4줄 | E107: D+2 | F107: =IFERROR(VLOOKUP(C107,[1]Sheet1!$A$1:$D$65536,3,0),"") -> 1.34 | G107: 용기 | J107: =H107*K107+I107 -> 0 | K107: 4 | L107: 착한제육 비빔밥 | N107: =M107*J107 -> 0
A108: 69 | B108: 두레(네트웍스) | C108: 30003425 | D108: 두레)GS-89호 용기(검정) 100개입*4줄 | E108: D+2 | F108: =IFERROR(VLOOKUP(C108,[1]Sheet1!$A$1:$D$65536,3,0),"") -> 1.34 | G108: 용기 | J108: =H108*K108+I108 -> 0 | K108: 4 | L108: 착한제육 비빔밥 | N108: =M108*J108 -> 0
A109: 70 | B109: 상지인터내쇼날 | C109: 30003422 | D109: 62파이소스컵(상) (100개*30봉/박스) | E109: D+2 | F109: =IFERROR(VLOOKUP(C109,[1]Sheet1!$A$1:$D$65536,3,0),"") -> 0.67 | G109: 뚜껑 | J109: =H109*K109+I109 -> 0 | K109: 30 | L109: 착한제육 비빔밥 | N109: =M109*J109 -> 0
A110: 71 | B110: 상지인터내쇼날 | C110: 30003453 | D110: 62파이소스컵(하) (100개*30봉/박스) | E110: D+2 | F110: =IFERROR(VLOOKUP(C110,[1]Sheet1!$A$1:$D$65536,3,0),"") -> 0.67 | G110: 용기 | J110: =H110*K110+I110 -> 0 | K110: 30 | L110: 착한제육 비빔밥 | N110: =M110*J110 -> 0
A111: 72 | B111: 상지인터내쇼날 | C111: 30003099 | D111: 가성비뚜껑 (100ea*4pk/box) [PP] | E111: D+2 | F111: =IFERROR(VLOOKUP(C111,[1]Sheet1!$A$1:$D$65536,3,0)/K111,"") -> 3.2825 | G111: 뚜껑 | J111: =H111*K111+I111 -> 0 | K111: 4 | L111: 뭘좋아할지 몰라 | N111: =M111*J111 -> 0
A112: 73 | B112: 상지인터내쇼날 | C112: 30003098 | D112: [1탄]가성비용기 (100ea*4pk/box) | E112: D+2 | F112: =IFERROR(VLOOKUP(C112,[1]Sheet1!$A$1:$D$65536,3,0)/K112,"") -> 3.2825 | G112: 용기 | J112: =H112*K112+I112 -> 0 | K112: 4 | L112: 뭘좋아할지 몰라 | N112: =M112*J112 -> 0
A113: 74 | B113: 상지인터내쇼날 | C113: 30003359 | D113: 혜자)6칸공용용기 (100ea*4pk/box) | E113: D+2 | F113: =IFERROR(VLOOKUP(C113,[1]Sheet1!$A$1:$D$65536,3,0)/K113,"") -> 9.5775 | G113: 용기 | J113: =H113*K113+I113 -> 0 | K113: 4 | L113: 불고기오징어 돈까스고추장 | N113: =M113*J113 -> 0
A114: 75 | B114: 상지인터내쇼날 | C114: 30003396 | D114: 혜자)오징어제육용기 (150ea*4pk/box) | E114: D+2 | F114: =IFERROR(VLOOKUP(C114,[1]Sheet1!$A$1:$D$65536,3,0)/K114,"") -> 1.80325 | G114: 용기 | J114: =H114*K114+I114 -> 0 | K114: 4 | L114: 혜자)백설갈비 양념제육 | N114: =M114*J114 -> 0
A115: 76 | B115: 상지인터내쇼날 | C115: 30003234 | D115: 혜자)등심돈까스용기 (150ea*4pk/box) | E115: D+2 | F115: =IFERROR(VLOOKUP(C115,[1]Sheet1!$A$1:$D$65536,3,0)/K115,"") -> 1.47325 | G115: 용기 | J115: =H115*K115+I115 -> 0 | K115: 4 | L115: 혜자)돌아온 등심돈까스 | N115: =M115*J115 -> 0
A116: 77 | B116: 상지인터내쇼날 | C116: 30003315 | D116: 혜자)명불허전뚜껑 (100ea*6pk/box) [PP] | E116: D+2 | F116: =IFERROR(VLOOKUP(C116,[1]Sheet1!$A$1:$D$65536,3,0)/K116,"") -> 1.38 | G116: 뚜껑 | J116: =H116*K116+I116 -> 0 | K116: 6 | L116: 혜자)돌아온 명불허전 | N116: =M116*J116 -> 0
A117: 78 | B117: 상지인터내쇼날 | C117: 30003314 | D117: 혜자)명불허전용기 (150ea*4pk/box) | E117: D+2 | F117: =IFERROR(VLOOKUP(C117,[1]Sheet1!$A$1:$D$65536,3,0)/K117,"") -> 1.38 | G117: 용기 | J117: =H117*K117+I117 -> 0 | K117: 4 | L117: 혜자)돌아온 명불허전 | N117: =M117*J117 -> 0
A118: 79 | B118: 상지인터내쇼날 | C118: 30003627 | D118: 26추석9월 뚜껑 (100ea*4pk/box) | E118: D+2 | F118: =IFERROR(VLOOKUP(C118,[1]Sheet1!$A$1:$D$65536,3,0)/K118,"") | G118: 용기 | J118: =H118*K118+I118 -> 0 | K118: 4 | L118: 9월도시락 | N118: =M118*J118 -> 0
...

Sheet 냉장1
A1: 냉장1 | D1: =TODAY() -> 46324 | J1: 작성 | K1: 검토 | L1: 승인
A3: 재고조사자 | F3: 6/14 기준 | H3: 재고조사 시간
A4: 구분 | B4: 거래처 | C4: ID | D4: 제품명 | E4: 입고일 | F4: 일 사용량 (박스) | G4: 유통기한 | H4: 박스 | I4: 낱개 | J4: 현재고(봉) | K4: 입수량 | L4: 발주일 | M4: 봉단가 | N4: 금액
A5: 1 | B5: 농심태경(금행) | C5: 30002902 | D5: [냉장]토마토파스타소스(2kg*6ea) | E5: D+2 | F5: =IFERROR(VLOOKUP(C5,[1]Sheet1!$A$1:$D$65536,3,0)/K5,"") -> 2.0011667 | H5: 7 | I5: 5 | J5: =H5*K5+I5 -> 47 | K5: 6 | L5: 샐 | M5: 5150 | N5: =M5*J5 -> 242050
A6: 2 | B6: 다미푸드텍(금행) | C6: 30002904 | D6: [냉장] 할라피뇨칠리소스(3kg*5ea) | E6: D+2 | F6: =IFERROR(VLOOKUP(C6,[1]Sheet1!$A$1:$D$65536,3,0)/K6,"") -> 0.6116 | H6: 3 | I6: 2 | J6: =H6*K6+I6 -> 17 | K6: 5 | L6: 샐 | M6: 11400 | N6: =M6*J6 -> 193800 | O6: 3/17신상
A7: 3 | B7: 다미푸드텍(금행) | C7: 30003064 | D7: [냉장] 쌈장마요소스(3KG*5EA) | E7: D+2 | F7: =IFERROR(VLOOKUP(C7,[1]Sheet1!$A$1:$D$65536,3,0)/K7,"") -> 1.2412 | H7: 1 | I7: 2 | J7: =H7*K7+I7 -> 7 | K7: 5 | L7: 샐 | M7: =4900*3 -> 14700 | N7: =M7*J7 -> 102900
A8: 4 | B8: 다미푸드텍(금행) | C8: 30003367 | D8: [냉장] 잡채용소스_JH (3kg*5ea) | E8: D+2 | H8: 1 | I8: 3 | J8: =H8*K8+I8 -> 8 | K8: 5 | L8: 샐 | M8: 11400 | N8: =M8*J8 -> 91200 | O8: 3/17신상
A9: 5 | B9: 다미푸드텍(금행) | C9: 20194666 | D9: [냉장] 카츠도시락용소스 (3kg*5ea) | E9: D+2 | H9: 12 | J9: =H9*K9+I9 -> 60 | K9: 5 | L9: 샐 | M9: =4900*3 -> 14700 | N9: =M9*J9 -> 882000
A10: 6 | B10: 대상(리테일) | C10: 30002846 | D10: [냉장] 비빔밥용고추장소스 (2kg*5ea) | E10: D+2 | F10: =IFERROR(VLOOKUP(C10,[1]Sheet1!$A$1:$D$65536,3,0)/K10,"") -> 0.4422 | H10: 1 | I10: 2 | J10: =H10*K10+I10 -> 7 | K10: 5 | L10: 커 | M10: 8910 | N10: =M10*J10 -> 62370
A11: 7 | B11: 대상(리테일) | C11: 30003596 | D11: [냉장] 쉐프원 불맛베이스(캡파우치)(2kg*5ea) | E11: D+2 | F11: =IFERROR(VLOOKUP(C11,[1]Sheet1!$A$1:$D$65536,3,0)/K11,"") -> 1.1394 | H11: 1 | I11: 3 | J11: =H11*K11+I11 -> 8 | K11: 5 | L11: 샐 | M11: =80700/5 -> 16140 | N11: =M11*J11 -> 129120
A12: 8 | B12: 동방푸드마스타(금행) | C12: 30002896 | D12: [냉장]통통쏘야소스(3kg*4ea) | E12: D+2 | F12: =IFERROR(VLOOKUP(C12,[1]Sheet1!$A$1:$D$65536,3,0)/K12,"") -> 0.893 | H12: 3 | I12: 2 | J12: =H12*K12+I12 -> 14 | K12: 4 | L12: 커 | M12: 10200 | N12: =M12*J12 -> 142800
A13: 9 | B13: 동방푸드마스타(금행) | C13: 30003617 | D13: [냉장] 데리야끼마요소스-FS (3kg*4ea) | E13: D+2 | F13: =IFERROR(VLOOKUP(C13,[1]Sheet1!$A$1:$D$65536,3,0)/K13,"") | H13: 6 | J13: =H13*K13+I13 -> 24 | K13: 4 | L13: 샐 | M13: 14280 | N13: =M13*J13 -> 342720
A14: 10 | B14: 매일유업(리테일) | C14: 20195150 | D14: [냉장] 마일드체다SOS치즈(960g*16ea) | E14: D+3 | F14: =IFERROR(VLOOKUP(C14,[1]Sheet1!$A$1:$D$65536,3,0)/K14,"") -> 1.990875 | H14: 9 | I14: 11 | J14: =H14*K14+I14 -> 155 | K14: 16 | L14: 커 | M14: 7440 | N14: =M14*J14 -> 1153200
A15: 11 | B15: 반찬단지(리테일) | C15: 30003582 | D15: [냉장]8mm김밥단무지2.5kg(냉장)BOX(2.5KG*4EA) | E15: D+1 | F15: =IFERROR(VLOOKUP(C15,[1]Sheet1!$A$1:$D$65536,3,0)/K15,"") -> 10.21875 | H15: 14 | I15: 2 | J15: =H15*K15+I15 -> 58 | K15: 4 | L15: 커 | M15: 3950 | N15: =M15*J15 -> 229100 | O15: 5/5신상
A16: 11 | B16: 반찬단지(리테일) | C16: 30003582 | D16: [냉장] 세천팜)김밥단무지 (2.5kg*4ea) | E16: D+1 | F16: =IFERROR(VLOOKUP(C16,[1]Sheet1!$A$1:$D$65536,3,0)/K16,"") -> 10.21875 | H16: 34 | J16: =H16*K16+I16 -> 136 | K16: 4 | L16: 커 | M16: 3950 | N16: =M16*J16 -> 537200 | O16: 5/5신상
A17: 12 | B17: 부림 | C17: 20001846 | D17: [냉장] 당근채(4kg*3봉 - 1박스) | E17: D+1 | F17: =IFERROR(VLOOKUP(C17,[1]Sheet1!$A$1:$D$65536,3,0)/K17,"") -> 16.602 | H17: 15 | J17: =H17*K17+I17 -> 45 | K17: 3 | L17: 야 | M17: 7600 | N17: =M17*J17 -> 342000
A18: 13 | B18: 선진FS(리테일) | C18: 30002903 | D18: [냉장] 치즈콕콕소시지(1.4kg*8ea) (1봉=100g*14ea) | E18: D+2 | F18: =IFERROR(VLOOKUP(C18,[1]Sheet1!$A$1:$D$65536,3,0)/K18,"") -> 9.45 | H18: 24 | J18: =H18*K18+I18 -> 192 | K18: 8 | L18: 커 | M18: =81810/8 -> 10226.25 | N18: =M18*J18 -> 1963440 | O18: 3/17신상
A19: 14 | B19: 선진FS(리테일) | C19: 30003671 | D19: [냉장] 통통한칼집소시지 PK(990g) | E19: D+1 | F19: =IFERROR(VLOOKUP(C19,[1]Sheet1!$A$1:$D$65536,3,0)/K19,"") | H19: 20 | I19: 22 | J19: =H19*K19+I19 -> 222 | K19: 10 | L19: 커 | M19: 6300 | N19: =M19*J19 -> 1398600
A20: 15 | B20: 아워홈(리테일) | C20: 30003656 | D20: [냉장] 마당놀이2(사각어묵)(1kg*10ea) | E20: D+2 | F20: =IFERROR(VLOOKUP(C20,[1]Sheet1!$A$1:$D$65536,3,0)/K20,"") | G20: 변경 | H20: 6 | I20: 26 | J20: =H20*K20+I20 -> 86 | K20: 10 | M20: 3200 | N20: =M20*J20 -> 275200
A21: 16 | B21: 아워홈(리테일) | C21: 30001165 | D21: [냉장] 깍두기(10kg*box) | E21: D+2 | F21: =IFERROR(VLOOKUP(C21,[1]Sheet1!$A$1:$D$65536,3,0)/K21,"") -> 2.82 | H21: 4 | J21: =H21*K21+I21 -> 4 | K21: 1 | L21: 야 | M21: 19800 | N21: =M21*J21 -> 79200
A22: 17 | B22: 아워홈(리테일) | C22: 30002355 | D22: [냉장] 알뜰어묵볼대림 (1kg*10봉) | E22: D+2 | F22: =IFERROR(VLOOKUP(C22,[1]Sheet1!$A$1:$D$65536,3,0)/K22,"") -> 2.626 | G22: 변경 | J22: =H22*K22+I22 -> 0 | K22: 10 | L22: 커 | M22: 2230 | N22: =M22*J22 -> 0
A23: 18 | B23: 아워홈(리테일) | C23: 30003673 | D23: [냉장]숯불갈비맛소스_2kg 행복한맛남 | E23: D+2 | F23: =IFERROR(VLOOKUP(C23,[1]Sheet1!$A$1:$D$65536,3,0)/K23,"") | H23: 1 | J23: =H23*K23+I23 -> 1 | K23: 1 | L23: 커 | M23: 2230 | N23: =M23*J23 -> 2230
A24: 19 | B24: 아워홈(리테일) | C24: 30002684 | D24: [냉장] 아워홈)채어묵Ⅲ (1kg*10ea) | E24: D+2 | F24: =IFERROR(VLOOKUP(C24,[1]Sheet1!$A$1:$D$65536,3,0)/K24,"") | G24: 영풍김밥용 | J24: =H24*K24+I24 -> 0 | K24: 10 | M24: 2810 | N24: =M24*J24 -> 0
A25: 20 | B25: 엠디에스코리아 (CJ) | C25: 30002593 | D25: [냉장] 콘버터G (1kg*10봉) | E25: D+2 | F25: =IFERROR(VLOOKUP(C25,[1]Sheet1!$A$1:$D$65536,3,0)/K25,"") -> 2.6006 | H25: 12 | I25: 9 | J25: =H25*K25+I25 -> 129 | K25: 10 | L25: 커 | M25: 5200 | N25: =M25*J25 -> 670800
A26: 21 | B26: 엠디에스코리아 (CJ) | C26: 30002318 | D26: [냉장] 만능마카로니샐러드(1kg*10봉) | E26: D+2 | F26: 3.8 | H26: 9 | J26: =H26*K26+I26 -> 90 | K26: 10 | L26: 커 | M26: 4300 | N26: =M26*J26 -> 387000
A27: 22 | B27: 엠디에스코리아 (CJ) | C27: 30003566 | D27: [냉장]마카로니샐러드(1kg*10봉) | E27: D+2 | F27: 3.8 | H27: 2 | J27: =H27*K27+I27 -> 20 | K27: 10 | L27: 커 | M27: 4300 | N27: =M27*J27 -> 86000
A28: 23 | B28: 이레팜(네트웍스) | C28: 30002007 | D28: [냉장] 계란구이(세절)(1020g*12봉) | E28: D+2 | F28: =IFERROR(VLOOKUP(C28,[1]Sheet1!$A$1:$D$65536,3,0)/K28,"") -> 1.2630833 | I28: 10 | J28: =H28*K28+I28 -> 10 | K28: 12 | L28: 커 | M28: 5900 | N28: =M28*J28 -> 59000
A29: 24 | B29: 이레팜(네트웍스) | C29: 30000910 | D29: [냉장] 야채계란말이(900g*12봉) | E29: D+2 | F29: =IFERROR(VLOOKUP(C29,[1]Sheet1!$A$1:$D$65536,3,0)/K29,"") -> 2.4375833 | H29: 8 | I29: 9 | J29: =H29*K29+I29 -> 105 | K29: 12 | L29: 커 | M29: 6250 | N29: =M29*J29 -> 656250
A30: 25 | B30: 이레팜(네트웍스) | C30: 30003510 | D30: [냉장] 더커진계란구이(1.02kg*12ea) | E30: D+2 | F30: =IFERROR(VLOOKUP(C30,[1]Sheet1!$A$1:$D$65536,3,0)/K30,"") -> 7.81175 | H30: 9 | I30: 6 | J30: =H30*K30+I30 -> 114 | K30: 12 | L30: 커 | M30: 5900 | N30: =M30*J30 -> 672600 | O30: 3/10신상
A31: 26 | B31: 이우유통 | C31: 30003288 | D31: [냉장] 송송오이피클(1kg*6ea) | E31: D+1 | F31: =IFERROR(VLOOKUP(C31,[1]Sheet1!$A$1:$D$65536,3,0)/K31,"") -> 0.35616667 | H31: 1 | J31: =H31*K31+I31 -> 6 | K31: 6 | L31: 샐 | M31: 3900 | N31: =M31*J31 -> 23400
A32: 27 | B32: 이우유통 | C32: 30003599 | D32: [냉장] 조리편한조각두부(부침용) (3kg(88ea)*3pk) | E32: D+1 | F32: =IFERROR(VLOOKUP(C32,[1]Sheet1!$A$1:$D$65536,3,0)/K32,"") -> 8.4546667 | H32: 58 | J32: 2 | K32: 3 | L32: 샐 | M32: 3900 | N32: =M32*J32 -> 7800
A33: 27 | B33: 이우유통 | C33: 30003599 | D33: [냉장] 신슈단무지 찹핑 (1kg*10pk ) | E33: D+1 | F33: =IFERROR(VLOOKUP(C33,[1]Sheet1!$A$1:$D$65536,3,0)/K33,"") -> 2.5364 | H33: 7 | I33: 5 | J33: 2 | K33: 10 | L33: 샐 | M33: 3900 | N33: =M33*J33 -> 7800
A34: 28 | B34: 진주햄(동원) | C34: 30000376 | D34: [냉장] 골드88세절K(1kg*10봉) | E34: D+1 | F34: =IFERROR(VLOOKUP(C34,[1]Sheet1!$A$1:$D$65536,3,0)/K34,"") -> 3.2648 | H34: 7 | I34: 2 | J34: =H34*K34+I34 -> 72 | K34: 10 | L34: 커 | M34: 5150 | N34: =M34*J34 -> 370800
A35: 29 | B35: 진주햄(동원) | C35: 30002614 | D35: [냉장] 알뜰주부진주줄줄이(1kg*10봉) | E35: D+1 | F35: =IFERROR(VLOOKUP(C35,[1]Sheet1!$A$1:$D$65536,3,0)/K35,"") -> 5.9682 | G35: 대체품 | H35: 3 | I35: 10 | J35: =H35*K35+I35 -> 40 | K35: 10 | L35: 커 | M35: 5500 | N35: =M35*J35 -> 220000
A36: 29 | B36: 진주햄(동원) | C36: 30003766 | D36: [냉장]숯불갈비맛스모크햄세절48(1KG*10) | E36: D+1 | F36: =IFERROR(VLOOKUP(C36,[1]Sheet1!$A$1:$D$65536,3,0)/K36,"") | H36: 3 | I36: 6 | J36: =H36*K36+I36 -> 36 | K36: 10 | L36: 커 | M36: 6900 | N36: =M36*J36 -> 248400
A37: 30 | B37: 한성기업 (동원) | C37: 20001849 | D37: [냉장] 게맛살(1.2kg*10봉) | E37: D+2 | F37: =IFERROR(VLOOKUP(C37,[1]Sheet1!$A$1:$D$65536,3,0)/K37,"") -> 5.3747 | H37: 5 | I37: 4 | J37: =H37*K37+I37 -> 54 | K37: 10 | L37: 커 | M37: 4200 | N37: =M37*J37 -> 226800
A38: 31 | B38: 풍림푸드(리테일) | C38: 30003695 | D38: [냉장]계란말이G900gBOX(900g*10pk) | E38: D+1 | F38: =IFERROR(VLOOKUP(C38,[1]Sheet1!$A$1:$D$65536,3,0)/K38,"") | H38: 25 | J38: =H38*K38+I38 -> 250 | K38: 10 | L38: 커 | M38: 24400 | N38: =M38*J38 -> 6100000
A39: 32 | B39: 태원식품(금행) | C39: 30003556 | D39: [냉장] 마라상궈소스(2kg*5ea) | E39: D+2 | F39: =IFERROR(VLOOKUP(C39,[1]Sheet1!$A$1:$D$65536,3,0)/K39,"") -> 0.0074 | J39: =H39*K39+I39 -> 0 | K39: 5 | L39: 계 | M39: 19200 | N39: =M39*J39 -> 0 | O39: 3/26신상
A40: 33 | B40: 태원식품(금행) | C40: 30003528 | D40: [냉장] 불맛향미유 (2kg*5ea) | E40: D+2 | F40: =IFERROR(VLOOKUP(C40,[1]Sheet1!$A$1:$D$65536,3,0)/K40,"") -> 0.0454 | I40: 1 | J40: =H40*K40+I40 -> 1 | K40: 5 | L40: 계 | M40: 26500 | N40: =M40*J40 -> 26500 | O40: 4/07신상
A41: 34 | B41: 한성기업 (동원) | C41: 30003070 | D41: [냉장] 숯불구이맛김밥햄(200g*30ea) | E41: D+2 | F41: =IFERROR(VLOOKUP(C41,[1]Sheet1!$A$1:$D$65536,3,0)/K41,"") -> 0.4 | H41: 1 | I41: 20 | J41: =H41*K41+I41 -> 50 | K41: 30 | L41: 커 | M41: 1820 | N41: =M41*J41 -> 91000
A42: 35 | B42: 일미농수산 | C42: 30003352 | D42: [냉장]새콤한채코울슬로우(1kg*12pk) | E42: D+2 | H42: 11 | I42: 4 | J42: =H42*K42+I42 -> 136 | K42: 12 | L42: 샐 | M42: 5330 | N42: =M42*J42 -> 724880
A43: 36 | B43: 부림 | D43: 순성)당근채(국내산) (4kg*3pk/box) | E43: D+3 | F43: =IFERROR(VLOOKUP(C43,[1]Sheet1!$A$1:$D$65536,3,0)/K43,"") | G43: 순성김밥 | J43: =H43*K43+I43 -> 0 | K43: 3 | M43: =18765/3 -> 6255 | N43: =M43*J43 -> 0
A44: 37 | B44: 부림 | D44: 우엉조림용 우엉채(중국산) (4kg*2pk) | E44: D+2 | F44: =IFERROR(VLOOKUP(C44,[1]Sheet1!$A$1:$D$65536,3,0)/K44,"") | G44: 영풍김밥용 | J44: =H44*K44+I44 -> 0 | K44: 2 | M44: 18000 | N44: =M44*J44 -> 0
A45: 38 | B45: 사조오양 | C45: 30002614 | D45: 사조오양)하이비엔나(1kg*10ea) | E45: D+2 | F45: =IFERROR(VLOOKUP(C45,[1]Sheet1!$A$1:$D$65536,3,0)/K45,"") -> 5.9682 | G45: 임시용도 | J45: =H45*K45+I45 -> 0 | K45: 10 | L45: 커 | M45: 3400 | N45: =M45*J45 -> 0
A46: 39 | B46: 사조오양 | C46: 30000376 | D46: 즉석스모크햄세절(1kg*10ea) | E46: D+2 | F46: =IFERROR(VLOOKUP(C46,[1]Sheet1!$A$1:$D$65536,3,0)/K46,"") -> 3.2648 | G46: 임시용도 | J46: =H46*K46+I46 -> 0 | K46: 10 | L46: 커 | M46: 6300 | N46: =M46*J46 -> 0
A47: 40 | B47: 다미푸드텍(금행) | C47: 30003555 | D47: [냉장] 마파두부소스(3kg*5ea) | E47: D+2 | F47: =IFERROR(VLOOKUP(C47,[1]Sheet1!$A$1:$D$65536,3,0)/K47,"") -> 0.0976 | J47: =H47*K47+I47 -> 0 | K47: 5 | L47: 계 | M47: 14550 | N47: =M47*J47 -> 0 | O47: 3/26신상
A48: 41 | B48: 다미푸드텍(금행) | C48: 30003612 | D48: [냉장] 명란마요용소스 (3kg*5ea) | E48: D+2 | F48: =IFERROR(VLOOKUP(C48,[1]Sheet1!$A$1:$D$65536,3,0)/K48,"") -> 0.0912 | J48: =H48*K48+I48 -> 0 | K48: 5 | L48: 샐 | M48: 14700 | N48: =M48*J48 -> 0
A49: 42 | B49: 다미푸드텍(금행) | C49: 30003465 | D49: [냉장]닭갈비소스-J (3kg*5ea) | E49: D+2 | F49: =IFERROR(VLOOKUP(C49,[1]Sheet1!$A$1:$D$65536,3,0)/K49,"") -> 0.3926 | J49: =H49*K49+I49 -> 0 | K49: 5 | L49: 샐 | M49: =4500*3 -> 13500 | N49: =M49*J49 -> 0 | O49: 1/27신상
A50: 43 | B50: 다미푸드텍(금행) | C50: 30003064 | D50: [냉장] 찜닭용소스 (3kg*5ea) | E50: D+2 | J50: =H50*K50+I50 -> 0 | K50: 5 | L50: 샐 | M50: =4900*3 -> 14700 | N50: =M50*J50 -> 0
A51: 44 | B51: 아워홈(리테일) | C51: 50000051 | D51: [냉장]부산어묵 볼 행복한맛남 PK.(1kg) | E51: D+2 | H51: 2 | I51: 16 | J51: =H51*K51+I51 -> 36 | K51: 10 | M51: 2230
A52: 45
A53: 46
A55: 26 | B55: 엠디에스코리아 (CJ) | C55: 30002555 | D55: [냉장] 살사후실리샐러드(1kg*10봉) | E55: D+2 | F55: 3.8 | J55: =H55*K55+I55 -> 0 | K55: 10 | L55: 커 | M55: 4300 | N55: =M55*J55 -> 0
A56: 25 | B56: 엠디에스코리아 (CJ) | C56: 30002555 | D56: [냉장] 햄마카로니샐러드(1kg*10봉) | E56: D+2 | F56: =IFERROR(VLOOKUP(C56,[1]Sheet1!$A$1:$D$65536,3,0)/K56,"") -> 4.9515 | H56: 6 | J56: =H56*K56+I56 -> 60 | K56: 10 | L56: 커 | M56: 4300 | N56: =M56*J56 -> 258000
A58: 48 | B58: 부림 | D58: [냉장] 국내산콩나물(5kg*1box) | E58: D+1 | F58: =IFERROR(VLOOKUP(C58,[1]Sheet1!$A$1:$D$65536,3,0)/K58,"") | G58: 냉동김밥 | J58: =H58*K58+I58 -> 0 | K58: 1 | L58: 야 | M58: 42600 | N58: =M58*J58 -> 0
A59: 49 | B59: 스마트푸드 | D59: 차별화상회)치폴레소스(1kg*1개) | E59: D+2 | F59: =IFERROR(VLOOKUP(C59,[1]Sheet1!$A$1:$D$65536,3,0)/K59,"") | G59: 냉동베이커리 | J59: =H59*K59+I59 -> 0 | K59: 1 | M59: 7309.1 | N59: =M59*J59 -> 0
A60: 50 | B60: 대상 | D60: 쉐프원)렌치드레싱(2kg*5ea) | E60: D+2 | F60: =IFERROR(VLOOKUP(C60,[1]Sheet1!$A$1:$D$65536,3,0)/K60,"") | G60: 냉동베이커리 | J60: =H60*K60+I60 -> 0 | K60: 5 | M60: =63200/5 -> 12640 | N60: =M60*J60 -> 0
A61: 51 | B61: 에쓰푸드 | D61: [냉장] 스모크햄_500(P)S/L (500g*20ea) | E61: D+2 | F61: =IFERROR(VLOOKUP(C61,[1]Sheet1!$A$1:$D$65536,3,0)/K61,"") | G61: 냉동베이커리 | J61: =H61*K61+I61 -> 0 | K61: 20 | M61: 4310 | N61: =M61*J61 -> 0
A62: 52 | B62: 진주햄 | D62: GS스위트크림치즈S(2kg*6pk) | E62: D+1 | F62: =IFERROR(VLOOKUP(C62,[1]Sheet1!$A$1:$D$65536,3,0)/K62,"") | G62: 냉동김밥 | J62: =H62*K62+I62 -> 0 | K62: 6 | M62: 12600 | N62: =M62*J62 -> 0
A63: 53 | B63: 진주햄 | D63: [냉장] 프리미엄스모크햄(4kg*3ea) | E63: D+1 | F63: =IFERROR(VLOOKUP(C63,[1]Sheet1!$A$1:$D$65536,3,0)/K63,"") | G63: 냉동베이커리 | J63: =H63*K63+I63 -> 0 | K63: 3 | M63: 20830 | N63: =M63*J63 -> 0
A64: 54 | B64: 디핀다트 | D64: 앵커체다슬라이스치즈(80ea*16pk) | E64: D+3 | F64: =IFERROR(VLOOKUP(C64,[1]Sheet1!$A$1:$D$65536,3,0)/K64,"") | G64: 냉동김밥 | J64: =H64*K64+I64 -> 0 | K64: 16 | M64: 7760 | N64: =M64*J64 -> 0
A65: 55 | B65: 부림 | D65: 순성)우엉채(국내산) (4kg*2pk/box) | E65: D+3 | F65: =IFERROR(VLOOKUP(C65,[1]Sheet1!$A$1:$D$65536,3,0)/K65,"") | G65: 냉동김밥 | J65: =H65*K65+I65 -> 0 | K65: 2 | M65: 0 | N65: =M65*J65 -> 0
A66: 18 | B66: 반찬단지(리테일) | C66: 30003582 | D66: [냉장] 씨앗젓갈1KG(냉장)BOX(1kg*10ea) | E66: D+1 | H66: 1 | I66: 9 | J66: =H66*K66+I66 -> 13 | K66: 4 | L66: 커 | M66: 3950 | N66: =M66*J66 -> 51350 | O66: 5/5신상
B67: 대상 | C67: 30003344 | D67: [냉장] 청양고추머스터드소스(2kg*5ea) | E67: D+2 | F67: =IFERROR(VLOOKUP(C67,[2]Sheet1!$A$1:$D$65536,3,0)/K67,"") | G67: 4/14삭제 | J67: =H67*K67+I67 -> 0 | K67: 5 | L67: 커 | M67: 8910 | N67: =M67*J67 -> 0
B68: 풍림푸드(대선) | C68: 30003583 | D68: [냉장] 오므라이스지단 (825g*10봉) | E68: D+1 | F68: =IFERROR(VLOOKUP(C68,[2]Sheet1!$A$1:$D$65536,3,0)/K68,"") | G68: 6/3삭제 | J68: =H68*K68+I68 -> 0 | K68: 10 | L68: 커 | M68: 7425 | N68: =M68*J68 -> 0 | O68: 5/5신상
B69: 조흥 | C69: 30003074 | D69: [냉장] 숙성체다치즈소스(2kg*5ea) | E69: D+2 | F69: =IFERROR(VLOOKUP(C69,[3]Sheet1!$A$1:$D$65536,3,0)/K69,"") -> 0.104 | G69: 5/12삭제 | J69: =H69*K69+I69 -> 0 | K69: 5 | L69: 샐 | M69: 8200 | N69: =M69*J69 -> 0
B70: 사조오양 | C70: 30002488 | D70: [냉장] 쵸핑스모크햄 (1kg*10ea) | E70: D+2 | F70: =IFERROR(VLOOKUP(C70,[3]Sheet1!$A$1:$D$65536,3,0)/K70,"") -> 0.1449 | G70: 5/12삭제 | J70: =H70*K70+I70 -> 0 | K70: 10 | L70: 커 | M70: 5800 | N70: =M70*J70 -> 0
B71: 동방푸드 | C71: 30003468 | D71: [냉장] 시크릿양념치킨소스(2kg*5ea) | E71: D+2 | F71: =IFERROR(VLOOKUP(C71,[3]Sheet1!$A$1:$D$65536,3,0)/K71,"") -> 0.3188 | G71: 5/12삭제 | J71: =H71*K71+I71 -> 0 | K71: 5 | L71: 샐 | M71: 7000 | N71: =M71*J71 -> 0
B72: 동방푸드 | C72: 30003467 | D72: [냉장] 자메이카핫치킨소스(3kg*4ea) | E72: D+2 | F72: =IFERROR(VLOOKUP(C72,[3]Sheet1!$A$1:$D$65536,3,0)/K72,"") -> 0.161 | G72: 5/12삭제 | J72: =H72*K72+I72 -> 0 | K72: 4 | L72: 샐 | M72: 14400 | N72: =M72*J72 -> 0
B73: 한울(네트웍스) | C73: 30000096 | D73: [냉장] 다진맛김치(10kg*2pk) | E73: D+2 | F73: =IFERROR(VLOOKUP(C73,[3]Sheet1!$A$1:$D$65536,3,0)/K73,"") -> 1.1135 | G73: 5/26삭제 | J73: =H73*K73+I73 -> 0 | K73: 2 | L73: 야 | M73: 31000 | N73: =M73*J73 -> 0
B74: 미트뱅크 (네트웍스) | C74: 30002467 | D74: [냉장] 매콤불고기양념육(앞다리)(KCPBOX) 5KG*2개입 | E74: D+2 | F74: =IFERROR(VLOOKUP(C74,[3]Sheet1!$A$1:$D$65536,3,0)/K74,"") -> 3.1755 | G74: 5/26삭제 | J74: =H74*K74+I74 -> 0 | K74: 2 | L74: 계 | M74: 38000 | N74: =M74*J74 -> 0
B75: NS유통 | C75: 30003563 | D75: [냉장] 동원)통그릴비엔나(1000g*8봉) | E75: D+2 | F75: =IFERROR(VLOOKUP(C75,[4]Sheet1!$A$1:$D$65536,3,0)/K75,"") -> 3.803125 | G75: 4/30삭제 | J75: =H75*K75+I75 -> 0 | K75: 8 | L75: 커 | M75: 5000 | N75: =M75*J75 -> 0
B76: 동방푸드 | C76: 30003020 | D76: [냉장] 타르타르소스-GS(2kg*5ea) | E76: D+2 | F76: =IFERROR(VLOOKUP(C76,[4]Sheet1!$A$1:$D$65536,3,0)/K76,"") -> 1.144 | G76: 4/30삭제 | J76: =H76*K76+I76 -> 0 | K76: 5 | L76: 샐 | M76: 9900 | N76: =M76*J76 -> 0
B77: 일미농수산(금행) | C77: 30003352 | D77: [냉장] 새콤한 채코울슬로(1kg*12ea) | E77: D+2 | F77: =IFERROR(VLOOKUP(C77,[4]Sheet1!$A$1:$D$65536,3,0)/K77,"") -> 1.9416667 | G77: 4/21삭제 | J77: =H77*K77+I77 -> 0 | K77: 12 | L77: 커 | M77: 5330 | N77: =M77*J77 -> 0
B78: 엠디에스코리아 (CJ) | C78: 30003566 | D78: [냉장] 마카로니샐러드(1kg*10봉) | E78: D+2 | F78: =IFERROR(VLOOKUP(C78,[4]Sheet1!$A$1:$D$65536,3,0)/K78,"") -> 3.575 | G78: 4/30삭제 | J78: =H78*K78+I78 -> 0 | K78: 10 | L78: 커 | M78: 4300 | N78: =M78*J78 -> 0
B79: 아림식자재 | C79: 30000376 | D79: 김밥세절햄88(1kg*10봉) | E79: D+1 | G79: 임시용도 | J79: =H79*K79+I79 -> 0 | K79: 10 | L79: 커 | M79: 5150 | N79: =M79*J79 -> 0
B80: 미트뱅크 (네트웍스) | C80: 30003459 | D80: [냉장] 볶음제육양념육(KCPBOX) 5KG*2개입 | E80: D+2 | G80: 4/7삭제 | J80: =H80*K80+I80 -> 0 | K80: 2 | L80: 계 | M80: 35000 | N80: =M80*J80 -> 0
B81: 씨제이제일제당 (CJ) | C81: 30002318 | D81: [냉장]하선정/김밥단무지(13mm/3kg*4ea) | E81: D+1 | J81: =H81*K81+I81 -> 0 | K81: 4 | L81: 커 | M81: 5350 | N81: =M81*J81 -> 0
B82: 풍림푸드(대선) | C82: 30003311 | D82: [냉장] 계란후라이 (900g*10봉) | E82: D+1 | G82: 4/01삭제 | J82: =H82*K82+I82 -> 0 | K82: 10 | M82: 5445 | N82: =M82*J82 -> 0
B83: 다미푸드택 (금행) | D83: [냉장] 내슈빌핫마요소스(3kg*5봉) | E83: D+2 | G83: 10/28 삭제 | J83: =H83*K83+I83 -> 0 | K83: 5 | L83: 샐
B84: 다미푸드택 (금행) | D84: [냉장] 소프트체다치즈소스70(3kg*5ea) | E84: D+2 | G84: 10/21 삭제 | J84: =H84*K84+I84 -> 0 | K84: 5 | L84: 샐
B85: 다미푸드택 (금행) | D85: [냉장] 아메리칸케이준칠리소스 3kg*5ea | E85: D+2 | G85: 11/11 삭제 | J85: =H85*K85+I85 -> 0 | K85: 5 | L85: 샐
B86: 엠디에스코리아 (CJ) | D86: [냉장] 아삭아삭감자샐러드G(1kg*10ea) | E86: D+2 | G86: 11/11 삭제 | J86: =H86*K86+I86 -> 0 | K86: 10 | L86: 커
B87: 이우유통 | D87: [냉장] 적생강채(1.3kg*10ea) | E87: D+1 | G87: 11/4 삭제 | J87: =H87*K87+I87 -> 0 | K87: 10 | L87: 샐
B88: 진주햄 | D88: [냉장] GS/PM스모크햄4K (4kg*3팩) | E88: D+1 | G88: 11/11 삭제 | J88: =H88*K88+I88 -> 0 | K88: 3 | L88: 커
B89: 한성기업 (동원) | D89: [냉장] 새우젓갈(광천) (1kg*12ea) | E89: D+2 | G89: 10/24 이관 | J89: =H89*K89+I89 -> 0 | K89: 12 | L89: 커
B90: 풍림푸드(대선) | D90: [냉장] 얇은지단 (700G*10봉) | E90: D+1 | G90: 삭제 | J90: =H90*K90+I90 -> 0 | K90: 10 | L90: 커
B91: 풍림푸드(대선) | D91: [냉장] 계란후라이 (900g*10봉) | E91: D+1 | G91: 10/30이관 | J91: =H91*K91+I91 -> 0 | K91: 10 | L91: 커
B92: 일미농수산(금행) | D92: [냉장] 채코울슬로(1kg*12pk) | E92: D+2 | G92: 10/28 삭제 | J92: =H92*K92+I92 -> 0 | K92: 12 | L92: 샐
B93: 아워홈 | D93: [냉장] 청양마요소스(2kg*1봉) | E93: D+2 | G93: 11/4 삭제 | J93: =H93*K93+I93 -> 0 | K93: 1 | L93: 커
B94: 아워홈 | D94: [냉장] 쌈장마요소스(2kg*5ea) | E94: D+2 | G94: 불용 | J94: =H94*K94+I94 -> 0 | K94: 5 | L94: 커
... B110: 이우유통 | D110: [냉장] 타마루생면(중화면G)(3kg*2ea) | E110: D+1 | G110: 11/21 삭제 | J110: =H110*K110+I110 -> 0 | K110: 2 | L110: 샐

Sheet 냉장2
A1: 냉장2 | D1: =냉장1!D1 -> 46324 | J1: 작성 | K1: 검토 | L1: 승인
A3: 재고조사자 | F3: =냉장1!F3 -> 6/14 기준 | H3: 재고조사 시간
A4: 구분 | B4: 거래처 | C4: ID | D4: 제품명 | E4: 발주주기 | F4: 일 사용량 (박스) | G4: 유통기한 | H4: 박스 | I4: 낱개 | J4: 현재고(봉) | K4: 입수량 | L4: 발주일 | M4: 봉단가 | N4: 금액
A5: 1 | B5: 한울(네트웍스) | C5: 30000121 | D5: [냉장] 볶음김치골드(5kg)*3 | E5: D+2 | F5: =IFERROR(VLOOKUP(C5,[1]Sheet1!$A$1:$D$65536,3,0)/K5,"") -> 16.944333 | H5: 10 | I5: 2 | J5: =H5*K5+I5 -> 32 | K5: 3 | L5: 커 | M5: 19700 | N5: =M5*J5 -> 630400
A6: 2 | B6: 한울(네트웍스) | C6: 30000096 | D6: [냉장] 다진맛김치(PBOX) 10KG*2개입 | E6: D+2 | H6: 7 | I6: 1 | J6: =H6*K6+I6 -> 15 | K6: 2 | L6: 커 | M6: 19700 | N6: =M6*J6 -> 295500
A7: 3 | B7: 한울(네트웍스) | C7: 30003681 | D7: [냉장]김밥용진미채무침(PBOX) 1KG*15봉 | E7: D+2 | H7: 3 | J7: =H7*K7+I7 -> 45 | K7: 15 | L7: 커 | M7: 19700 | N7: =M7*J7 -> 886500
A8: 4 | B8: 한울(네트웍스) | C8: 30003664 | D8: [냉장]진미채견과무침(PBOX) 1KG*15봉 | E8: D+2 | J8: =H8*K8+I8 -> 0 | K8: 15 | L8: 커 | M8: 19700 | N8: =M8*J8 -> 0
A9: 4 | B9: 한울(네트웍스) | C9: 30003744 | D9: [냉장]양념깻잎찜(PBOX) 1KG*15봉 | E9: D+2 | I9: 9 | J9: =H9*K9+I9 -> 9 | K9: 15 | L9: 커 | M9: 19700 | N9: =M9*J9 -> 177300
A10: 5 | B10: 천안fs(네트웍스) | C10: 30003607 | D10: [냉장] 가쓰오치킨데리소스(PBOX) 2KG*10개입 | E10: D+1 | F10: =IFERROR(VLOOKUP(C10,[1]Sheet1!$A$1:$D$65536,3,0)/K10,"") -> 0.3564 | H10: 1 | I10: 1 | J10: =H10*K10+I10 -> 11 | K10: 10 | L10: 계 | M10: 6000 | N10: =M10*J10 -> 66000
A11: 6 | B11: 천안fs(네트웍스) | C11: 30001057 | D11: [냉장] 간장소스K(2kg*10봉) | E11: D+1 | F11: =IFERROR(VLOOKUP(C11,[1]Sheet1!$A$1:$D$65536,3,0)/K11,"") -> 0.5099 | H11: 2 | I11: 3 | J11: =H11*K11+I11 -> 23 | K11: 10 | L11: 계 | M11: 7000 | N11: =M11*J11 -> 161000
A12: 7 | B12: 천안fs(네트웍스) | C12: 30002992 | D12: [냉장] 경양식돈까스소스H(소포장)(50g*240ea) | E12: D+1 | F12: =IFERROR(VLOOKUP(C12,[1]Sheet1!$A$1:$D$65536,3,0)/K12,"") -> 3.6833333 | H12: 10 | J12: =H12*K12+I12 -> 2400 | K12: 240 | L12: 샐 | M12: 265 | N12: =M12*J12 -> 636000
A13: 7 | B13: 천안fs(네트웍스) | C13: 30003716 | D13: [냉장]경양식돈까스소스B(PBOX) 30G*420개입 | E13: D+1 | F13: =IFERROR(VLOOKUP(C13,[1]Sheet1!$A$1:$D$65536,3,0)/K13,"") | H13: 10 | J13: =H13*K13+I13 -> 4200 | K13: 420 | L13: 샐 | M13: 265 | N13: =M13*J13 -> 1113000
A14: 8 | B14: 천안fs(네트웍스) | C14: 30000065 | D14: [냉장] 고추장불고기소스(2kg*10봉) | E14: D+1 | F14: =IFERROR(VLOOKUP(C14,[1]Sheet1!$A$1:$D$65536,3,0)/K14,"") -> 1.7284 | H14: 5 | J14: =H14*K14+I14 -> 50 | K14: 10 | L14: 샐 | M14: 8300 | N14: =M14*J14 -> 415000
A15: 10 | B15: 천안fs(네트웍스) | C15: 30003526 | D15: [냉장] 김밥용돈까스소스(PBOX) 2KG*10개입 | E15: D+1 | F15: =IFERROR(VLOOKUP(C15,[1]Sheet1!$A$1:$D$65536,3,0)/K15,"") -> 2.2544 | H15: 1 | J15: =H15*K15+I15 -> 10 | K15: 10 | L15: 샐 | M15: 4900 | N15: =M15*J15 -> 49000 | O15: 3/24신상
A16: 11 | B16: 천안fs(네트웍스) | C16: 30003509 | D16: [냉장] 김밥용조미에센스소스(PBOX) 2KG*10개입 | E16: D+1 | F16: =IFERROR(VLOOKUP(C16,[1]Sheet1!$A$1:$D$65536,3,0)/K16,"") -> 2.5044 | J16: =H16*K16+I16 -> 0 | K16: 10 | L16: 취 | M16: 5900 | N16: =M16*J16 -> 0 | O16: 3/10신상
A17: 12 | B17: 천안fs(네트웍스) | C17: 30000709 | D17: [냉장] 김치볶음밥용소스(PBOX) 2KG*10개입 | E17: D+1 | F17: =IFERROR(VLOOKUP(C17,[1]Sheet1!$A$1:$D$65536,3,0)/K17,"") -> 4.196 | H17: 18 | J17: =H17*K17+I17 -> 180 | K17: 10 | L17: 샐 | M17: 9000 | N17: =M17*J17 -> 1620000
A18: 14 | B18: 천안fs(네트웍스) | C18: 30002363 | D18: [냉장] 너비아니양념소스J(PBOX) 2KG*10개입 | E18: D+1 | F18: =IFERROR(VLOOKUP(C18,[1]Sheet1!$A$1:$D$65536,3,0)/K18,"") -> 0.9974 | I18: 9 | J18: =H18*K18+I18 -> 9 | K18: 10 | L18: 계 | M18: 7800 | N18: =M18*J18 -> 70200
A19: 15 | B19: 천안fs(네트웍스) | C19: 30002195 | D19: [냉장] 뉴비빔밥용고추장소스(PBOX) 2KG*10개입 | E19: D+1 | F19: =IFERROR(VLOOKUP(C19,[1]Sheet1!$A$1:$D$65536,3,0)/K19,"") -> 2.8006 | H19: 15 | I19: 7 | J19: =H19*K19+I19 -> 157 | K19: 10 | L19: 계 | M19: 7408 | N19: =M19*J19 -> 1163056
A20: 16 | B20: 천안fs(네트웍스) | C20: 30003011 | D20: [냉장] 다시마조미식초소스(PBOX) 2KG*10개입 | E20: D+1 | F20: =IFERROR(VLOOKUP(C20,[1]Sheet1!$A$1:$D$65536,3,0)/K20,"") -> 0.032 | J20: =H20*K20+I20 -> 0 | K20: 10 | L20: 샐 | M20: 5400 | N20: =M20*J20 -> 0
A21: 17 | B21: 천안fs(네트웍스) | C21: 30003508 | D21: [냉장] 대파크림소스(PBOX) 2KG*9개입 | E21: D+1 | F21: =IFERROR(VLOOKUP(C21,[1]Sheet1!$A$1:$D$65536,3,0)/K21,"") -> 1.8052222 | G21: 7/7삭제 | J21: =H21*K21+I21 -> 0 | K21: 9 | L21: 샐 | M21: =113400/9 -> 12600 | N21: =M21*J21 -> 0 | O21: 3/03신상
A22: 18 | B22: 천안fs(네트웍스) | C22: 30003443 | D22: [냉장] 돈까스소스(소포장) 30g*420개입 | E22: D+1 | F22: =IFERROR(VLOOKUP(C22,[1]Sheet1!$A$1:$D$65536,3,0)/K22,"") -> 4.5 | J22: =H22*K22+I22 -> 0 | K22: 420 | L22: 샐 | M22: 190 | N22: =M22*J22 -> 0
A23: 19 | B23: 천안fs(네트웍스) | C23: 30002096 | D23: [냉장] 돈까스소스-FS(PBOX) 2KG*10개입 | E23: D+1 | F23: =IFERROR(VLOOKUP(C23,[1]Sheet1!$A$1:$D$65536,3,0)/K23,"") -> 0.6565 | H23: 4 | I23: 8 | J23: =H23*K23+I23 -> 48 | K23: 10 | L23: 샐 | M23: 7800 | N23: =M23*J23 -> 374400
A24: 20 | B24: 천안fs(네트웍스) | C24: 30003662 | D24: [냉장]땡초간장소스(PBOX) 2KG*10개입 | E24: D+1 | F24: =IFERROR(VLOOKUP(C24,[1]Sheet1!$A$1:$D$65536,3,0)/K24,"") | I24: 9 | J24: =H24*K24+I24 -> 9 | K24: 10 | L24: 계 | M24: 9000
A25: 21 | B25: 천안fs(네트웍스) | C25: 30003299 | D25: [냉장] 매운돈까스소스 (2kg*10ea) | E25: D+1 | F25: =IFERROR(VLOOKUP(C25,[1]Sheet1!$A$1:$D$65536,3,0)/K25,"") -> 0.2902 | H25: 4 | I25: 1 | J25: =H25*K25+I25 -> 41 | K25: 10 | L25: 샐 | M25: 7400 | N25: =M25*J25 -> 303400
A26: 22 | B26: 천안fs(네트웍스) | C26: 30002077 | D26: [냉장] 매콤닭강정소스(2kg*10봉) | E26: D+1 | F26: =IFERROR(VLOOKUP(C26,[1]Sheet1!$A$1:$D$65536,3,0)/K26,"") -> 0.5576 | H26: 3 | I26: 3 | J26: =H26*K26+I26 -> 33 | K26: 10 | L26: 계 | M26: 7885 | N26: =M26*J26 -> 260205
A27: 23 | B27: 천안fs(네트웍스) | C27: 30003608 | D27: [냉장] NEW매콤닭강정소스(PBOX) 2KG*10개입 | E27: D+1 | F27: =IFERROR(VLOOKUP(C27,[1]Sheet1!$A$1:$D$65536,3,0)/K27,"") -> 0.5741 | G27: 6/26삭제 | J27: =H27*K27+I27 -> 0 | K27: 10 | L27: 샐 | M27: 7886 | N27: =M27*J27 -> 0
A28: 24 | B28: 천안fs(네트웍스) | C28: 30003684 | D28: [냉장]매콤흑당갈비치킨소스(PBOX) 2KG*10개입 | E28: D+1 | J28: =H28*K28+I28 -> 0 | K28: 10 | L28: 계 | M28: 9000
A29: 41 | B29: 천안fs(네트웍스) | C29: 20194658 | D29: [냉장]빨간어묵볶이소스(PBOX) 2KG*10개입 | E29: D+1 | F29: =IFERROR(VLOOKUP(C29,[1]Sheet1!$A$1:$D$65536,3,0)/K29,"") | H29: 4 | I29: 1 | J29: =H29*K29+I29 -> 33 | K29: 8 | L29: 샐 | M29: 11600 | N29: =M29*J29 -> 382800
A30: 26 | B30: 천안fs(네트웍스) | C30: 30003559 | D30: [냉장] 볶음김치소스Y(PBOX) 2KG*10개입 | E30: D+1 | F30: =IFERROR(VLOOKUP(C30,[1]Sheet1!$A$1:$D$65536,3,0)/K30,"") -> 0.3243 | J30: =H30*K30+I30 -> 0 | K30: 10 | L30: 계 | M30: 9200 | N30: =M30*J30 -> 0 | O30: 3/31신상
A31: 27 | B31: 천안fs(네트웍스) | C31: 30003579 | D31: [냉장] 비빔밥용고추장소스H(PBOX) 2KG*10개입 | E31: D+2 | F31: =IFERROR(VLOOKUP(C31,[1]Sheet1!$A$1:$D$65536,3,0)/K31,"") -> 0.9441 | J31: =H31*K31+I31 -> 0 | K31: 10 | L31: 계 | M31: 7600 | N31: =M31*J31 -> 0 | O31: 4/28신상
A32: 28 | B32: 천안fs(네트웍스) | C32: 30003543 | D32: [냉장] 삼각용다시마취반소스(PBOX) 2KG*10개입 | E32: D+1 | F32: =IFERROR(VLOOKUP(C32,[1]Sheet1!$A$1:$D$65536,3,0)/K32,"") -> 0.8812 | J32: =H32*K32+I32 -> 0 | K32: 10 | L32: 취 | M32: =156000/10 -> 15600 | N32: =M32*J32 -> 0 | O32: 3/26리뉴얼
A33: 29 | B33: 천안fs(네트웍스) | C33: 30002585 | D33: [냉장] 삼각치킨조미소스(PBOX) 2KG*10개입 | E33: D+1 | F33: =IFERROR(VLOOKUP(C33,[1]Sheet1!$A$1:$D$65536,3,0)/K33,"") -> 1.021 | H33: 3 | J33: =H33*K33+I33 -> 30 | K33: 10 | L33: 샐 | M33: 9600 | N33: =M33*J33 -> 288000
A34: 30 | B34: 천안fs(네트웍스) | C34: 30003634 | D34: [냉장]스윗닭강정소스(PBOX) 2KG*10개입 | E34: D+1 | G34: 9/1신상 | J34: =H34*K34+I34 -> 0 | K34: 10 | L34: 계 | M34: 9000
A35: 31 | B35: 천안fs(네트웍스) | C35: 30003439 | D35: [냉장] 쏘야볶음소스H (2kg*10ea) | E35: D+1 | F35: =IFERROR(VLOOKUP(C35,[1]Sheet1!$A$1:$D$65536,3,0)/K35,"") -> 0.4637 | J35: 5 | K35: 10 | L35: 계 | M35: 7600 | N35: =M35*J35 -> 38000
A36: 33 | B36: 천안fs(네트웍스) | C36: 30003653 | D36: [냉장] 오삼불고기소스(PBOX) 2KG*10개입 | E36: D+1 | F36: =IFERROR(VLOOKUP(C36,[1]Sheet1!$A$1:$D$65536,3,0)/K36,"") | H36: 3 | I36: 1 | J36: =H36*K36+I36 -> 31 | K36: 10 | L36: 계 | M36: 9000
A37: 34 | B37: 천안fs(네트웍스) | C37: 30003454 | D37: [냉장] 우엉볶음용간장소스(저염)(2kg*10ea) | E37: D+1 | F37: =IFERROR(VLOOKUP(C37,[1]Sheet1!$A$1:$D$65536,3,0)/K37,"") -> 0.405 | H37: 1 | I37: 4 | J37: =H37*K37+I37 -> 14 | K37: 10 | L37: 계 | M37: 6433 | N37: =M37*J37 -> 90062
A38: 35 | B38: 천안fs(네트웍스) | C38: 30003010 | D38: [냉장] 조미식초소스(2kg*10봉) | E38: D+1 | F38: =IFERROR(VLOOKUP(C38,[1]Sheet1!$A$1:$D$65536,3,0)/K38,"") -> 2.6841 | H38: 6 | J38: =H38*K38+I38 -> 60 | K38: 10 | L38: 취 | M38: 5000 | N38: =M38*J38 -> 300000
A39: 36 | B39: 천안fs(네트웍스) | C39: 30002875 | D39: [냉장]조청닭강정소스(2kg*10ea) | E39: D+1 | F39: =IFERROR(VLOOKUP(C39,[1]Sheet1!$A$1:$D$65536,3,0)/K39,"") -> 0.8059 | I39: 7 | J39: =H39*K39+I39 -> 7 | K39: 10 | L39: 샐 | M39: 7600 | N39: =M39*J39 -> 53200
A40: 38 | B40: 천안fs(네트웍스) | C40: 30002650 | D40: [냉장]청양식매운맛간장소스(PBOX) 2KG*10개입 | E40: D+1 | F40: =IFERROR(VLOOKUP(C40,[1]Sheet1!$A$1:$D$65536,3,0)/K40,"") -> 0.6338 | H40: 1 | I40: 3 | J40: =H40*K40+I40 -> 13 | K40: 10 | L40: 샐 | M40: 7000 | N40: =M40*J40 -> 91000
A41: 39 | B41: 천안fs(네트웍스) | C41: 30003310 | D41: [냉장] 츠쿠네소스 (2kg*10ea) | E41: D+1 | F41: =IFERROR(VLOOKUP(C41,[1]Sheet1!$A$1:$D$65536,3,0)/K41,"") -> 0.3755 | J41: =H41*K41+I41 -> 0 | K41: 10 | L41: 샐 | M41: 6200 | N41: =M41*J41 -> 0
A42: 40 | B42: 천안fs(네트웍스) | C42: 30003308 | D42: [냉장] 치킨바베큐양념소스 (2kg*10ea) | E42: D+1 | F42: =IFERROR(VLOOKUP(C42,[1]Sheet1!$A$1:$D$65536,3,0)/K42,"") -> 0.5661 | H42: 2 | I42: 4 | J42: =H42*K42+I42 -> 24 | K42: 10 | L42: 샐 | M42: 7600 | N42: =M42*J42 -> 182400
A43: 41 | B43: 천안fs(네트웍스) | C43: 30000091 | D43: [냉장]후천)파프리카소스(2kg*8ea) | E43: D+1 | F43: =IFERROR(VLOOKUP(C43,[1]Sheet1!$A$1:$D$65536,3,0)/K43,"") -> 0.364 | I43: 5 | J43: =H43*K43+I43 -> 5 | K43: 8 | L43: 샐 | M43: 11600 | N43: =M43*J43 -> 58000
A44: 41 | B44: 천안fs(네트웍스) | C44: 30003748 | D44: [냉장]소세지야채볶음용소스(PBOX) 2KG*10개입 | E44: D+1 | F44: =IFERROR(VLOOKUP(C44,[1]Sheet1!$A$1:$D$65536,3,0)/K44,"") | I44: 3 | J44: =H44*K44+I44 -> 3 | K44: 10 | L44: 샐 | M44: 6000 | N44: =M44*J44 -> 18000
A45: 41 | B45: 천안fs(네트웍스) | C45: 30003763 | D45: [냉장]겨자소스(PBOX) 15G*800개입 | E45: D+1 | F45: =IFERROR(VLOOKUP(C45,[1]Sheet1!$A$1:$D$65536,3,0)/K45,"") | H45: 6 | J45: =H45*K45+I45 -> 4800 | K45: 800 | L45: 샐 | M45: 110 | N45: =M45*J45 -> 528000
A46: 41 | B46: 천안fs(네트웍스) | C46: 30003758 | D46: [냉장]광장김밥조미액FS(PBOX) 2KG*10개입 | E46: D+1 | F46: =IFERROR(VLOOKUP(C46,[1]Sheet1!$A$1:$D$65536,3,0)/K46,"") | H46: 9 | J46: =H46*K46+I46 -> 90 | K46: 10 | L46: 샐 | M46: 5400 | N46: =M46*J46 -> 486000
A47: 41 | B47: 천안fs(네트웍스) | C47: 300003764 | D47: [냉장]W갈릭마요소스(PBOX) 25G*480개입 | E47: D+1 | F47: =IFERROR(VLOOKUP(C47,[1]Sheet1!$A$1:$D$65536,3,0)/K47,"") | H47: 9.5 | J47: =H47*K47+I47 -> 4560 | K47: 480 | L47: 샐 | M47: 135 | N47: =M47*J47 -> 615600
A48: 42 | B48: 대상(리테일) | C48: 30002599 | D48: [냉장] 종가)맛김치 (10kg*2ea) | E48: D+2 | F48: =IFERROR(VLOOKUP(C48,[1]Sheet1!$A$1:$D$65536,3,0)/K48,"") -> 9.0695 | H48: 19 | I48: 1 | J48: =H48*K48+I48 -> 39 | K48: 2 | L48: 커 | M48: 31000 | N48: =M48*J48 -> 1209000
A49: 43 | B49: 대상(리테일) | C49: 30003400 | D49: [냉장] 미니백볶음김치(3kg*8ea) | E49: D+2 | F49: =IFERROR(VLOOKUP(C49,[1]Sheet1!$A$1:$D$65536,3,0)/K49,"") -> 3.262 | H49: 15 | I49: 6 | J49: =H49*K49+I49 -> 126 | K49: 8 | L49: 커 | M49: 14700 | N49: =M49*J49 -> 1852200 | O49: 3/26리뉴얼
A50: 44 | B50: 동방푸드마스타 (금행) | C50: 30000746 | D50: [냉장] 어묵볶음용소스-FS(3kg*4봉) | E50: D+2 | F50: =IFERROR(VLOOKUP(C50,[1]Sheet1!$A$1:$D$65536,3,0)/K50,"") -> 0.46175 | H50: 1 | I50: 3 | J50: =H50*K50+I50 -> 7 | K50: 4 | L50: 계 | M50: 10500 | N50: =M50*J50 -> 73500
A51: 45 | B51: 반찬단지(리테일) | C51: 30002442 | D51: [냉장] 우엉채 (3kg×5pk)-반찬단지 | E51: D+2 | F51: =IFERROR(VLOOKUP(C51,[1]Sheet1!$A$1:$D$65536,3,0)/K51,"") -> 8.4176 | H51: 8 | I51: 2 | J51: =H51*K51+I51 -> 42 | K51: 5 | L51: 커 | M51: 15540 | N51: =M51*J51 -> 652680
A52: 46 | B52: 반찬단지(리테일) | C52: 30002092 | D52: [냉장] 진미채견과볶음(1kg*10ea) | E52: D+2 | F52: =IFERROR(VLOOKUP(C52,[1]Sheet1!$A$1:$D$65536,3,0)/K52,"") -> 2.0404 | H52: 2 | I52: 3 | J52: =H52*K52+I52 -> 23 | K52: 10 | L52: 커 | M52: 10900 | N52: =M52*J52 -> 250700
A53: 46 | B53: 반찬단지(리테일) | C53: 30001919 | D53: [냉장]건새우복음(냉장)BOX(1KG*10EA) | E53: D+2 | F53: =IFERROR(VLOOKUP(C53,[1]Sheet1!$A$1:$D$65536,3,0)/K53,"") | H53: 3 | I53: 8 | J53: =H53*K53+I53 -> 38 | K53: 10 | L53: 커 | M53: 10900 | N53: =M53*J53 -> 414200
A54: 46 | B54: 반찬단지(리테일) | C54: 30003742 | D54: [냉장]볶음김치G(냉장)BOX(5KG*3EA) | E54: D+2 | F54: =IFERROR(VLOOKUP(C54,[1]Sheet1!$A$1:$D$65536,3,0)/K54,"") | H54: 20 | J54: =H54*K54+I54 -> 60 | K54: 3 | L54: 커 | M54: 10900 | N54: =M54*J54 -> 654000
A55: 46 | B55: 반찬단지(리테일) | C55: 30003601 | D55: [냉장]실비오그락지1KG(냉장)BOX(1kg*12ea) | E55: D+2 | F55: =IFERROR(VLOOKUP(C55,[1]Sheet1!$A$1:$D$65536,3,0)/K55,"") -> 1.4684167 | H55: 6 | I55: 8 | J55: =H55*K55+I55 -> 80 | K55: 12 | L55: 커 | M55: 10900 | N55: =M55*J55 -> 872000
A56: 46 | B56: 반찬단지(리테일) | C56: 30003757 | D56: [냉장]8mm김밥단무지2.5kg(냉장)BOX(2.5KG*4EA) | E56: D+2 | F56: =IFERROR(VLOOKUP(C56,[1]Sheet1!$A$1:$D$65536,3,0)/K56,"") | H56: 14 | I56: 2 | J56: =H56*K56+I56 -> 58 | K56: 4 | L56: 커 | M56: 10900 | N56: =M56*J56 -> 632200
A57: 47 | B57: 어그레이트 | C57: 30000121 | D57: [냉장]프릴아이스 4KG | E57: D+2 | G57: 8/25신상 | J57: =H57*K57+I57 -> 0 | K57: 1 | L57: 커 | M57: 19700 | N57: =M57*J57 -> 0
A58: 48 | B58: 부림 | C58: 30003376 | D58: [냉장] 깐대파(2kg/box) | E58: D+1 | F58: =IFERROR(VLOOKUP(C58,[1]Sheet1!$A$1:$D$65536,3,0)/K58,"") -> 6.19 | H58: 3 | J58: =H58*K58+I58 -> 3 | K58: 1 | L58: 채 | M58: 5000 | N58: =M58*J58 -> 15000
A59: 49 | B59: 부림 | C59: 30001166 | D59: [냉장] 깐도라지채(2kg*1봉 - 10kg*1box) | E59: D+1 | F59: =IFERROR(VLOOKUP(C59,[1]Sheet1!$A$1:$D$65536,3,0)/K59,"") -> 2.096 | H59: 5 | I59: 4 | J59: =H59*K59+I59 -> 29 | K59: 5 | L59: 야 | M59: 11000 | N59: =M59*J59 -> 319000
A60: 50 | B60: 부림 | C60: 30002298 | D60: [냉장] 깐양파(10kg*1box) | E60: D+1 | F60: =IFERROR(VLOOKUP(C60,[1]Sheet1!$A$1:$D$65536,3,0)/K60,"") -> 4.422 | H60: 21 | J60: =H60*K60+I60 -> 21 | K60: 1 | L60: 야 | M60: 19000 | N60: =M60*J60 -> 399000
A61: 51 | B61: 부림 | C61: 30000124 | D61: [냉장] 깐쪽파 (1kg*2ea) | E61: D+1 | F61: =IFERROR(VLOOKUP(C61,[1]Sheet1!$A$1:$D$65536,3,0)/K61,"") -> 3.506 | H61: 7 | J61: =H61*K61+I61 -> 14 | K61: 2 | L61: 야 | M61: 15000 | N61: =M61*J61 -> 210000
A62: 52 | B62: 부림 | C62: 30001136 | D62: [냉장] 깻잎(2kg*1box) | E62: D+1 | F62: =IFERROR(VLOOKUP(C62,[1]Sheet1!$A$1:$D$65536,3,0)/K62,"") -> 8.872 | H62: 17 | J62: =H62*K62+I62 -> 17 | K62: 1 | L62: 야 | M62: 36000 | N62: =M62*J62 -> 612000
A63: 53 | B63: 부림 | C63: 30000081 | D63: [냉장] 당근(10kg*1box) | E63: D+1 | F63: =IFERROR(VLOOKUP(C63,[1]Sheet1!$A$1:$D$65536,3,0)/K63,"") -> 0.594 | H63: 2 | J63: =H63*K63+I63 -> 2 | K63: 1 | L63: 야 | M63: 11000 | N63: =M63*J63 -> 22000
A64: 54 | B64: 부림 | D64: [냉장] 다온정단무지(12kg*1box) | E64: D+1 | F64: =IFERROR(VLOOKUP(C64,[1]Sheet1!$A$1:$D$65536,3,0)/K64,"") | G64: 46300 | J64: =H64*K64+I64 -> 0 | K64: 1 | L64: 커 | M64: 2250 | N64: =M64*J64 -> 0 | O64: 224박스
A65: 55 | B65: 부림 | D65: [냉장] 마늘쫑(7kg*1box) | E65: D+1 | F65: =IFERROR(VLOOKUP(C65,[1]Sheet1!$A$1:$D$65536,3,0)/K65,"") | G65: 냉동김밥 | J65: =H65*K65+I65 -> 0 | K65: 1 | L65: 채 | M65: =4500*7 -> 31500 | N65: =M65*J65 -> 0
A66: 56 | B66: 부림 | C66: 30001823 | D66: [냉장] 부추 (4kg*1box) | E66: D+1 | F66: =IFERROR(VLOOKUP(C66,[1]Sheet1!$A$1:$D$65536,3,0)/K66,"") -> 0.63 | H66: 4 | J66: =H66*K66+I66 -> 4 | K66: 1 | L66: 야 | M66: 29000 | N66: =M66*J66 -> 116000
A67: 57 | B67: 부림 | C67: 30001126 | D67: [냉장] 양배추(10kg*box) | E67: D+1 | F67: =IFERROR(VLOOKUP(C67,[1]Sheet1!$A$1:$D$65536,3,0)/K67,"") -> 16.805 | H67: 35 | J67: =H67*K67+I67 -> 35 | K67: 1 | L67: 야 | M67: 20000 | N67: =M67*J67 -> 700000
A68: 58 | B68: 부림 | C68: 30000086 | D68: [냉장] 온천콩나물(4kg*1box) | E68: D+1 | F68: =IFERROR(VLOOKUP(C68,[1]Sheet1!$A$1:$D$65536,3,0)/K68,"") -> 6.353 | H68: 33 | J68: =H68*K68+I68 -> 33 | K68: 1 | L68: 야 | M68: 5200 | N68: =M68*J68 -> 171600
A69: 59 | B69: 부림 | C69: 30003416 | D69: [냉장] 청상추(2kg*1box) | E69: D+1 | F69: =IFERROR(VLOOKUP(C69,[1]Sheet1!$A$1:$D$65536,3,0)/K69,"") -> 0.268 | H69: 1 | J69: =H69*K69+I69 -> 1 | K69: 1 | L69: 야 | M69: 31000 | N69: =M69*J69 -> 31000
A70: 61 | B70: 부림 | C70: 30003068 | D70: [냉장] 청양고추(1kg*5ea) | E70: D+1 | F70: =IFERROR(VLOOKUP(C70,[1]Sheet1!$A$1:$D$65536,3,0)/K70,"") | I70: 4 | J70: =H70*K70+I70 -> 4 | K70: 5 | L70: 야 | M70: 8500 | N70: =M70*J70 -> 34000
B71: 이우유통 | C71: 30003765 | D71: [냉장] 신슈단무지 찹핑 (1kg*10pk ) | E71: D+2 | H71: 7 | I71: 5 | J71: =H71*K71+I71 -> 75 | K71: 10 | L71: 커 | M71: 2700 | N71: =M71*J71 -> 202500
A76: 62 | B76: SPC삼립 | C76: 30003320 | D76: [상온] 핫도그번 ((1봉*6EA)*6봉)) | E76: D+2 | F76: =IFERROR(VLOOKUP(C76,[1]Sheet1!$A$1:$D$65536,3,0)/K76,"")/6 -> 5.6388889 | J76: =H76*K76+I76 -> 0 | K76: 6 | L76: 야 | M76: 900 | N76: =M76*J76 -> 0 | O76: 46206
A77: 63 | B77: SPC삼립 | C77: 30003320 | D77: [상온] FF소프트통식빵 | E77: D+2 | G77: 7/21신상 | J77: =H77*K77+I77 -> 0 | K77: 6 | L77: 야 | M77: 900 | N77: =M77*J77 -> 0 | O77: 46206
A78: 64 | M78: 900 | N78: =M78*J78 -> 0 | O78: 46206
A79: 65 | M79: 900 | N79: =M79*J79 -> 0 | O79: 46206
A80: 66 | M80: 900 | N80: =M80*J80 -> 0 | O80: 46206
M81: 합계 | N81: =SUM(N10:N80) -> 18804903
A82: 61 | B82: 부림 | C82: 30003040 | D82: [냉장] 백오이(다다기오이) (10kg/box) | E82: D+1 | F82: =IFERROR(VLOOKUP(C82,[1]Sheet1!$A$1:$D$65536,3,0)/K82,"") | J82: =H82*K82+I82 -> 0 | K82: 1 | L82: 야 | M82: 45000 | N82: =M82*J82 -> 0
A83: 59 | B83: 부림 | C83: 20195180 | D83: [냉장] 느타리버섯 2kg*1box | E83: D+1 | F83: =IFERROR(VLOOKUP(C83,[1]Sheet1!$A$1:$D$65536,3,0)/K83,"") | J83: =H83*K83+I83 -> 0 | K83: 1 | L83: 야 | M83: 14000 | N83: =M83*J83 -> 0
A84: 60 | B84: 부림 | C84: 30003549 | D84: [냉장] 팽이버섯 150g*34ea | E84: D+1 | F84: =IFERROR(VLOOKUP(C84,[1]Sheet1!$A$1:$D$65536,3,0)/K84,"") | J84: =H84*K84+I84 -> 0 | K84: 34 | L84: 야 | M84: =13750/34 -> 404.41176 | N84: =M84*J84 -> 0
B85: 천안fs(네트웍스) | C85: 30003584 | D85: [냉장] 크림양송이소스(PBOX) 2KG*9개입 | E85: D+1 | F85: =IFERROR(VLOOKUP(C85,[2]Sheet1!$A$1:$D$65536,3,0)/K85,"") | G85: 6/3삭제 | J85: =H85*K85+I85 -> 0 | K85: 9 | L85: 샐 | M85: 9000 | N85: =M85*J85 -> 0 | O85: 5/5신상
B86: 천안fs(네트웍스) | C86: 30003586 | D86: [냉장] 경양식오므라이스소스(PBOX) 2KG*10개입 | E86: D+1 | F86: =IFERROR(VLOOKUP(C86,[2]Sheet1!$A$1:$D$65536,3,0)/K86,"") | G86: 6/3삭제 | J86: =H86*K86+I86 -> 0 | K86: 10 | L86: 샐 | M86: 7900 | N86: =M86*J86 -> 0 | O86: 5/5신상
B87: 부림 | C87: 30002523 | D87: [냉장] 풋고추(1kg*5봉) | E87: D+1 | F87: =IFERROR(VLOOKUP(C87,[3]Sheet1!$A$1:$D$65536,3,0)/K87,"") -> 0.9386 | G87: 5/26삭제 | J87: =H87*K87+I87 -> 0 | K87: 5 | L87: 야 | M87: 7000 | N87: =M87*J87 -> 0
B88: 부림 | C88: 30003549 | D88: [냉장] 팽이버섯(150g*34ea) | E88: D+1 | F88: =IFERROR(VLOOKUP(C88,[3]Sheet1!$A$1:$D$65536,3,0)/K88,"") -> 0.022735294 | G88: 5/21삭제 | J88: =H88*K88+I88 -> 0 | K88: 34 | L88: 야 | M88: 404.4 | N88: =M88*J88 -> 0
B89: 부림 | C89: 30003548 | D89: [냉장] 청경채(4kg*1box) | E89: D+1 | F89: =IFERROR(VLOOKUP(C89,[3]Sheet1!$A$1:$D$65536,3,0)/K89,"") -> 0.035 | G89: 5/21삭제 | J89: =H89*K89+I89 -> 0 | K89: 1 | L89: 야 | M89: 14000 | N89: =M89*J89 -> 0
B90: 천안fs(네트웍스) | C90: 30003471 | D90: [냉장] 쌈장마요소스(2kg*10봉) | E90: D+1 | F90: =IFERROR(VLOOKUP(C90,[3]Sheet1!$A$1:$D$65536,3,0)/K90,"") -> 0.0043 | G90: 5/12삭제 | J90: =H90*K90+I90 -> 0 | K90: 10 | L90: 샐 | M90: 7000 | N90: =M90*J90 -> 0
B91: 천안fs(네트웍스) | C91: 30000094 | D91: [냉장] 볶음김치밥용소스(2kg*10봉) | E91: D+1 | F91: =IFERROR(VLOOKUP(C91,[3]Sheet1!$A$1:$D$65536,3,0)/K91,"") -> 0.364 | G91: 5/26삭제 | J91: =H91*K91+I91 -> 0 | K91: 10 | L91: 계 | M91: 8200 | N91: =M91*J91 -> 0
B92: 대상 | C92: 30003531 | D92: [냉장] 봄동겉절이(5kg*2ea) | E92: D+2 | G92: 4/01삭제 | J92: =H92*K92+I92 -> 0 | K92: 2 | L92: 커 | M92: 47000 | N92: =M92*J92 -> 0
B93: 천안fs(네트웍스) | D93: [냉장] 마요진미채소스(2kg*9ea) | E93: D+1 | G93: 12/23 삭제 | J93: =H93*K93+I93 -> 0 | K93: 9 | L93: 샐
B94: 어그레이트(네트웍스) | D94: [냉장] 어그레이트)프릴아이스 4KG | E94: D+2 | G94: 12/16삭제 | J94: =H94*K94+I94 -> 0 | K94: 1 | L94: 커
B95: 천안fs(네트웍스) | D95: [냉장]K소이갈릭소스(2kg*10ea) | E95: D+1 | G95: 10/20삭제 | J95: =H95*K95+I95 -> 0 | K95: 10 | L95: 샐
B96: 천안fs(네트웍스) | D96: [냉장] 야끼소바소스M (2kg*10ea) | E96: D+1 | G96: 11/21 삭제 | J96: =H96*K96+I96 -> 0 | K96: 10 | L96: 샐
B97: 천안fs(네트웍스) | D97: [냉장] 야채마요소스(2kg*9ea) | E97: D+1 | G97: 12/9 삭제 | J97: =H97*K97+I97 -> 0 | K97: 9 | L97: 샐
B98: 천안fs(네트웍스) | D98: [냉장] 칠리마요소스(2kg*9ea) | E98: D+1 | G98: 12/9 삭제 | J98: =H98*K98+I98 -> 0 | K98: 9 | L98: 샐
B99: 한울(네트웍스) | D99: [냉장] 무당근채피클(3kg*5ea) | E99: D+2 | G99: 12/9 삭제 | J99: =H99*K99+I99 -> 0 | K99: 5 | L99: 커
B100: 천안fs(네트웍스) | D100: [냉장] 피나데니소스(2kg*10ea) | E100: D+1 | G100: 12/9 삭제 | J100: =H100*K100+I100 -> 0 | K100: 10 | L100: 계
B101: 천안fs(네트웍스) | D101: [냉장] 돈짜장소스(2kg*10ea) | E101: D+1 | G101: 11/21 삭제 | J101: =H101*K101+I101 -> 0 | K101: 10 | L101: 샐
B102: 천안fs(네트웍스) | D102: [냉장] 시그니처마요네즈(PBOX) 2KG*9개입 | E102: D+1 | G102: 10/28 이관 | J102: =H102*K102+I102 -> 0 | K102: 9 | L102: 샐
B103: 천안fs(네트웍스) | D103: [냉장] 머스타드소스-1(PBOX) 2KG*10개입 | E103: D+1 | G103: 10/21삭제 | J103: =H103*K103+I103 -> 0 | K103: 10 | L103: 샐
B104: 천안fs(네트웍스) | D104: [냉장] 마늘간장닭강정소스(PBOX) 2kg*10ea | E104: D+1 | G104: 11/4 삭제 | J104: =H104*K104+I104 -> 0 | K104: 10 | L104: 샐
... B106: 천안fs(네트웍스) | D106: [냉장] 바싹갈비소스(2kg*10ea) | E106: D+1 | G106: 11/11 삭제 | J106: =H106*K106+I106 -> 0 | K106: 10 | L106: 샐
...

Sheet 냉동
A1: 냉동 | D1: =냉장1!D1 -> 46324 | J1: 작성 | K1: 검토 | L1: 승인
A3: 재고조사자 | F3: =냉장1!F3 -> 6/14 기준 | H3: 재고조사 시간
A4: 구분 | B4: 거래처 | C4: ID | D4: 제품명 | E4: 발주주기 | F4: 일 사용량 (박스) | G4: 유통기한 | H4: 박스 | I4: 낱개 | J4: 현재고(봉) | K4: 입수량 | L4: 발주일 | M4: 봉단가 | N4: 금액
A5: 3 | B5: 현대그린푸드(네트웍스) | C5: 30003442 | D5: [냉동] 건새우마늘쫑볶음(1kg*6ea) | E5: D+2 | F5: =IFERROR(VLOOKUP(C5,[1]Sheet1!$A$1:$D$65536,3,0)/K5,"") -> 6.3 | H5: 8 | J5: =H5*K5+I5 -> 48 | K5: 6 | L5: 커 | M5: 8190 | N5: =M5*J5 -> 393120
A6: 4 | B6: 현대그린푸드(네트웍스) | C6: 30003393 | D6: [냉동] 열무나물(1KG*6봉) - 현대그린 | E6: D+2 | F6: =IFERROR(VLOOKUP(C6,[1]Sheet1!$A$1:$D$65536,3,0)/K6,"") -> 6.175 | J6: =H6*K6+I6 -> 0 | K6: 6 | L6: 계 | M6: 7500 | N6: =M6*J6 -> 0
A7: 5 | B7: 후레시미트(네트웍스) | C7: 30003294 | D7: [냉동] 매콤고추장제육불고기 (3kg*6ea) | E7: D+1 | F7: =IFERROR(VLOOKUP(C7,[1]Sheet1!$A$1:$D$65536,3,0)/K7,"") -> 2.2688333 | H7: 10 | J7: =H7*K7+I7 -> 60 | K7: 6 | L7: 계 | M7: 18600 | N7: =M7*J7 -> 1116000
A8: 5 | B8: 한울(네트웍스) | C8: 30003606 | D8: [냉동]곤드레나물(PBOX) 1KG*10개입 | E8: D+1 | F8: =IFERROR(VLOOKUP(C8,[1]Sheet1!$A$1:$D$65536,3,0)/K8,"") -> 0.5832 | H8: 2 | J8: =H8*K8+I8 -> 20 | K8: 10 | L8: 계 | M8: 18600 | N8: =M8*J8 -> 372000
A9: 4 | B9: 한울(네트웍스) | C9: 30003532 | D9: [냉동]유채나물무침(PBOX) 1KG*10개입 | E9: D+2 | G9: 9/1신상 | H9: 1 | I9: 7 | J9: =H9*K9+I9 -> 17 | K9: 10 | L9: 커 | M9: 19700 | N9: =M9*J9 -> 334900
A10: 4 | B10: 한울(네트웍스) | C10: 30003745 | D10: [냉동]궁채느타리들깨볶음(PBOX) 1KG*10개입 | E10: D+2 | H10: 1 | J10: =H10*K10+I10 -> 10 | K10: 10 | L10: 커 | M10: 19700 | N10: =M10*J10 -> 197000
A11: 4 | B11: 한울(네트웍스) | C11: 30003489 | D11: [냉동]무나물볶음(PBOX) 1KG*10봉 | E11: D+2 | H11: 1 | J11: =H11*K11+I11 -> 10 | K11: 10 | L11: 커 | M11: 19700 | N11: =M11*J11 -> 197000
A12: 6 | B12: 씨제이제일제당(CJ) | C12: 30003575 | D12: [냉동] 크레잇)고추장돼지불고기(3KG*3EA) | E12: D+1 | F12: =IFERROR(VLOOKUP(C12,[1]Sheet1!$A$1:$D$65536,3,0)/K12,"") -> 0.57166667 | J12: =H12*K12+I12 -> 0 | K12: 3 | L12: 계 | M12: =17700/3 -> 5900 | N12: =M12*J12 -> 0 | O12: 4/09신상
A13: 7 | B13: 씨제이제일제당(CJ) | C13: 30003391 | D13: [냉동] 간장돼지불고기(3KG*3EA) | E13: D+1 | F13: =IFERROR(VLOOKUP(C13,[1]Sheet1!$A$1:$D$65536,3,0)/K13,"") -> 11.672 | J13: =H13*K13+I13 -> 0 | K13: 3 | L13: 튀 | M13: 17700 | N13: =M13*J13 -> 0
A14: 8 | B14: 씨제이제일제당(CJ) | C14: 30002894 | D14: [냉동]계란옷입은동그랑땡(1kg*8ea) | E14: D+1 | F14: =IFERROR(VLOOKUP(C14,[1]Sheet1!$A$1:$D$65536,3,0)/K14,"") -> 3.603875 | J14: =H14*K14+I14 -> 0 | K14: 8 | L14: 튀 | M14: 7100 | N14: =M14*J14 -> 0
A15: 9 | B15: 씨제이제일제당(CJ) | C15: 30003072 | D15: [냉동] 크레잇꼬마돈카츠(1kg(90ea)*8봉) | E15: D+1 | F15: =IFERROR(VLOOKUP(C15,[1]Sheet1!$A$1:$D$65536,3,0)/K15,"") -> 6.472 | H15: 11 | I15: 6 | J15: =H15*K15+I15 -> 94 | K15: 8 | L15: 튀 | M15: 4900 | N15: =M15*J15 -> 460600
A16: 9 | B16: 씨제이제일제당(CJ) | C16: 30003072 | D16: [냉동] 크레잇직화함박스테이크 | E16: D+3 | F16: =IFERROR(VLOOKUP(C16,[1]Sheet1!$A$1:$D$65536,3,0)/K16,"") -> 0.45819469 | J16: =H16*K16+I16 -> 0 | K16: 113 | L16: 튀 | M16: 4900 | N16: =M16*J16 -> 0
A17: 12 | B17: 대상(DS유통) | C17: 20195320 | D17: [냉동]더진한고추장돼지불고기2kg | E17: D+2 | F17: =IFERROR(VLOOKUP(C17,[1]Sheet1!$A$1:$D$65536,3,0)/K17,"") | H17: 35 | J17: =H17*K17+I17 -> 175 | K17: 5 | L17: 계 | M17: 12870 | N17: =M17*J17 -> 2252250 | O17: 3/31신상
A18: 13 | B18: 대상(DS유통) | C18: 30002747 | D18: [냉동]간장돼지불고기A(파우치) PK(2kg)★(D-2) | E18: D+2 | F18: =IFERROR(VLOOKUP(C18,[1]Sheet1!$A$1:$D$65536,3,0)/K18,"") -> 6.1812 | G18: 대체 | H18: 17 | J18: =H18*K18+I18 -> 85 | K18: 5 | L18: 계 | M18: 12470 | N18: =M18*J18 -> 1059950
A19: 14 | B19: 대상(DS유통) | C19: 30002748 | D19: [냉동]고추장돼지불고기A(파우치)(냉동) PK(2kg) | E19: D+2 | F19: =IFERROR(VLOOKUP(C19,[1]Sheet1!$A$1:$D$65536,3,0)/K19,"") -> 24.7992 | H19: 11 | J19: =H19*K19+I19 -> 55 | K19: 5 | L19: 계 | M19: 12670 | N19: =M19*J19 -> 696850
A20: 15 | B20: 대상(DS유통) | C20: 30002522 | D20: [냉동] 고추장돼지불고기토핑 (2kg*5봉) | E20: D+2 | F20: =IFERROR(VLOOKUP(C20,[1]Sheet1!$A$1:$D$65536,3,0)/K20,"") -> 17.9158 | H20: 12 | J20: =H20*K20+I20 -> 60 | K20: 5 | L20: 튀 | M20: 12670 | N20: =M20*J20 -> 760200
A21: 16 | B21: 대상(DS유통) | C21: 30003415 | D21: [냉동] 매운마늘맛불고기(2kg*5ea) | E21: D+2 | F21: =IFERROR(VLOOKUP(C21,[1]Sheet1!$A$1:$D$65536,3,0)/K21,"") -> 0.3326 | H21: 9 | J21: =H21*K21+I21 -> 45 | K21: 5 | L21: 튀 | M21: 12870 | N21: =M21*J21 -> 579150
A22: 20 | B22: 대상(리테일) | C22: 30003287 | D22: [냉동] 세블락후랑크 CVS(1kg*10ea) | E22: D+2 | F22: =IFERROR(VLOOKUP(C22,[1]Sheet1!$A$1:$D$65536,3,0)/K22,"") -> 1.015 | H22: 3 | I22: 6 | J22: =H22*K22+I22 -> 36 | K22: 10 | L22: 튀 | M22: 7330 | N22: =M22*J22 -> 263880
A23: 21 | B23: 대상(리테일) | C23: 30002893 | D23: [냉동]청정원떡갈비(1kg*8ea) | E23: D+2 | F23: =IFERROR(VLOOKUP(C23,[1]Sheet1!$A$1:$D$65536,3,0)/K23,"") -> 2.5505 | H23: 5 | I23: 4 | J23: =H23*K23+I23 -> 44 | K23: 8 | L23: 튀 | M23: 6210 | N23: =M23*J23 -> 273240
A24: 21 | B24: 대상(리테일) | C24: 30002324 | D24: [냉동] 반숙계란후라이 (900g( 45g* 20개)*8봉)-변경 | E24: D+2 | H24: 17 | I24: 7 | J24: =H24*K24+I24 -> 143 | K24: 8 | L24: 튀 | N24: =M24*J24 -> 0
A25: 21 | B25: 대상(리테일) | C25: 30003743 | D25: [냉동]뚝배기용돼지불고기 (2kg*5봉) | E25: D+2 | H25: 7 | J25: =H25*K25+I25 -> 35 | K25: 5 | L25: 튀 | N25: =M25*J25 -> 0
A26: 22 | B26: 맘스터치 | C26: 30003637 | D26: [냉동]크리스피 순살치킨 1kg(저온)BOX(1kg*10ea) | E26: D+2 | F26: =IFERROR(VLOOKUP(C26,[1]Sheet1!$A$1:$D$65536,3,0)/K26,"") | J26: =H26*K26+I26 -> 0 | K26: 10 | L26: 커 | M26: 6850 | N26: =M26*J26 -> 0
A27: 23 | B27: 사옹원 | C27: 30003373 | D27: [냉동] 알찬해물부추전 (1kg(30g*33ea) * 5pk) | E27: D+2 | F27: =IFERROR(VLOOKUP(C27,[1]Sheet1!$A$1:$D$65536,3,0)/K27,"") | H27: 27 | J27: =H27*K27+I27 -> 135 | K27: 5 | L27: 튀 | M27: 6496 | N27: =M27*J27 -> 876960
A28: 23 | B28: 사옹원 | C28: 30003640 | D28: [냉동]계란옷입은고기완자(1kg*6) | E28: D+2 | F28: =IFERROR(VLOOKUP(C28,[1]Sheet1!$A$1:$D$65536,3,0)/K28,"") | G28: 대체 | H28: 14 | I28: 3 | J28: =H28*K28+I28 -> 87 | K28: 6 | L28: 튀 | M28: 6496 | N28: =M28*J28 -> 565152
A29: 24 | B29: 선진FS(리테일) | C29: 30003051 | D29: [냉동]갈비함박40 PK(40g*25ea) | E29: D+2 | F29: =IFERROR(VLOOKUP(C29,[1]Sheet1!$A$1:$D$65536,3,0)/K29,"") | H29: 31 | I29: 8 | J29: =H29*K29+I29 -> 318 | K29: 10 | L29: 튀 | M29: 11325 | N29: =M29*J29 -> 3601350
A30: 24 | B30: 선진FS(리테일) | C30: 20001437 | D30: [냉동] 냉동비프불고기토핑(1kg*10봉) | E30: D+2 | F30: =IFERROR(VLOOKUP(C30,[1]Sheet1!$A$1:$D$65536,3,0)/K30,"") -> 0.7843 | H30: 6 | I30: 6 | J30: =H30*K30+I30 -> 66 | K30: 10 | L30: 튀 | M30: 11325 | N30: =M30*J30 -> 747450
A31: 25 | B31: 선진FS(리테일) | C31: 30003527 | D31: [냉동] 대파불고기양념육(2kg*6ea) | E31: D+2 | F31: =IFERROR(VLOOKUP(C31,[1]Sheet1!$A$1:$D$65536,3,0)/K31,"") -> 5.8566667 | H31: 9 | J31: =H31*K31+I31 -> 54 | K31: 6 | L31: 계 | M31: =77030/6 -> 12838.333 | N31: =M31*J31 -> 693270
A32: 26 | B32: 선진FS(리테일) | C32: 30003652 | D32: [냉동] 선진)선진오징어제육 PK(2,000g*6PK) | E32: D+2 | F32: =IFERROR(VLOOKUP(C32,[1]Sheet1!$A$1:$D$65536,3,0)/K32,"") | H32: 18 | J32: =H32*K32+I32 -> 108 | K32: 6 | L32: 계 | N32: =M32*J32 -> 0
A33: 27 | B33: 선진FS(리테일) | C33: 30002988 | D33: [냉동] 미트볼골드(1kg*10ea) | E33: D+2 | F33: =IFERROR(VLOOKUP(C33,[1]Sheet1!$A$1:$D$65536,3,0)/K33,"") -> 0.9823 | H33: 5 | I33: 1 | J33: =H33*K33+I33 -> 51 | K33: 10 | L33: 튀 | M33: 7370 | N33: =M33*J33 -> 375870
A34: 30 | B34: 선진FS(리테일) | C34: 30003440 | D34: [냉동] 찌개용어슷후랑크(1kg*10ea) | E34: D+2 | F34: =IFERROR(VLOOKUP(C34,[1]Sheet1!$A$1:$D$65536,3,0)/K34,"") -> 2.9115 | J34: =H34*K34+I34 -> 0 | K34: 10 | L34: 커 | M34: 6400 | N34: =M34*J34 -> 0
A35: 31 | B35: 선진FS(리테일) | C35: 30002549 | D35: [냉동] 한돈프리미엄돈카츠 (160g*8ea*8ea) | E35: D+2 | F35: =IFERROR(VLOOKUP(C35,[1]Sheet1!$A$1:$D$65536,3,0)/K35,"") -> 11.50625 | H35: 8 | I35: 7 | J35: =H35*K35+I35 -> 71 | K35: 8 | L35: 튀 | M35: =72050/8 -> 9006.25 | N35: =M35*J35 -> 639443.75
A36: 32 | B36: 선진FS(리테일) | C36: 30003295 | D36: [냉동] 혜자토네이도소시지 [(55g*14ea) *12봉] | E36: D+2 | F36: =IFERROR(VLOOKUP(C36,[1]Sheet1!$A$1:$D$65536,3,0)/K36,"") -> 4.9783333 | H36: 46 | J36: =H36*K36+I36 -> 552 | K36: 12 | L36: 튀 | M36: =60700/12 -> 5058.3333 | N36: =M36*J36 -> 2792200
A37: 32 | B37: 선진FS(리테일) | C37: 30003674 | D37: [냉동]도톰한멘츠카츠S50 PK(50g*20ea) | E37: D+2 | F37: =IFERROR(VLOOKUP(C37,[1]Sheet1!$A$1:$D$65536,3,0)/K37,"") | H37: 10 | I37: 6 | J37: =H37*K37+I37 -> 106 | K37: 10 | L37: 튀 | M37: =60700/12 -> 5058.3333 | N37: =M37*J37 -> 536183.33
A38: 32 | B38: 선진FS(리테일) | C38: 30003063 | D38: [냉동]한입직화 떡갈비(20g*50ea)*10봉 | E38: D+2 | F38: =IFERROR(VLOOKUP(C38,[1]Sheet1!$A$1:$D$65536,3,0)/K38,"") | I38: 7 | J38: =H38*K38+I38 -> 7 | K38: 10 | L38: 튀 | M38: =60700/12 -> 5058.3333 | N38: =M38*J38 -> 35408.333
A39: 32 | B39: 선진FS(리테일) | C39: 30003754 | D39: [냉동]김밥용남도떡갈비140 PK(140g*10ea)★ | E39: D+2 | F39: =IFERROR(VLOOKUP(C39,[1]Sheet1!$A$1:$D$65536,3,0)/K39,"") | H39: 20 | J39: =H39*K39+I39 -> 200 | K39: 10 | L39: 튀 | M39: =60700/12 -> 5058.3333 | N39: =M39*J39 -> 1011666.7
A40: 34 | B40: 아워홈(리테일) | C40: 30001804 | D40: [냉동] 70미니등심돈까스(1.05kg*8봉)-리뉴얼 | E40: D+2 | F40: =IFERROR(VLOOKUP(C40,[1]Sheet1!$A$1:$D$65536,3,0)/K40,"") -> 21.220875 | H40: 32 | I40: 6 | J40: =H40*K40+I40 -> 262 | K40: 8 | L40: 튀 | M40: 5900 | N40: =M40*J40 -> 1545800
A41: 35 | B41: 아워홈(리테일) | C41: 30002098 | D41: [냉동] 나트륨줄인치킨가라야게(1kg*10봉) | E41: D+2 | F41: =IFERROR(VLOOKUP(C41,[1]Sheet1!$A$1:$D$65536,3,0)/K41,"") -> 8.3571 | H41: 6 | J41: =H41*K41+I41 -> 60 | K41: 10 | L41: 튀 | M41: 6050 | N41: =M41*J41 -> 363000
A42: 36 | B42: 아워홈(리테일) | C42: 30002987 | D42: [냉동] 등심돈까스140((140g*10ea)8ea) | E42: D+2 | F42: =IFERROR(VLOOKUP(C42,[1]Sheet1!$A$1:$D$65536,3,0)/K42,"") -> 11.05 | H42: 19 | I42: 6 | J42: =H42*K42+I42 -> 158 | K42: 8 | L42: 튀 | M42: 10100 | N42: =M42*J42 -> 1595800
A43: 39 | B43: 아워홈(리테일) | C43: 30003364 | D43: [냉동] 치킨스테이크 행복한맛남 (1.2kg*8ea) | E43: D+2 | F43: =IFERROR(VLOOKUP(C43,[1]Sheet1!$A$1:$D$65536,3,0)/K43,"") -> 4.356125 | H43: 18 | J43: =H43*K43+I43 -> 144 | K43: 8 | L43: 튀 | M43: 11800 | N43: =M43*J43 -> 1699200
A44: 40 | B44: 야미푸드(진보) | C44: 30003464 | D44: [냉동] 계란옷입은소시지전 (1kg*10pk) | E44: D+1 | F44: =IFERROR(VLOOKUP(C44,[1]Sheet1!$A$1:$D$65536,3,0)/K44,"") -> 2.0019 | H44: 3 | J44: =H44*K44+I44 -> 30 | K44: 10 | L44: 계 | M44: 7650 | N44: =M44*J44 -> 229500
A45: 41 | B45: 엠아이(네트웍스) | C45: 20195171 | D45: [냉동] 엠아이)불제육두루치기(종이BOX) 2KG*7팩 | E45: D+1 | F45: =IFERROR(VLOOKUP(C45,[1]Sheet1!$A$1:$D$65536,3,0)/K45,"") | H45: 13 | J45: =H45*K45+I45 -> 91 | K45: 7 | L45: 계 | M45: 13500 | N45: 94500
A46: 42 | B46: 엠아이(네트웍스) | C46: 30003631 | D46: [냉동] 엠아이)간장두루치기(종이BOX) 2KG*7팩 | E46: D+1 | F46: =IFERROR(VLOOKUP(C46,[1]Sheet1!$A$1:$D$65536,3,0)/K46,"") | H46: 13 | J46: =H46*K46+I46 -> 91 | K46: 7 | L46: 계 | M46: 13500 | N46: 94500
A47: 42 | B47: 엠아이(네트웍스) | C47: 20194323 | D47: [냉동] 맥적구이용양념육(종이BOX) 2KG*7팩 | E47: D+1 | F47: =IFERROR(VLOOKUP(C47,[1]Sheet1!$A$1:$D$65536,3,0)/K47,"") | H47: 11 | J47: =H47*K47+I47 -> 77 | K47: 7 | L47: 계 | M47: 13500 | N47: 94500
A48: 43 | B48: 에프와이지(금행) | C48: 30003487 | D48: [냉동] 두부두루치기용다짐육(2kg*6ea) | E48: D+1 | F48: =IFERROR(VLOOKUP(C48,[1]Sheet1!$A$1:$D$65536,3,0)/K48,"") -> 0.1 | J48: =H48*K48+I48 -> 0 | K48: 6 | L48: 계 | M48: =74400/6 -> 12400 | N48: =M48*J48 -> 0 | O48: 3/26신상
A49: 44 | B49: 와이디에스(대선) | C49: 30003600 | D49: [냉동] 마일드순살치킨 (95g(10ea)*12pk) | E49: D+2 | F49: =IFERROR(VLOOKUP(C49,[1]Sheet1!$A$1:$D$65536,3,0)/K49,"") -> 2.325 | G49: 6/26삭제 | J49: =H49*K49+I49 -> 0 | K49: 12 | L49: 튀 | M49: 7800 | N49: =M49*J49 -> 0
A50: 45 | B50: 국일(이우) | C50: 30003297 | D50: [냉동] 더 잘군 불향가득 츠쿠네 (2kg*5ea) | E50: D+1 | F50: =IFERROR(VLOOKUP(C50,[1]Sheet1!$A$1:$D$65536,3,0)/K50,"") -> 4.1818 | J50: =H50*K50+I50 -> 0 | K50: 5 | L50: 튀 | M50: 11080 | N50: =M50*J50 -> 0
A51: 46 | B51: 이우유통 | C51: 30003663 | D51: [냉동] 코주부사각어묵 (5kg*2ea) | E51: D-2 | F51: =IFERROR(VLOOKUP(C51,[1]Sheet1!$A$1:$D$65536,3,0)/K51,"") | H51: 30 | J51: =H51*K51+I51 -> 60 | K51: 2 | M51: 18900 | N51: =M51*J51 -> 1134000
A52: 46 | B52: 이우유통 | C52: 30003747 | D52: [냉동] 코주부채어묵 (5kg*2ea) | E52: D-2 | F52: =IFERROR(VLOOKUP(C52,[1]Sheet1!$A$1:$D$65536,3,0)/K52,"") | J52: =H52*K52+I52 -> 0 | K52: 2 | M52: 18900 | N52: =M52*J52 -> 0
A53: 51 | B53: 푸른원(리테일) | C53: 30001086 | D53: [냉동] (푸른원)냉동 혼합야채 4종(1kg*10ea) | E53: D+2 | F53: =IFERROR(VLOOKUP(C53,[1]Sheet1!$A$1:$D$65536,3,0)/K53,"") -> 0.7295 | H53: 2 | I53: 4 | J53: =H53*K53+I53 -> 24 | K53: 10 | L53: 야 | M53: 2000 | N53: =M53*J53 -> 48000
A54: 52 | B54: 푸른원(리테일) | C54: 30002949 | D54: [냉동] (푸른원)냉동대파슬라이스(1kg*10봉) | E54: D+2 | F54: =IFERROR(VLOOKUP(C54,[1]Sheet1!$A$1:$D$65536,3,0)/K54,"") -> 0.574 | H54: 3 | I54: 5 | J54: =H54*K54+I54 -> 35 | K54: 10 | L54: 야 | M54: 1850 | N54: =M54*J54 -> 64750
A55: 53 | B55: 푸른원(리테일) | C55: 20001843 | D55: [냉동] 냉동시금치(1kg*10봉) | E55: D+2 | F55: =IFERROR(VLOOKUP(C55,[1]Sheet1!$A$1:$D$65536,3,0)/K55,"") -> 11.9214 | H55: 33 | I55: 8 | J55: =H55*K55+I55 -> 338 | K55: 10 | L55: 야/커 | M55: 1900 | N55: =M55*J55 -> 642200
A56: 54 | B56: 푸른원(리테일) | C56: 30003603 | D56: [냉동] 양파슬라이스(2kg*5ea) | E56: D+2 | F56: =IFERROR(VLOOKUP(C56,[1]Sheet1!$A$1:$D$65536,3,0)/K56,"") -> 7.5144 | H56: 11 | I56: 4 | J56: =H56*K56+I56 -> 59 | K56: 5 | L56: 채 | M56: 2200 | N56: =M56*J56 -> 129800
A57: 55 | B57: 푸른원(리테일) | C57: 30002283 | D57: [냉동] (푸른원)냉동알마늘(1kg*10봉) | E57: D+2 | F57: =IFERROR(VLOOKUP(C57,[1]Sheet1!$A$1:$D$65536,3,0)/K57,"") -> 1.1164 | H57: 6 | I57: 1 | J57: 7 | K57: 10 | L57: 야 | M57: 2500 | N57: =M57*J57 -> 17500
A58: 56 | B58: 푸른원(리테일) | C58: 30001145 | D58: [냉동] (푸른원)다진마늘(1kg*10봉) | E58: D+2 | F58: =IFERROR(VLOOKUP(C58,[1]Sheet1!$A$1:$D$65536,3,0)/K58,"") -> 0.9905 | H58: 5 | I58: 7 | J58: =H58*K58+I58 -> 57 | K58: 10 | L58: 야 | M58: 2400 | N58: =M58*J58 -> 136800
A59: 58 | B59: 풍림푸드(리테일) | C59: 30002109 | D59: [냉동] 스크램블드에그(1kg*10) 업무용 | E59: D+1 | F59: =IFERROR(VLOOKUP(C59,[1]Sheet1!$A$1:$D$65536,3,0)/K59,"") -> 3.4552 | H59: 39 | J59: =H59*K59+I59 -> 390 | K59: 10 | L59: 커 | M59: 5900 | N59: =M59*J59 -> 2301000
A60: 58 | B60: 풍림푸드(리테일) | C60: 30003013 | D60: [냉동] 얇은고명지단H700G | E60: D+1 | H60: 17 | J60: =H60*K60+I60 -> 170 | K60: 10 | L60: 커 | M60: 5900 | N60: =M60*J60 -> 1003000
A61: 59 | B61: 하늘푸드 | D61: [냉동]떡강정(1kg*10봉)(1봉=150ea) | E61: D+1 | J61: =H61*K61+I61 -> 0 | K61: 10 | L61: 야 | M61: 900 | N61: =M61*J61 -> 0 | P61: /6
A62: 59 | B62: SPC삼립 | C62: 30003715 | D62: [냉동] 핫도그번 ((1봉*6EA)*6봉)) | E62: D+2 | F62: 5.6388889 | H62: 40 | J62: =H62*K62+I62 -> 240 | K62: 6 | L62: 야 | M62: 900 | N62: =M62*J62 -> 216000 | P62: /6
A63: 59 | B63: 제이제이 | C63: 30003733 | D63: [냉동]통살새우볼(15g*60)*10pk | E63: D+1 | H63: 7 | I63: 12 | J63: =H63*K63+I63 -> 82 | K63: 10 | L63: 야 | M63: 9600 | N63: =M63*J63 -> 787200 | P63: /6
A64: 59 | B64: 제이아이 | C64: 30003734 | D64: [냉동]목살스테이크양념육(2kg*6ea) | E64: D+2 | H64: 17 | J64: =H64*K64+I64 -> 102 | K64: 6 | L64: 야 | M64: 17000 | N64: =M64*J64 -> 1734000 | P64: /6
A65: 59 | B65: 제이아이 | C65: 30003732 | D65: [냉동]순살치킨까스J(20ea*8pk) | E65: D+2 | H65: 43 | J65: =H65*K65+I65 -> 344 | K65: 8 | L65: 야 | M65: 8000 | N65: =M65*J65 -> 2752000 | P65: /6
A66: 59 | B66: 제이아이 | C66: 30003731 | D66: [냉동]통등심돈까스J(10ea*10pk) | E66: D+2 | H66: 29 | I66: 3 | J66: =H66*K66+I66 -> 293 | K66: 10 | L66: 야 | M66: 11800 | N66: =M66*J66 -> 3457400 | P66: /6
A67: 59 | B67: 제이아이 | C67: 30003741 | D67: [냉동]후지(3kg*4pk) | E67: D+2 | H67: 9 | J67: =H67*K67+I67 -> 36 | K67: 4 | L67: 야 | M67: 19200 | N67: =M67*J67 -> 691200 | P67: /6
A68: 59 | B68: 사조오양 | C68: 30003746 | D68: [냉동]사조오양)굿픽한입물만두 | E68: D+2 | H68: 2 | I68: 2 | J68: =H68*K68+I68 -> 8 | K68: 3 | M68: 7000 | N68: =M68*J68 -> 56000 | P68: /6
A69: 59 | M69: 900 | N69: =M69*J69 -> 0 | P69: /6
A70: 59 | M70: 900 | N70: =M70*J70 -> 0 | P70: /6
A71: 59 | M71: 900 | N71: =M71*J71 -> 0 | P71: /6
A72: 60 | B72: 푸른원 (금행) | D72: [냉동] 대파1/2컷(2kg*5ea) | E72: D+2 | F72: =IFERROR(VLOOKUP(C72,[3]Sheet1!$A$1:$D$65536,3,0)/K72,"") | G72: 특판용 | J72: =H72*K72+I72 -> 0 | K72: 5 | M72: =21000/5 -> 4200 | N72: =M72*J72 -> 0
A73: 61 | B73: 대상(직배) | D73: [냉동] 이츠웰 냉동유부슬라이스(1kg*5ea) | E73: D+1 | F73: =IFERROR(VLOOKUP(C73,[3]Sheet1!$A$1:$D$65536,3,0)/K73,"") | G73: 냉동김밥 | J73: =H73*K73+I73 -> 0 | K73: 5 | M73: 10500 | N73: =M73*J73 -> 0
A74: 62 | B74: 한성기업 | D74: [냉동] 한성)냉동크래미F(1kg*10ea) | E74: D+2 | F74: 냉동베이커리 | G74: 27.10.27 | H74: 1 | I74: 8 | J74: =H74*K74+I74 -> 18 | K74: 10 | M74: 6720 | N74: =M74*J74 -> 120960
A75: 63 | B75: 에쓰푸드 | D75: [냉동] 치킨브레스트햄(300g*20EA) | E75: D+2 | F75: 냉동베이커리 | G75: 26.07.28 | I75: 15 | J75: =H75*K75+I75 -> 15 | K75: 20 | M75: =39000/20 -> 1950 | N75: =M75*J75 -> 29250
A76: 64 | B76: 두리에프앤비 | D76: [냉동] 냉동크루아상빵(50g*60ea) | E76: D+2 | F76: 냉동베이커리 | G76: 26.10.24 | H76: 16 | J76: =H76*K76+I76 -> 16 | K76: 1 | M76: =550*60 -> 33000 | N76: =M76*J76 -> 528000
A77: 65 | B77: 한설당 | D77: [냉동] 버터크로와상(40g*50ea) | E77: D+2 | F77: 냉동베이커리 | G77: 26.10.20 | H77: 5 | J77: =H77*K77+I77 -> 5 | K77: 1 | M77: =500*50 -> 25000 | N77: =M77*J77 -> 125000
A78: 66 | B78: 리더스에프에스 | D78: [냉동] 냉동패스츄리빵 (50개입*1box) | E78: D+2 | F78: 냉동베이커리 | G78: 26.07.29 | H78: 52 | J78: =H78*K78+I78 -> 52 | K78: 1 | M78: =640*50 -> 32000 | N78: =M78*J78 -> 1664000
A79: 33 | B79: 선진FS(리테일) | C79: 30002655 | D79: [냉동]갈비함박40 PK(40g*25ea) | E79: D+2 | F79: =IFERROR(VLOOKUP(C79,[1]Sheet1!$A$1:$D$65536,3,0)/K79,"") -> 1.7208 | H79: 21 | I79: 8 | J79: =H79*K79+I79 -> 218 | K79: 10 | L79: 커 | M79: 8373 | N79: =M79*J79 -> 1825314 | O79: 3/03신상
A80: 28 | B80: 선진FS(리테일) | C80: 30002950 | D80: [냉동] 선진매콤오징어 (2kg*6ea) | E80: D+2 | F80: =IFERROR(VLOOKUP(C80,[1]Sheet1!$A$1:$D$65536,3,0)/K80,"") -> 2.8275 | H80: 1 | I80: 2 | J80: =H80*K80+I80 -> 8 | K80: 6 | L80: 튀 | M80: 17150 | N80: =M80*J80 -> 137200
A81: 29 | B81: 선진FS(리테일) | C81: 30002951 | D81: [냉동] 선진매콤제육 (2kg*6ea) | E81: D+2 | F81: =IFERROR(VLOOKUP(C81,[1]Sheet1!$A$1:$D$65536,3,0)/K81,"") -> 8.1601667 | H81: 3 | J81: =H81*K81+I81 -> 18 | K81: 6 | L81: 튀 | M81: =78200/6 -> 13033.333 | N81: =M81*J81 -> 234600
A82: 23 | B82: 사옹원 | C82: 30003640 | D82: [냉동] 옥수수전(1kg*5봉)(30g*33개) | E82: D+2 | F82: =IFERROR(VLOOKUP(C82,[1]Sheet1!$A$1:$D$65536,3,0)/K82,"") | J82: =H82*K82+I82 -> 0 | K82: 5 | L82: 튀 | M82: 6496 | N82: =M82*J82 -> 0
A83: 23 | B83: 사옹원 | C83: 30003640 | D83: [냉동] 한입오미산적(1kg*4봉)(24*46개) | E83: D+2 | F83: =IFERROR(VLOOKUP(C83,[1]Sheet1!$A$1:$D$65536,3,0)/K83,"") | J83: =H83*K83+I83 -> 0 | K83: 4 | L83: 튀 | M83: 6496 | N83: =M83*J83 -> 0
A84: 23 | B84: 삼성웰스토어 | C84: 30003640 | D84: [냉동]슈레드치즈(알파플러스7F) 2.5KG*4개입 | E84: D+2 | F84: =IFERROR(VLOOKUP(C84,[1]Sheet1!$A$1:$D$65536,3,0)/K84,"") | J84: =H84*K84+I84 -> 0 | K84: 4 | L84: 튀 | M84: 6496 | N84: =M84*J84 -> 0
A85: 38 | B85: 아워홈(리테일) | C85: 30003438 | D85: [냉동] 연탄구이맛 간장제육불고기(3kg*3ea) | E85: D+2 | F85: =IFERROR(VLOOKUP(C85,[1]Sheet1!$A$1:$D$65536,3,0)/K85,"") -> 16.044333 | H85: 18 | J85: =H85*K85+I85 -> 54 | K85: 3 | L85: 계 | M85: 18300 | N85: =M85*J85 -> 988200
A86: 21 | B86: 대상(리테일) | C86: 30002893 | D86: [냉동]요리가편한쵸핑햄1kgPK | E86: D+2 | J86: =H86*K86+I86 -> 0 | K86: 10 | L86: 튀 | N86: =M86*J86 -> 0
A87: 17 | B87: 대상(DS유통) | C87: 30002895 | D87: [냉동]매콤한양념닭갈비(2kg*5ea) | E87: D+2 | F87: =IFERROR(VLOOKUP(C87,[1]Sheet1!$A$1:$D$65536,3,0)/K87,"") -> 6.2368 | J87: =H87*K87+I87 -> 0 | K87: 5 | L87: 튀 | M87: 12670 | N87: =M87*J87 -> 0
A88: 37 | B88: 아워홈(리테일) | C88: 30003285 | D88: [냉동] 미니사각어묵 (1kg*10ea) | E88: D+2 | F88: =IFERROR(VLOOKUP(C88,[1]Sheet1!$A$1:$D$65536,3,0)/K88,"") -> 6.8954 | G88: 입수량변경 | J88: =H88*K88+I88 -> 0 | K88: 10 | L88: 튀 | M88: 3180 | N88: =M88*J88 -> 0
A89: 47 | B89: 이우유통 | C89: 30003192 | D89: [냉동] 위드메이)훈제오리슬라이스 (800g*10pk) | E89: D+1 | F89: =IFERROR(VLOOKUP(C89,[1]Sheet1!$A$1:$D$65536,3,0)/K89,"") | G89: 4/1신상 | J89: =H89*K89+I89 -> 0 | K89: 10 | L89: 커 | M89: 6460 | N89: =M89*J89 -> 0
A90: 48 | B90: 국일(이우) | C90: 30003609 | D90: [냉동] 불향가득떡고기말이(구이) (2kg*5pk) | E90: D+1 | F90: =IFERROR(VLOOKUP(C90,[1]Sheet1!$A$1:$D$65536,3,0)/K90,"") -> 8.928 | G90: 6/26삭제 | J90: =H90*K90+I90 -> 0 | K90: 5 | L90: 튀 | M90: 12100 | N90: =M90*J90 -> 0
A91: 49 | B91: 지앤원(진보) | C91: 30003611 | D91: [냉동] 동림날치알(담흥) (900g*20ea) | E91: D+2 | F91: =IFERROR(VLOOKUP(C91,[1]Sheet1!$A$1:$D$65536,3,0)/K91,"") -> 0.0127 | G91: 6/26삭제 | J91: =H91*K91+I91 -> 0 | K91: 20 | L91: 커 | M91: 14500 | N91: =M91*J91 -> 0
A92: 50 | B92: 지앤원(진보) | C92: 30003639 | D92: [냉동] 민물장어(10미*10팩/박스) | E92: D+2 | F92: =IFERROR(VLOOKUP(C92,[1]Sheet1!$A$1:$D$65536,3,0)/K92,"") | G92: 0/1신상 | J92: =H92*K92+I92 -> 0 | K92: 10 | L92: 계 | M92: 22000 | N92: =M92*J92 -> 0
B93: 삼양냉동(금행) | C93: 30003497 | D93: [냉동] 삼양플러스함박스테이크1000 (50g(20ea)*10pk) | E93: D+2 | F93: =IFERROR(VLOOKUP(C93,[2]Sheet1!$A$1:$D$65536,3,0)/K93,"") | G93: 6/3삭제 | J93: =H93*K93+I93 -> 0 | K93: 10 | L93: 튀 | M93: 5760 | N93: =M93*J93 -> 0 | O93: 5/5신상
B94: 한울(네트웍스) | C94: 30003588 | D94: [냉동] 불고기맛느타리버섯조림(PBOX) 1KG*10봉 | E94: D+2 | F94: =IFERROR(VLOOKUP(C94,[2]Sheet1!$A$1:$D$65536,3,0)/K94,"") -> 0.712 | G94: 6/9삭제 | J94: =H94*K94+I94 -> 0 | K94: 10 | L94: 커 | M94: 8190 | N94: =M94*J94 -> 0 | O94: 5/5신상
B95: 한울(네트웍스) | C95: 30003587 | D95: [냉동] 불고기맛표고버섯조림(PBOX) 1KG*10봉 | E95: D+2 | F95: =IFERROR(VLOOKUP(C95,[2]Sheet1!$A$1:$D$65536,3,0)/K95,"") -> 0.6972 | G95: 6/9삭제 | J95: =H95*K95+I95 -> 0 | K95: 10 | L95: 커 | M95: 8190 | N95: =M95*J95 -> 0 | O95: 5/5신상
B96: 풍림푸드 (대선) | C96: 30000023 | D96: [냉동] 계란후라이 (900g*10봉) | E96: D+1 | F96: =IFERROR(VLOOKUP(C96,[3]Sheet1!$A$1:$D$65536,3,0)/K96,"") -> 3.2275 | G96: 5/26삭제 | J96: =H96*K96+I96 -> 0 | K96: 10 | L96: 튀 | M96: 5445 | N96: =M96*J96 -> 0
B97: 이우유통 | C97: 20194894 | D97: [냉동] 왕닭다리(8kg/1box) 38ea | E97: D+1 | F97: =IFERROR(VLOOKUP(C97,[3]Sheet1!$A$1:$D$65536,3,0)/K97,"") -> 0.1112 | G97: 5/12삭제 | J97: =H97*K97+I97 -> 0 | K97: 40 | L97: 계 | M97: 1461 | N97: =M97*J97 -> 0
B98: 조흥(오뚜기) | C98: 30002526 | D98: [냉동] 엔젤헤어MC55 (2KG X 4봉) | E98: D+1 | F98: =IFERROR(VLOOKUP(C98,[3]Sheet1!$A$1:$D$65536,3,0)/K98,"") -> 0.02125 | G98: 5/12삭제 | J98: =H98*K98+I98 -> 0 | K98: 4 | L98: 커 | M98: 20600 | N98: =M98*J98 -> 0
B99: 이우유통 | C99: 30003470 | D99: [냉동] 감자다이스2cm(1kg*10ea) | E99: D+1 | F99: =IFERROR(VLOOKUP(C99,[3]Sheet1!$A$1:$D$65536,3,0)/K99,"") -> 1.0418 | G99: 5/12삭제 | J99: =H99*K99+I99 -> 0 | K99: 10 | L99: 튀 | M99: 2300 | N99: =M99*J99 -> 0
B100: 대상(DS유통) | C100: 30003530 | D100: [냉동] 비빔밥용돼지고기 (2kg*5ea) | E100: D+2 | F100: =IFERROR(VLOOKUP(C100,[3]Sheet1!$A$1:$D$65536,3,0)/K100,"") -> 0.012 | G100: 5/21삭제 | J100: =H100*K100+I100 -> 0 | K100: 5 | L100: 튀 | M100: 12970 | N100: =M100*J100 -> 0
B101: 제이아이(이우유통) | C101: 30003472 | D101: [냉동] 가슴살 치킨텐더스틱(1kg*10ea) | E101: D+1 | F101: =IFERROR(VLOOKUP(C101,[4]Sheet1!$A$1:$D$65536,3,0)/K101,"") -> 2.6095 | G101: 4/21삭제 | J101: =H101*K101+I101 -> 0 | K101: 10 | L101: 튀 | M101: 5800 | N101: =M101*J101 -> 0
...

Sheet 상온
A1: 상온 | D1: =냉장1!D1 -> 46324 | J1: 작성 | K1: 검토 | L1: 승인
A3: 재고조사자 | F3: =냉장1!F3 -> 6/14 기준 | H3: 재고조사 시간
A4: 구분 | B4: 거래처 | C4: ID | D4: 제품명 | E4: 발주주기 | F4: 일 사용량 (박스) | G4: 유통기한 | H4: 박스 | I4: 낱개 | J4: 현재고(봉) | K4: 입수량 | L4: 발주일 | M4: 봉단가 | N4: 금액
A5: 1 | B5: 평화영농조합 | C5: 30003009 | D5: [상온] 평화햅쌀(500kg/포) | E5: D+1 | F5: =IFERROR(VLOOKUP(C5,[1]Sheet1!$A$1:$D$65536,3,0)/K5,"") -> 6.475732 | H5: 21 | J5: =H5*K5+I5 -> 10500 | K5: 500 | M5: 3000 | N5: =M5*J5 -> 31500000
A6: 2 | B6: 그래도푸드(리테일) | C6: 30002629 | D6: [상온] 그래도푸드)노란단무지13mm (2.5kg*4ea) | E6: D+1 | F6: =IFERROR(VLOOKUP(C6,[1]Sheet1!$A$1:$D$65536,3,0)/K6,"") -> 43.7975 | H6: 40 | J6: =H6*K6+I6 -> 160 | K6: 4 | L6: 샐 | M6: =15000/4 -> 3750 | N6: =M6*J6 -> 600000
A7: 4 | B7: 농심태경 | C7: 30003762 | D7: [상온]1/2김(100*190mm)(실온)PK(200EA)*50pk | E7: D+2 | G7: 46315 | H7: 26 | J7: =H7*K7+I7 -> 1300 | K7: 50 | L7: 계 | M7: 7250 | N7: =M7*J7 -> 9425000
A8: 4 | B8: 농심태경 | C8: 30002439 | D8: [상온] 비빔소스[30g*400ea(소포장)] | E8: D+2 | J8: =H8*K8+I8 -> 0 | K8: 400 | L8: 계 | M8: 7250 | N8: =M8*J8 -> 0
A9: 5 | B9: 대상(네트웍스) | C9: 30000093 | D9: [상온] 쇠고기 실속다시(2kg*6EA) | E9: D+2 | F9: =IFERROR(VLOOKUP(C9,[1]Sheet1!$A$1:$D$65536,3,0)/K9,"") -> 0.85483333 | H9: 5 | J9: =H9*K9+I9 -> 30 | K9: 6 | L9: 계 | M9: 6508.3333 | N9: =M9*J9 -> 195250
A10: 6 | B10: 더원씨푸드 (네트웍스) | C10: 30003148 | D10: [상온] 조미삼각김(100매*32팩)/ 외관변경 | E10: D+1 | F10: =IFERROR(VLOOKUP(C10,[1]Sheet1!$A$1:$D$65536,3,0)/K10,"") | G10: 6/2삭제 | J10: =H10*K10+I10 -> 0 | K10: 32 | M10: 10200 | N10: =M10*J10 -> 0
A11: 7 | B11: 대상(리테일) | C11: 30003368 | D11: [상온] 쉐프원 두번자른화영당면 (1kg*10ea) | E11: D+2 | F11: =IFERROR(VLOOKUP(C11,[1]Sheet1!$A$1:$D$65536,3,0)/K11,"") -> 1.2445 | H11: 3 | I11: 1 | J11: =H11*K11+I11 -> 31 | K11: 10 | L11: 조리실 | M11: 4460 | N11: =M11*J11 -> 138260
A12: 8 | B12: 대상(리테일) | C12: 30003340 | D12: [상온] 청정원_매운갈비양념(2kg*8ea) | E12: D+2 | F12: =IFERROR(VLOOKUP(C12,[1]Sheet1!$A$1:$D$65536,3,0)/K12,"") -> 0.968875 | H12: 1 | I12: 3 | J12: =H12*K12+I12 -> 11 | K12: 8 | L12: 계 | M12: 8510 | N12: =M12*J12 -> 93610
A13: 9 | B13: 대상(리테일) | C13: 30003735 | D13: [상온]혜자도시락김(소포장) | E13: D+2 | H13: 24 | J13: =H13*K13+I13 -> 7200 | K13: 300 | L13: 계 | M13: 6530 | N13: =M13*J13 -> 47016000 | O13: 3/31신상
A14: 10 | B14: 대상(리테일) | C14: 50000028 | D14: [상온] 청정원)진간장골드(13L) | E14: D+1 | F14: =IFERROR(VLOOKUP(C14,[1]Sheet1!$A$1:$D$65536,3,0)/K14,"") | H14: 6 | J14: =H14*K14+I14 -> 6 | K14: 1 | M14: 19800 | N14: =M14*J14 -> 118800
A15: 11 | B15: 더원씨푸드 (네트웍스) | C15: 30003605 | D15: [상온] 삼각김(투명_들기름) 100매*32개입 | E15: D+1 | F15: =IFERROR(VLOOKUP(C15,[1]Sheet1!$A$1:$D$65536,3,0)/K15,"") -> 1.658125 | H15: 6 | J15: =H15*K15+I15 -> 192 | K15: 32 | M15: 10200 | N15: =M15*J15 -> 1958400
A16: 12 | B16: 더원씨푸드 (네트웍스) | C16: 30003421 | D16: [상온] 더원씨푸드)1/2절김 200매*30개입 | E16: D+1 | F16: =IFERROR(VLOOKUP(C16,[1]Sheet1!$A$1:$D$65536,3,0)/K16,"") -> 1.1273 | J16: =H16*K16+I16 -> 0 | K16: 30 | M16: 11500 | N16: =M16*J16 -> 0
A17: 13 | B17: 더원씨푸드 (네트웍스) | C17: 30003155 | D17: [상온] 삼각김(무조미/100매*32ea) | E17: D+1 | F17: =IFERROR(VLOOKUP(C17,[1]Sheet1!$A$1:$D$65536,3,0)/K17,"") | G17: 6/2삭제 | J17: =H17*K17+I17 -> 0 | K17: 32 | M17: 10200 | N17: =M17*J17 -> 0
A18: 14 | B18: 더원씨푸드 (네트웍스) | C18: 30003115 | D18: [상온] 점보롤김 450매*8롤 | E18: D+1 | F18: =IFERROR(VLOOKUP(C18,[1]Sheet1!$A$1:$D$65536,3,0)/K18,"") -> 2.28975 | H18: 2 | J18: =H18*K18+I18 -> 16 | K18: 8 | M18: 63900 | N18: =M18*J18 -> 1022400
A19: 15 | B19: 롯데웰푸드(네트웍스) | C19: 30000363 | D19: [상온]데리야끼소스 2KG*6개입 | E19: D+1 | F19: =IFERROR(VLOOKUP(C19,[1]Sheet1!$A$1:$D$65536,3,0)/K19,"") | H19: 3 | J19: =H19*K19+I19 -> 18 | K19: 6 | M19: 12990 | N19: =M19*J19 -> 233820
A20: 15 | B20: 만전식품 (네트웍스) | C20: 30003168 | D20: [상온] 김밥김 3절 300매*50개입 | E20: D+1 | F20: =IFERROR(VLOOKUP(C20,[1]Sheet1!$A$1:$D$65536,3,0)/K20,"") -> 0.1033 | H20: 1 | I20: 7 | J20: =H20*K20+I20 -> 57 | K20: 50 | M20: 12990 | N20: =M20*J20 -> 740430
A21: 16 | B21: 만전식품 (네트웍스) | C21: 30003541 | D21: [상온] 점보삼각김(투명패턴) 100매*32개입 | E21: D+1 | F21: =IFERROR(VLOOKUP(C21,[1]Sheet1!$A$1:$D$65536,3,0)/K21,"") -> 6.538125 | H21: 19 | J21: =H21*K21+I21 -> 608 | K21: 32 | M21: =377600/32 -> 11800 | N21: =M21*J21 -> 7174400 | O21: 3/26리뉴얼
A22: 18 | B22: 사조대림 | C22: 30003419 | D22: [상온] 참치(2kg*5봉)-사조대림 | E22: D+2 | F22: =IFERROR(VLOOKUP(C22,[1]Sheet1!$A$1:$D$65536,3,0)/K22,"") -> 9.122 | J22: =H22*K22+I22 -> 0 | K22: 5 | L22: 샐 | M22: 13000 | N22: =M22*J22 -> 0
A23: 19 | B23: 삼성웰스토리 (네트웍스) | C23: 30001164 | D23: [상온] 고운고추분 1kg*20봉 | E23: D+2 | F23: =IFERROR(VLOOKUP(C23,[1]Sheet1!$A$1:$D$65536,3,0)/K23,"") -> 0.0968 | H23: 1 | I23: 6 | J23: =H23*K23+I23 -> 26 | K23: 20 | L23: 계 | M23: 8750 | N23: =M23*J23 -> 227500
A24: 20 | B24: 삼성웰스토리 (네트웍스) | C24: 30001581 | D24: [상온] 케찹파우치(3kg*4봉) | E24: D+2 | F24: =IFERROR(VLOOKUP(C24,[1]Sheet1!$A$1:$D$65536,3,0)/K24,"") -> 1.322 | H24: 3 | J24: =H24*K24+I24 -> 12 | K24: 4 | L24: 샐 | M24: 4300 | N24: =M24*J24 -> 51600
A25: 21 | B25: 성경(네트웍스) | C25: 30003061 | D25: 성경)돌자반(500g*6ea) | E25: D+1 | F25: =IFERROR(VLOOKUP(C25,[1]Sheet1!$A$1:$D$65536,3,0)/K25,"") -> 3.0656667 | H25: 5 | J25: =H25*K25+I25 -> 30 | K25: 6 | L25: 샐 | M25: 9680 | N25: =M25*J25 -> 290400
A26: 22 | B26: 성경(네트웍스) | C26: 30002759 | D26: [상온] 성경식품)재래도시락김 2G*10ea*24봉 | E26: D+1 | F26: =IFERROR(VLOOKUP(C26,[1]Sheet1!$A$1:$D$65536,3,0)/K26,"") -> 15.9625 | H26: 36 | J26: =H26*K26+I26 -> 864 | K26: 24 | L26: 샐 | M26: =27330/24 -> 1138.75 | N26: =M26*J26 -> 983880
A27: 23 | B27: 씨제이제일제당 (CJ) | C27: 30001140 | D27: [상온] 대두유(18L*통) | E27: D+1 | F27: =IFERROR(VLOOKUP(C27,[1]Sheet1!$A$1:$D$65536,3,0)/K27,"") -> 16.894 | H27: 90 | J27: =H27*K27+I27 -> 90 | K27: 1 | L27: 계/튀/취 | M27: 35000 | N27: =M27*J27 -> 3150000
A28: 24 | B28: 씨제이제일제당 (CJ) | C28: 30000389 | D28: [상온] 스팸(340g*20캔) | E28: D+1 | F28: =IFERROR(VLOOKUP(C28,[1]Sheet1!$A$1:$D$65536,3,0)/K28,"") -> 29.8447 | J28: =H28*K28+I28 -> 0 | K28: 20 | L28: 커 | M28: 3150 | N28: =M28*J28 -> 0
A29: 25 | B29: 씨제이제일제당 (CJ) | C29: 30001710 | D29: [상온] 하얀설탕(3kg*6봉) | E29: D+1 | F29: =IFERROR(VLOOKUP(C29,[1]Sheet1!$A$1:$D$65536,3,0)/K29,"") -> 1.4045 | J29: =H29*K29+I29 -> 0 | K29: 6 | L29: 계/샐 | M29: 4929 | N29: =M29*J29 -> 0
A30: 26 | B30: 씨제이제일제당 (CJ) | C30: 30003392 | D30: [상온] CJ백설 돼지갈비양념(10KG*1EA) | E30: D+1 | F30: =IFERROR(VLOOKUP(C30,[1]Sheet1!$A$1:$D$65536,3,0)/K30,"") -> 1.07 | H30: 7 | J30: =H30*K30+I30 -> 7 | K30: 1 | L30: 계/샐 | M30: 23000 | N30: =M30*J30 -> 161000
A31: 26 | B31: 씨제이제일제당 (CJ) | C31: 30002086 | D31: [상온]다담/강된장찌개양념(2kg*6ea) | E31: D+1 | H31: 1 | J31: =H31*K31+I31 -> 6 | K31: 6 | L31: 계/샐 | M31: 23000 | N31: =M31*J31 -> 138000
A32: 26 | B32: 씨제이제일제당 (CJ) | C32: 30000179 | D32: [상온]해찬들고추장14kg | E32: D+1 | J32: =H32*K32+I32 -> 0 | K32: 1 | L32: 계/샐 | M32: 23000 | N32: =M32*J32 -> 0
A33: 27 | B33: 오뚜기(리테일) | C33: 30003544 | D33: [상온] 오뚜기GS마요네즈 (10kg*1ea) | E33: D+1 | F33: =IFERROR(VLOOKUP(C33,[1]Sheet1!$A$1:$D$65536,3,0)/K33,"") -> 16.436 | H33: 60 | J33: =H33*K33+I33 -> 60 | K33: 1 | L33: 샐 | M33: 26880 | N33: =M33*J33 -> 1612800 | O33: 3/26리뉴얼
A34: 28 | B34: 오뚜기(리테일) | C34: 30003296 | D34: [상온] 오쉐프_허니마스타드 드레싱 (2kg*6ea) | E34: D+1 | F34: =IFERROR(VLOOKUP(C34,[1]Sheet1!$A$1:$D$65536,3,0)/K34,"") -> 0.393 | H34: 4 | J34: =H34*K34+I34 -> 24 | K34: 6 | L34: 야 | M34: 7150 | N34: =M34*J34 -> 171600
A35: 29 | B35: 오뚜기(리테일) | C35: 30003365 | D35: [상온]이금기_팬더굴소스(PE) 2.4KG | E35: D+1 | F35: =IFERROR(VLOOKUP(C35,[1]Sheet1!$A$1:$D$65536,3,0)/K35,"") -> 0.0545 | J35: =H35*K35+I35 -> 0 | K35: 6 | L35: 야 | M35: 9200 | N35: =M35*J35 -> 0 | O35: 3/26신상
A36: 30 | B36: 오뚜기(리테일) | C36: 30003276 | D36: [상온] 치킨파우더(1KG*12EA) | E36: D+1 | F36: =IFERROR(VLOOKUP(C36,[1]Sheet1!$A$1:$D$65536,3,0)/K36,"") -> 0.069166667 | J36: =H36*K36+I36 -> 0 | K36: 12 | L36: 계 | M36: 16750 | N36: =M36*J36 -> 0 | O36: 3/26신상
A37: 31 | B37: 오뚜기(리테일) | C37: 30002439 | D37: [상온] 고추맛기름(1.5L*9통)-NS유통 | E37: D+2 | F37: =IFERROR(VLOOKUP(C37,[1]Sheet1!$A$1:$D$65536,3,0)/K37,"") -> 0.25744444 | H37: 2 | I37: 4 | J37: =H37*K37+I37 -> 22 | K37: 9 | L37: 계 | M37: 7250 | N37: =M37*J37 -> 159500
A38: 32 | B38: 오뚜기(리테일) | C38: 30003772 | D38: [상온]빵가루(상온)PK(10kg) | E38: D+2 | H38: 3 | J38: =H38*K38+I38 -> 3 | K38: 1 | L38: 계 | M38: 22500 | N38: =M38*J38 -> 67500
A39: 33 | B39: 이너피스(네트웍스) | C39: 30003476 | D39: [상온] 화풍표고버섯채(종이BOX) 2.84KG*6캔 | E39: D+1 | F39: =IFERROR(VLOOKUP(C39,[1]Sheet1!$A$1:$D$65536,3,0)/K39,"") -> 1.3 | H39: 11 | I39: 2 | J39: =H39*K39+I39 -> 68 | K39: 6 | L39: 야 | M39: 4200 | N39: =M39*J39 -> 285600
A40: 34 | B40: 씨제이제일제당 (CJ) | C40: 30003296 | D40: 크레잇)허니머스타드드레싱(2kg*6ea) | E40: D+1 | F40: =IFERROR(VLOOKUP(C40,[1]Sheet1!$A$1:$D$65536,3,0)/K40,"") -> 0.393 | J40: =H40*K40+I40 -> 0 | K40: 6 | L40: 샐 | M40: 6773 | N40: =M40*J40 -> 0 | O40: 임시용도
A41: 35 | B41: NS유통 | C41: 30002793 | D41: [상온] 리챔 (340g*24ea) | E41: D+1 | F41: =IFERROR(VLOOKUP(C41,[1]Sheet1!$A$1:$D$65536,3,0)/K41,"") -> 5.9444583 | J41: =H41*K41+I41 -> 0 | K41: 24 | L41: 야 | M41: 2600 | N41: =M41*J41 -> 0
A42: 36 | B42: NS유통 | C42: 30001887 | D42: [상온] 맛소금 (5KG*4EA) - NS유통 | E42: D+1 | F42: =IFERROR(VLOOKUP(C42,[1]Sheet1!$A$1:$D$65536,3,0)/K42,"") -> 0.02075 | J42: =H42*K42+I42 -> 0 | K42: 4 | L42: 야 | M42: 7500 | N42: =M42*J42 -> 0
A43: 37 | B43: NS유통 | C43: 30003545 | D43: [상온] 동원)참치다시(1kg*10ea) | E43: D+1 | F43: =IFERROR(VLOOKUP(C43,[1]Sheet1!$A$1:$D$65536,3,0)/K43,"") -> 0.117 | J43: =H43*K43+I43 -> 0 | K43: 10 | L43: 샐 | M43: 0 | N43: =M43*J43 -> 0 | O43: 3/26리뉴얼
A44: 38 | B44: NS유통 | C44: 30001938 | D44: [상온] 진간장(1.8L*6통)-NS유통 | E44: D+2 | F44: =IFERROR(VLOOKUP(C44,[1]Sheet1!$A$1:$D$65536,3,0)/K44,"") -> 0.1915 | J44: =H44*K44+I44 -> 0 | K44: 6 | L44: 셀/계 | M44: 4550 | N44: =M44*J44 -> 0
A45: 39 | B45: 다인소재 | C45: 30001800 | D45: [상온] 유니믹스HG(5kg*4봉) | E45: D+1 | F45: =IFERROR(VLOOKUP(C45,[1]Sheet1!$A$1:$D$65536,3,0)/K45,"") -> 0.12875 | J45: =H45*K45+I45 -> 0 | K45: 4 | L45: 계 | M45: 125000 | N45: =M45*J45 -> 0
A46: 40 | B46: 다인소재 | C46: 30002524 | D46: [상온] 유니믹스N2(5kg*4봉) | E46: D+1 | F46: =IFERROR(VLOOKUP(C46,[1]Sheet1!$A$1:$D$65536,3,0)/K46,"") -> 0.0945 | J46: =H46*K46+I46 -> 0 | K46: 4 | L46: 계 | M46: 150000 | N46: =M46*J46 -> 0
A47: 41 | B47: 더원씨푸드 | C47: 30003264 | D47: [상온] 구운롤김 600매*8롤 | E47: D+1 | F47: =IFERROR(VLOOKUP(C47,[1]Sheet1!$A$1:$D$65536,3,0)/K47,"") -> 0.989875 | G47: 슈퍼/냉동김밥 | J47: =H47*K47+I47 -> 0 | K47: 8 | M47: 85200 | N47: =M47*J47 -> 0
A48: 42 | B48: 아워홈(리테일) | C48: 30001472 | D48: [상온] 모아하우스머스타드(3.628kg*4ea) | E48: D+2 | F48: =IFERROR(VLOOKUP(C48,[1]Sheet1!$A$1:$D$65536,3,0)/K48,"") -> 0.4745 | H48: 2 | I48: 2 | J48: =H48*K48+I48 -> 10 | K48: 4 | L48: 샐 | M48: 12400 | N48: =M48*J48 -> 124000 | O48: 3/24신상
A49: 43 | B49: 아워홈(리테일) | C49: 30001713 | D49: [상온]치킨난방용마요BOX(2kg*5ea) | E49: D+2 | H49: 2 | I49: 2 | J49: =H49*K49+I49 -> 12 | K49: 5 | L49: 샐 | M49: 14900 | N49: =M49*J49 -> 178800
A50: 44 | B50: 에스엔피인터내셔널 | C50: 30003419 | D50: [상온] 살코기참치(3kg*5팩)-S&P | E50: D+2 | F50: =IFERROR(VLOOKUP(C50,[1]Sheet1!$A$1:$D$65536,3,0)/K50,"") -> 9.122 | H50: 68 | J50: =H50*K50+I50 -> 340 | K50: 5 | L50: 샐 | M50: =6300*3 -> 18900 | N50: =M50*J50 -> 6426000
A51: 46 | B51: 이우유통 | C51: 30001796 | D51: [상온] 건국연유(5kg*2봉) | E51: D+2/1 | F51: =IFERROR(VLOOKUP(C51,[1]Sheet1!$A$1:$D$65536,3,0)/K51,"") -> 0.7015 | H51: 3 | J51: =H51*K51+I51 -> 6 | K51: 2 | L51: 샐 | M51: 33000 | N51: =M51*J51 -> 198000
A52: 47 | B52: 이우유통 | C52: 30003414 | D52: [상온] 농가참기름(소포장) (3ml*2000ea)-이우유통 | E52: D+2/1 | F52: =IFERROR(VLOOKUP(C52,[1]Sheet1!$A$1:$D$65536,3,0)/K52,"") -> 0.0335 | I52: 2000 | J52: =H52*K52+I52 -> 2000 | K52: 2000 | L52: 샐 | M52: 67 | N52: =M52*J52 -> 134000
A53: 55 | B53: 이우유통 | C53: 30001284 | D53: [상온] 늘푸른할라피뇨랠리쉬 (3kg*6캔) | E53: D+2/1 | F53: =IFERROR(VLOOKUP(C53,[1]Sheet1!$A$1:$D$65536,3,0)/K53,"") -> 0.59433333 | J53: =H53*K53+I53 -> 0 | K53: 6 | L53: 커 | M53: 10000 | N53: =M53*J53 -> 0
A54: 48 | B54: 이우유통 | C54: 30001807 | D54: [상온] 미원(1kg*20봉) | E54: D+2/1 | F54: =IFERROR(VLOOKUP(C54,[1]Sheet1!$A$1:$D$65536,3,0)/K54,"") -> 0.02075 | I54: 4 | J54: =H54*K54+I54 -> 4 | K54: 20 | L54: 계 | M54: 9600 | N54: =M54*J54 -> 38400
A55: 45 | B55: 이우유통 | C55: 30003626 | D55: [상온] 수연소면(400g*20ea) | E55: D+2/1 | F55: =IFERROR(VLOOKUP(C55,[1]Sheet1!$A$1:$D$65536,3,0)/K55,"") | J55: =H55*K55+I55 -> 0 | K55: 20 | L55: 조리실 | M55: 2756 | N55: =M55*J55 -> 0
A56: 56 | B56: 이우유통 | C56: 30001284 | D56: [상온] 스위트콘 (3kg*6ea) | E56: D+2/1 | J56: =H56*K56+I56 -> 0 | K56: 6 | L56: 계 | M56: 10000 | N56: =M56*J56 -> 0
A57: 57 | B57: 이우유통 | C57: 30001277 | D57: [상온] 서원)K2순후추(200g*50ea) | E57: D+1 | F57: =IFERROR(VLOOKUP(C57,[1]Sheet1!$A$1:$D$65536,3,0)/K57,"") -> 0.0577 | J57: =H57*K57+I57 -> 0 | K57: 50 | L57: 계 | M57: 3400 | N57: =M57*J57 -> 0
A58: 49 | B58: 이우유통 | C58: 30002547 | D58: [상온] 신슈단무지(꼬들단무지) (1kg*10pk ) | E58: D+2/1 | F58: =IFERROR(VLOOKUP(C58,[1]Sheet1!$A$1:$D$65536,3,0)/K58,"") -> 5.3673 | H58: 21 | J58: =H58*K58+I58 -> 210 | K58: 10 | L58: 샐 | M58: 2450 | N58: =M58*J58 -> 514500
A59: 58 | B59: 이우유통 | C59: 30002556 | D59: [상온] 오이피클랠리쉬 | E59: D+1 | I59: 3 | J59: =H59*K59+I59 -> 3 | K59: 6 | L59: 계 | M59: 3400 | N59: =M59*J59 -> 10200
A60: 50 | B60: 이우유통 | C60: 30001169 | D60: [상온] 이온물엿 (8L*1통) | E60: D+2/1 | F60: =IFERROR(VLOOKUP(C60,[1]Sheet1!$A$1:$D$65536,3,0)/K60,"") -> 1.05 | G60: 업체변경 | H60: 8 | J60: =H60*K60+I60 -> 8 | K60: 1 | L60: 계 | M60: 10500 | N60: =M60*J60 -> 84000
A61: 51 | B61: 이우유통 | C61: 30001141 | D61: [상온] 중국산정제염(25kg*포)-이우유통 | E61: D+2/1 | F61: =IFERROR(VLOOKUP(C61,[1]Sheet1!$A$1:$D$65536,3,0)/K61,"") -> 1.227 | H61: 8 | J61: =H61*K61+I61 -> 8 | K61: 1 | L61: 샐/계 | M61: 9000 | N61: =M61*J61 -> 72000
A62: 52 | B62: 이우유통 | C62: 30003066 | D62: [상온] 카라멜소스(2.4KG*5EA) | E62: D+2/1 | F62: =IFERROR(VLOOKUP(C62,[1]Sheet1!$A$1:$D$65536,3,0)/K62,"") -> 0.0678 | I62: 4 | J62: =H62*K62+I62 -> 4 | K62: 5 | L62: 계 | M62: 8200 | N62: =M62*J62 -> 32800
A63: 53 | B63: 이우유통 | C63: 30000075 | D63: [상온] 혼다시(1kg*12통) | E63: D+2/1 | F63: =IFERROR(VLOOKUP(C63,[1]Sheet1!$A$1:$D$65536,3,0)/K63,"") -> 0.18533333 | G63: 업체변경 | H63: 1 | J63: =H63*K63+I63 -> 12 | K63: 12 | L63: 샐 | M63: 16500 | N63: =M63*J63 -> 198000
A64: 54 | B64: 이우유통 | C64: 20192510 | D64: [상온] 흑미 10KG*1개입 | E64: D+2/1 | F64: =IFERROR(VLOOKUP(C64,[1]Sheet1!$A$1:$D$65536,3,0)/K64,"") | H64: 16 | J64: =H64*K64+I64 -> 16 | K64: 1 | L64: 샐 | M64: 38000 | N64: =M64*J64 -> 608000
A65: 54 | B65: 이우유통 | C65: 30002327 | D65: [상온] 큐원백설탕(15kg) | E65: D+2/1 | F65: =IFERROR(VLOOKUP(C65,[1]Sheet1!$A$1:$D$65536,3,0)/K65,"") -> 2.439 | H65: 4 | J65: =H65*K65+I65 -> 4 | K65: 1 | L65: 샐 | M65: 38000 | N65: =M65*J65 -> 152000
A66: 54 | B66: 이우유통 | C66: 30000385 | D66: [상온] 샘표금F3진간장 (1.7L*6ea) | E66: D+2/1 | F66: =IFERROR(VLOOKUP(C66,[1]Sheet1!$A$1:$D$65536,3,0)/K66,"") | I66: 1 | J66: =H66*K66+I66 -> 1 | K66: 6 | L66: 샐 | M66: 38000 | N66: =M66*J66 -> 38000
A67: 54 | B67: 이우유통 | C67: 20194409 | D67: [상온] 매원(1.5L*8ea) | E67: D+2/1 | F67: =IFERROR(VLOOKUP(C67,[1]Sheet1!$A$1:$D$65536,3,0)/K67,"") | H67: 1 | I67: 2 | J67: =H67*K67+I67 -> 10 | K67: 8 | L67: 샐 | M67: 38000 | N67: =M67*J67 -> 380000
A68: 54 | B68: 이우유통 | C68: 30000253 | D68: [상온] 미향(1.8L*6ea) | E68: D+2/1 | F68: =IFERROR(VLOOKUP(C68,[1]Sheet1!$A$1:$D$65536,3,0)/K68,"") | I68: 2 | J68: =H68*K68+I68 -> 2 | K68: 6 | L68: 샐 | M68: 38000 | N68: =M68*J68 -> 76000
A69: 54 | B69: 이우유통 | C69: 30003717 | D69: [상온] 국내산들기름1.8L*6 | E69: D+2/1 | F69: =IFERROR(VLOOKUP(C69,[1]Sheet1!$A$1:$D$65536,3,0)/K69,"") | I69: 3 | J69: =H69*K69+I69 -> 3 | K69: 6 | L69: 샐 | M69: 38000 | N69: =M69*J69 -> 114000
A70: 59 | B70: 일미농수산(금행) | C70: 30002766 | D70: [상온] 채단무지(2.8kg*4ea) | E70: D+2/1 | F70: =IFERROR(VLOOKUP(C70,[1]Sheet1!$A$1:$D$65536,3,0)/K70,"") -> 2.8125 | H70: 12 | I70: 3 | J70: =H70*K70+I70 -> 51 | K70: 4 | L70: 커 | M70: 4396 | N70: =M70*J70 -> 224196
A71: 60 | B71: 청학에프앤씨(리테일) | C71: 30002883 | D71: [상온] 검은깨(1kg*10ea) | E71: D+2 | F71: =IFERROR(VLOOKUP(C71,[1]Sheet1!$A$1:$D$65536,3,0)/K71,"") -> 0.0089 | I71: 7 | J71: =H71*K71+I71 -> 7 | K71: 10 | L71: 셀/계 | M71: 10000 | N71: =M71*J71 -> 70000
A72: 61 | B72: 청학에프앤씨(리테일) | C72: 30003399 | D72: [상온] 들기름 (1.8L*6ea) | E72: D+2 | F72: =IFERROR(VLOOKUP(C72,[1]Sheet1!$A$1:$D$65536,3,0)/K72,"") -> 0.20983333 | J72: =H72*K72+I72 -> 0 | K72: 6 | L72: 셀/계 | M72: 22000 | N72: =M72*J72 -> 0
A73: 62 | B73: 청학에프앤씨(리테일) | C73: 30000006 | D73: [상온] 청학/볶음참깨(1kg*10봉) | E73: D+2 | F73: =IFERROR(VLOOKUP(C73,[1]Sheet1!$A$1:$D$65536,3,0)/K73,"") -> 3.2908 | H73: 10 | J73: =H73*K73+I73 -> 100 | K73: 10 | L73: 셀/계 | M73: 6900 | N73: =M73*J73 -> 690000
A74: 63 | B74: 청학에프앤씨(리테일) | C74: 10301023 | D74: [상온] 청학/청학동참기름(1.8L*6EA) | E74: D+2 | F74: =IFERROR(VLOOKUP(C74,[1]Sheet1!$A$1:$D$65536,3,0)/K74,"") -> 4.1938333 | H74: 21 | J74: =H74*K74+I74 -> 126 | K74: 6 | L74: 셀/계 | M74: 13700 | N74: =M74*J74 -> 1726200
A75: 64 | B75: 청학에프앤씨(리테일) | C75: 30000007 | D75: [상온] 청학/청학동참기름(16.5kg/통) | E75: D+2 | F75: =IFERROR(VLOOKUP(C75,[1]Sheet1!$A$1:$D$65536,3,0)/K75,"") -> 1.087 | H75: 5 | J75: =H75*K75+I75 -> 5 | K75: 1 | L75: 셀/계 | M75: 132000 | N75: =M75*J75 -> 660000
A76: 66 | B76: 푸드머스(네트웍스) | C76: 30002769 | D76: [상온]바릴라스파게티면(종이BOX) 5KG*3EA | E76: D+1 | F76: =IFERROR(VLOOKUP(C76,[1]Sheet1!$A$1:$D$65536,3,0)/K76,"") -> 2.0036667 | H76: 1 | I76: 2 | J76: =H76*K76+I76 -> 5 | K76: 3 | L76: 계 | M76: 11400 | N76: =M76*J76 -> 57000
A77: 67 | B77: 한성기업(동원) | C77: 30002511 | D77: [상온] 고미트햄 (340G*24EA)-한성 | E77: D+1 | F77: =IFERROR(VLOOKUP(C77,[1]Sheet1!$A$1:$D$65536,3,0)/K77,"") -> 7.8003333 | H77: 78 | J77: =H77*K77+I77 -> 1872 | K77: 24 | L77: 야 | M77: 2390 | N77: =M77*J77 -> 4474080
A78: 68 | B78: 아림식자재 | D78: 오뚜기)2배사과식초(900ml*15통) | E78: D+1 | F78: =IFERROR(VLOOKUP(C78,[3]Sheet1!$A$1:$D$65536,3,0)/K78,"") | G78: 냉동김밥 | J78: =H78*K78+I78 -> 0 | K78: 15 | M78: 2700 | N78: =M78*J78 -> 0
A79: 69 | B79: 쏘이마루 | D79: 쏘이마루)콩단백(1kg*10pk) | E79: D+1 | F79: =IFERROR(VLOOKUP(C79,[3]Sheet1!$A$1:$D$65536,3,0)/K79,"") | G79: 냉동김밥 | J79: =H79*K79+I79 -> 0 | K79: 10 | N79: =M79*J79 -> 0
A80: 70 | B80: 이우유통 | D80: 움트리)와사비분말(200g*10pk) | E80: D+1 | F80: =IFERROR(VLOOKUP(C80,[3]Sheet1!$A$1:$D$65536,3,0)/K80,"") | G80: 냉동김밥 | J80: =H80*K80+I80 -> 0 | K80: 10 | M80: 7800 | N80: =M80*J80 -> 0
A81: 71 | B81: 대상(직배) | D81: 조청쌀엿(5kg*4ea) | E81: D+1 | F81: =IFERROR(VLOOKUP(C81,[3]Sheet1!$A$1:$D$65536,3,0)/K81,"") | G81: 냉동김밥 | J81: =H81*K81+I81 -> 0 | K81: 4 | M81: 15000 | N81: =M81*J81 -> 0
A82: 72 | B82: 아워홈(리테일) | C82: 30002680 | D82: [상온] 고소한 마요네즈 행복한맛남 (2kg*1봉) | E82: D+2 | F82: =IFERROR(VLOOKUP(C82,[3]Sheet1!$A$1:$D$65536,3,0)/K82,"") | G82: 순성김밥 | J82: =H82*K82+I82 -> 0 | K82: 1 | L82: 샐 | M82: 11660 | N82: =M82*J82 -> 0
A83: 73 | B83: NS유통 | C83: 30003647 | D83: [상온] 참치(2kg*5봉)-NS유통 | E83: D+2 | F83: =IFERROR(VLOOKUP(C83,[3]Sheet1!$A$1:$D$65536,3,0)/K83,"") | G83: 냉동김밥 | J83: =H83*K83+I83 -> 0 | K83: 5 | L83: 샐 | M83: 14900 | N83: =M83*J83 -> 0
A84: 74 | B84: NS유통 | C84: 30003685 | D84: [상온] 진골뱅이(300g*24ea) | J84: =H84*K84+I84 -> 0 | K84: 24 | M84: 5300 | N84: =M84*J84 -> 0
A85: 75 | B85: 흥선 | C85: 30003768 | D85: [상온]곱창삼각김밥김소프트PK(125g) | E85: D+1 | H85: 5 | J85: =H85*K85+I85 -> 160 | K85: 32 | M85: 110 | N85: =M85*J85 -> 17600
A86: 76 | M86: 14900 | N86: =M86*J86 -> 0
A87: 76 | M87: 14900 | N87: =M87*J87 -> 0
A88: 76 | M88: 14900 | N88: =M88*J88 -> 0
A89: 74 | B89: 이우유통 | D89: [상온] 늘푸른피클랠리쉬 (3KG*6캔) | E89: D+2/1 | F89: =IFERROR(VLOOKUP(C89,[3]Sheet1!$A$1:$D$65536,3,0)/K89,"") | G89: 냉동베이커리 | J89: =H89*K89+I89 -> 0 | K89: 6 | M89: 7300 | N89: =M89*J89 -> 0
A90: 75 | B90: 이우유통 | D90: [상온] 솔표홀그레인머스타드 (5KG*2ea) | E90: D+2/1 | F90: =IFERROR(VLOOKUP(C90,[3]Sheet1!$A$1:$D$65536,3,0)/K90,"") | G90: 냉동베이커리 | J90: =H90*K90+I90 -> 0 | K90: 2 | M90: 34000 | N90: =M90*J90 -> 0
A91: 76 | B91: 대상(직배) | D91: 쉐프원)허니머스타드드레싱(2kg*5ea) | E91: D+1 | F91: =IFERROR(VLOOKUP(C91,[3]Sheet1!$A$1:$D$65536,3,0)/K91,"") | G91: 냉동베이커리 | J91: =H91*K91+I91 -> 0 | K91: 5 | M91: 7220 | N91: =M91*J91 -> 0
A92: 17 | B92: 만전식품 (네트웍스) | D92: [상온]구운김 김가루 500G*5개입 | E92: D+1 | F92: =IFERROR(VLOOKUP(C92,[1]Sheet1!$A$1:$D$65536,3,0)/K92,"") | J92: =H92*K92+I92 -> 0 | K92: 32 | M92: =511200/8 -> 63900 | N92: =M92*J92 -> 0
A93: 9 | B93: 대상(리테일) | C93: 30002970 | D93: [상온]도시락용재래김2g*10ea | E93: D+2 | J93: =H93*K93+I93 -> 0 | K93: 300 | L93: 계 | M93: 6530 | N93: =M93*J93 -> 0 | O93: 3/31신상
A94: 3 | B94: 그래도푸드(리테일) | C94: 30003622 | D94: [상온] 냉면용흰김치 2.8kg*4ea | E94: D+1 | F94: =IFERROR(VLOOKUP(C94,[1]Sheet1!$A$1:$D$65536,3,0)/K94,"") | J94: =H94*K94+I94 -> 0 | K94: 4 | L94: 커 | N94: =M94*J94 -> 0
M95: 합계 | N95: =SUM(N5:N91) -> 1.2481353e+08
B96: 풍림푸드(대선) | C96: 30001937 | D96: [상온] 난황파우더(10kg/box) | E96: D+1 | F96: =IFERROR(VLOOKUP(C96,[2]Sheet1!$A$1:$D$65536,3,0)/K96,"") | J96: =H96*K96+I96 -> 0 | K96: 1 | L96: 샐 | M96: 200000 | N96: =M96*J96 -> 0
B97: 이우유통 | C97: 30001407 | D97: [상온] 해마루 피클 슬라이스 (3KG*6캔) | E97: D+2/1 | F97: =IFERROR(VLOOKUP(C97,[2]Sheet1!$A$1:$D$65536,3,0)/K97,"") | G97: 6/3삭제 | J97: =H97*K97+I97 -> 0 | K97: 6 | L97: 커 | M97: 6100 | N97: =M97*J97 -> 0 | O97: 5/5신상
B98: 이우유통 | C98: 30002948 | D98: [상온] 지오씨팜 할라피뇨 슬라이스 (3KG * 6캔) | E98: D+2/1 | F98: =IFERROR(VLOOKUP(C98,[2]Sheet1!$A$1:$D$65536,3,0)/K98,"") | G98: 6/3삭제 | J98: =H98*K98+I98 -> 0 | K98: 6 | L98: 커 | M98: 5800 | N98: =M98*J98 -> 0 | O98: 5/5신상
B99: 델리캡(NS유통) | C99: 30003589 | D99: [상온] 블랙트러플소스(400g*24캔) | E99: D+2 | F99: =IFERROR(VLOOKUP(C99,[2]Sheet1!$A$1:$D$65536,3,0)/K99,"") -> 0.069583333 | G99: 6/9삭제 | J99: =H99*K99+I99 -> 0 | K99: 24 | L99: 샐 | M99: 19600 | N99: =M99*J99 -> 0 | O99: 5/5신상
B100: 이우유통 | C100: 30003322 | D100: [상온] 크리스피어니언 1kg*10pk | E100: D+2/1 | F100: =IFERROR(VLOOKUP(C100,[3]Sheet1!$A$1:$D$65536,3,0)/K100,"") -> 0.0845 | G100: 5/12삭제 | J100: =H100*K100+I100 -> 0 | K100: 10 | L100: 샐 | M100: 8000 | N100: =M100*J100 -> 0
B101: 이우유통 | C101: 30003547 | D101: [상온] 양송이캔(2.84kg*6ea) | E101: D+2/1 | F101: =IFERROR(VLOOKUP(C101,[3]Sheet1!$A$1:$D$65536,3,0)/K101,"") -> 0.0093333333 | G101: 5/21삭제 | J101: =H101*K101+I101 -> 0 | K101: 6 | L101: 야 | M101: 7384 | N101: =M101*J101 -> 0
...

Sheet Sheet1
A1: 구분 | B1: 거래처 | C1: ID | D1: 제품명 | E1: 입고일 | F1: 일 사용량 (박스) | G1: 유통기한 | H1: 박스 | I1: 낱개 | J1: 현재고(봉) | K1: 입수량 | L1: 발주일 | M1: 봉단가 | N1: 금액
A2: 1 | B2: 농심태경(금행) | C2: 30002902 | D2: [냉장]토마토파스타소스(2kg*6ea) | E2: D+2 | F2: 2.0011667 | H2: 7 | I2: 5 | J2: 47 | K2: 6 | L2: 샐 | M2: 5150 | N2: 242050
A3: 2 | B3: 다미푸드텍(금행) | C3: 30002904 | D3: [냉장] 할라피뇨칠리소스(3kg*5ea) | E3: D+2 | F3: 0.6116 | H3: 3 | I3: 2 | J3: 17 | K3: 5 | L3: 샐 | M3: 11400 | N3: 193800 | O3: 3/17신상
A4: 3 | B4: 다미푸드텍(금행) | C4: 30003064 | D4: [냉장] 쌈장마요소스(3KG*5EA) | E4: D+2 | F4: 1.2412 | H4: 1 | I4: 2 | J4: 7 | K4: 5 | L4: 샐 | M4: 14700 | N4: 102900
A5: 4 | B5: 다미푸드텍(금행) | C5: 30003367 | D5: [냉장] 잡채용소스_JH (3kg*5ea) | E5: D+2 | H5: 1 | I5: 3 | J5: 8 | K5: 5 | L5: 샐 | M5: 11400 | N5: 91200 | O5: 3/17신상
A6: 5 | B6: 다미푸드텍(금행) | C6: 20194666 | D6: [냉장] 카츠도시락용소스 (3kg*5ea) | E6: D+2 | H6: 12 | J6: 60 | K6: 5 | L6: 샐 | M6: 14700 | N6: 882000
A7: 6 | B7: 대상(리테일) | C7: 30002846 | D7: [냉장] 비빔밥용고추장소스 (2kg*5ea) | E7: D+2 | F7: 0.4422 | H7: 1 | I7: 2 | J7: 7 | K7: 5 | L7: 커 | M7: 8910 | N7: 62370
A8: 7 | B8: 대상(리테일) | C8: 30003596 | D8: [냉장] 쉐프원 불맛베이스(캡파우치)(2kg*5ea) | E8: D+2 | F8: 1.1394 | H8: 1 | I8: 3 | J8: 8 | K8: 5 | L8: 샐 | M8: 16140 | N8: 129120
A9: 8 | B9: 동방푸드마스타(금행) | C9: 30002896 | D9: [냉장]통통쏘야소스(3kg*4ea) | E9: D+2 | F9: 0.893 | H9: 3 | I9: 2 | J9: 14 | K9: 4 | L9: 커 | M9: 10200 | N9: 142800
A10: 9 | B10: 동방푸드마스타(금행) | C10: 30003617 | D10: [냉장] 데리야끼마요소스-FS (3kg*4ea) | E10: D+2 | H10: 6 | J10: 24 | K10: 4 | L10: 샐 | M10: 14280 | N10: 342720
A11: 10 | B11: 매일유업(리테일) | C11: 20195150 | D11: [냉장] 마일드체다SOS치즈(960g*16ea) | E11: D+3 | F11: 1.990875 | H11: 9 | I11: 11 | J11: 155 | K11: 16 | L11: 커 | M11: 7440 | N11: 1153200
A12: 11 | B12: 반찬단지(리테일) | C12: 30003582 | D12: [냉장]8mm김밥단무지2.5kg(냉장)BOX(2.5KG*4EA) | E12: D+1 | F12: 10.21875 | H12: 14 | I12: 2 | J12: 58 | K12: 4 | L12: 커 | M12: 3950 | N12: 229100 | O12: 5/5신상
A13: 11 | B13: 반찬단지(리테일) | C13: 30003582 | D13: [냉장] 세천팜)김밥단무지 (2.5kg*4ea) | E13: D+1 | F13: 10.21875 | H13: 34 | J13: 136 | K13: 4 | L13: 커 | M13: 3950 | N13: 537200 | O13: 5/5신상
A14: 12 | B14: 부림 | C14: 20001846 | D14: [냉장] 당근채(4kg*3봉 - 1박스) | E14: D+1 | F14: 16.602 | H14: 15 | J14: 45 | K14: 3 | L14: 야 | M14: 7600 | N14: 342000
A15: 13 | B15: 선진FS(리테일) | C15: 30002903 | D15: [냉장] 치즈콕콕소시지(1.4kg*8ea) (1봉=100g*14ea) | E15: D+2 | F15: 9.45 | H15: 24 | J15: 192 | K15: 8 | L15: 커 | M15: 10226.25 | N15: 1963440 | O15: 3/17신상
A16: 14 | B16: 선진FS(리테일) | C16: 30003671 | D16: [냉장] 통통한칼집소시지 PK(990g) | E16: D+1 | H16: 20 | I16: 22 | J16: 222 | K16: 10 | L16: 커 | M16: 6300 | N16: 1398600
A17: 15 | B17: 아워홈(리테일) | C17: 30003656 | D17: [냉장] 마당놀이2(사각어묵)(1kg*10ea) | E17: D+2 | G17: 변경 | H17: 6 | I17: 26 | J17: 86 | K17: 10 | M17: 3200 | N17: 275200
A18: 16 | B18: 아워홈(리테일) | C18: 30001165 | D18: [냉장] 깍두기(10kg*box) | E18: D+2 | F18: 2.82 | H18: 4 | J18: 4 | K18: 1 | L18: 야 | M18: 19800 | N18: 79200
A19: 17 | B19: 아워홈(리테일) | C19: 30002355 | D19: [냉장] 알뜰어묵볼대림 (1kg*10봉) | E19: D+2 | F19: 2.626 | G19: 변경 | J19: 0 | K19: 10 | L19: 커 | M19: 2230 | N19: 0
A20: 18 | B20: 아워홈(리테일) | C20: 30003673 | D20: [냉장]숯불갈비맛소스_2kg 행복한맛남 | E20: D+2 | H20: 1 | J20: 1 | K20: 1 | L20: 커 | M20: 2230 | N20: 2230
A21: 19 | B21: 아워홈(리테일) | C21: 30002684 | D21: [냉장] 아워홈)채어묵Ⅲ (1kg*10ea) | E21: D+2 | G21: 영풍김밥용 | J21: 0 | K21: 10 | M21: 2810 | N21: 0
A22: 20 | B22: 엠디에스코리아 (CJ) | C22: 30002593 | D22: [냉장] 콘버터G (1kg*10봉) | E22: D+2 | F22: 2.6006 | H22: 12 | I22: 9 | J22: 129 | K22: 10 | L22: 커 | M22: 5200 | N22: 670800
A23: 21 | B23: 엠디에스코리아 (CJ) | C23: 30002318 | D23: [냉장] 만능마카로니샐러드(1kg*10봉) | E23: D+2 | F23: 3.8 | H23: 9 | J23: 90 | K23: 10 | L23: 커 | M23: 4300 | N23: 387000
A24: 22 | B24: 엠디에스코리아 (CJ) | C24: 30003566 | D24: [냉장]마카로니샐러드(1kg*10봉) | E24: D+2 | F24: 3.8 | H24: 2 | J24: 20 | K24: 10 | L24: 커 | M24: 4300 | N24: 86000
A25: 23 | B25: 이레팜(네트웍스) | C25: 30002007 | D25: [냉장] 계란구이(세절)(1020g*12봉) | E25: D+2 | F25: 1.2630833 | I25: 10 | J25: 10 | K25: 12 | L25: 커 | M25: 5900 | N25: 59000
A26: 24 | B26: 이레팜(네트웍스) | C26: 30000910 | D26: [냉장] 야채계란말이(900g*12봉) | E26: D+2 | F26: 2.4375833 | H26: 8 | I26: 9 | J26: 105 | K26: 12 | L26: 커 | M26: 6250 | N26: 656250
A27: 25 | B27: 이레팜(네트웍스) | C27: 30003510 | D27: [냉장] 더커진계란구이(1.02kg*12ea) | E27: D+2 | F27: 7.81175 | H27: 9 | I27: 6 | J27: 114 | K27: 12 | L27: 커 | M27: 5900 | N27: 672600 | O27: 3/10신상
A28: 26 | B28: 이우유통 | C28: 30003288 | D28: [냉장] 송송오이피클(1kg*6ea) | E28: D+1 | F28: 0.35616667 | H28: 1 | J28: 6 | K28: 6 | L28: 샐 | M28: 3900 | N28: 23400
A29: 27 | B29: 이우유통 | C29: 30003599 | D29: [냉장] 조리편한조각두부(부침용) (3kg(88ea)*3pk) | E29: D+1 | F29: 8.4546667 | H29: 58 | J29: 2 | K29: 3 | L29: 샐 | M29: 3900 | N29: 7800
A30: 27 | B30: 이우유통 | C30: 30003599 | D30: [냉장] 신슈단무지 찹핑 (1kg*10pk ) | E30: D+1 | F30: 2.5364 | H30: 7 | I30: 5 | J30: 2 | K30: 10 | L30: 샐 | M30: 3900 | N30: 7800
A31: 28 | B31: 진주햄(동원) | C31: 30000376 | D31: [냉장] 골드88세절K(1kg*10봉) | E31: D+1 | F31: 3.2648 | H31: 7 | I31: 2 | J31: 72 | K31: 10 | L31: 커 | M31: 5150 | N31: 370800
A32: 29 | B32: 진주햄(동원) | C32: 30002614 | D32: [냉장] 알뜰주부진주줄줄이(1kg*10봉) | E32: D+1 | F32: 5.9682 | G32: 대체품 | H32: 3 | I32: 10 | J32: 40 | K32: 10 | L32: 커 | M32: 5500 | N32: 220000
A33: 29 | B33: 진주햄(동원) | C33: 30003766 | D33: [냉장]숯불갈비맛스모크햄세절48(1KG*10) | E33: D+1 | H33: 3 | I33: 6 | J33: 36 | K33: 10 | L33: 커 | M33: 6900 | N33: 248400
A34: 30 | B34: 한성기업 (동원) | C34: 20001849 | D34: [냉장] 게맛살(1.2kg*10봉) | E34: D+2 | F34: 5.3747 | H34: 5 | I34: 4 | J34: 54 | K34: 10 | L34: 커 | M34: 4200 | N34: 226800
A35: 31 | B35: 풍림푸드(리테일) | C35: 30003695 | D35: [냉장]계란말이G900gBOX(900g*10pk) | E35: D+1 | H35: 25 | J35: 250 | K35: 10 | L35: 커 | M35: 24400 | N35: 6100000
A36: 32 | B36: 태원식품(금행) | C36: 30003556 | D36: [냉장] 마라상궈소스(2kg*5ea) | E36: D+2 | F36: 0.0074 | J36: 0 | K36: 5 | L36: 계 | M36: 19200 | N36: 0 | O36: 3/26신상
A37: 33 | B37: 태원식품(금행) | C37: 30003528 | D37: [냉장] 불맛향미유 (2kg*5ea) | E37: D+2 | F37: 0.0454 | I37: 1 | J37: 1 | K37: 5 | L37: 계 | M37: 26500 | N37: 26500 | O37: 4/07신상
A38: 34 | B38: 한성기업 (동원) | C38: 30003070 | D38: [냉장] 숯불구이맛김밥햄(200g*30ea) | E38: D+2 | F38: 0.4 | H38: 1 | I38: 20 | J38: 50 | K38: 30 | L38: 커 | M38: 1820 | N38: 91000
A39: 35 | B39: 일미농수산 | C39: 30003352 | D39: [냉장]새콤한채코울슬로우(1kg*12pk) | E39: D+2 | H39: 11 | I39: 4 | J39: 136 | K39: 12 | L39: 샐 | M39: 5330 | N39: 724880
A40: 36 | B40: 부림 | D40: 순성)당근채(국내산) (4kg*3pk/box) | E40: D+3 | G40: 순성김밥 | J40: 0 | K40: 3 | M40: 6255 | N40: 0
A41: 37 | B41: 부림 | D41: 우엉조림용 우엉채(중국산) (4kg*2pk) | E41: D+2 | G41: 영풍김밥용 | J41: 0 | K41: 2 | M41: 18000 | N41: 0
A42: 38 | B42: 사조오양 | C42: 30002614 | D42: 사조오양)하이비엔나(1kg*10ea) | E42: D+2 | F42: 5.9682 | G42: 임시용도 | J42: 0 | K42: 10 | L42: 커 | M42: 3400 | N42: 0
A43: 39 | B43: 사조오양 | C43: 30000376 | D43: 즉석스모크햄세절(1kg*10ea) | E43: D+2 | F43: 3.2648 | G43: 임시용도 | J43: 0 | K43: 10 | L43: 커 | M43: 6300 | N43: 0
A44: 40 | B44: 다미푸드텍(금행) | C44: 30003555 | D44: [냉장] 마파두부소스(3kg*5ea) | E44: D+2 | F44: 0.0976 | J44: 0 | K44: 5 | L44: 계 | M44: 14550 | N44: 0 | O44: 3/26신상
A45: 41 | B45: 다미푸드텍(금행) | C45: 30003612 | D45: [냉장] 명란마요용소스 (3kg*5ea) | E45: D+2 | F45: 0.0912 | J45: 0 | K45: 5 | L45: 샐 | M45: 14700 | N45: 0
A46: 42 | B46: 다미푸드텍(금행) | C46: 30003465 | D46: [냉장]닭갈비소스-J (3kg*5ea) | E46: D+2 | F46: 0.3926 | J46: 0 | K46: 5 | L46: 샐 | M46: 13500 | N46: 0 | O46: 1/27신상
A47: 43 | B47: 다미푸드텍(금행) | C47: 30003064 | D47: [냉장] 찜닭용소스 (3kg*5ea) | E47: D+2 | J47: 0 | K47: 5 | L47: 샐 | M47: 14700 | N47: 0
A48: 44 | B48: 아워홈(리테일) | C48: 50000051 | D48: [냉장]부산어묵 볼 행복한맛남 PK.(1kg) | E48: D+2 | H48: 2 | I48: 16 | J48: 36 | K48: 10 | M48: 2230
A49: 1 | B49: 한울(네트웍스) | C49: 30000121 | D49: [냉장] 볶음김치골드(5kg)*3 | E49: D+2 | F49: 16.944333 | H49: 10 | I49: 2 | J49: 32 | K49: 3 | L49: 커 | M49: 19700 | N49: 630400
A50: 2 | B50: 한울(네트웍스) | C50: 30000096 | D50: [냉장] 다진맛김치(PBOX) 10KG*2개입 | E50: D+2 | H50: 7 | I50: 1 | J50: 15 | K50: 2 | L50: 커 | M50: 19700 | N50: 295500
A51: 3 | B51: 한울(네트웍스) | C51: 30003681 | D51: [냉장]김밥용진미채무침(PBOX) 1KG*15봉 | E51: D+2 | H51: 3 | J51: 45 | K51: 15 | L51: 커 | M51: 19700 | N51: 886500
A52: 4 | B52: 한울(네트웍스) | C52: 30003664 | D52: [냉장]진미채견과무침(PBOX) 1KG*15봉 | E52: D+2 | J52: 0 | K52: 15 | L52: 커 | M52: 19700 | N52: 0
A53: 4 | B53: 한울(네트웍스) | C53: 30003744 | D53: [냉장]양념깻잎찜(PBOX) 1KG*15봉 | E53: D+2 | I53: 9 | J53: 9 | K53: 15 | L53: 커 | M53: 19700 | N53: 177300
A54: 5 | B54: 천안fs(네트웍스) | C54: 30003607 | D54: [냉장] 가쓰오치킨데리소스(PBOX) 2KG*10개입 | E54: D+1 | F54: 0.3564 | H54: 1 | I54: 1 | J54: 11 | K54: 10 | L54: 계 | M54: 6000 | N54: 66000
A55: 6 | B55: 천안fs(네트웍스) | C55: 30001057 | D55: [냉장] 간장소스K(2kg*10봉) | E55: D+1 | F55: 0.5099 | H55: 2 | I55: 3 | J55: 23 | K55: 10 | L55: 계 | M55: 7000 | N55: 161000
A56: 7 | B56: 천안fs(네트웍스) | C56: 30002992 | D56: [냉장] 경양식돈까스소스H(소포장)(50g*240ea) | E56: D+1 | F56: 3.6833333 | H56: 10 | J56: 2400 | K56: 240 | L56: 샐 | M56: 265 | N56: 636000
A57: 7 | B57: 천안fs(네트웍스) | C57: 30003716 | D57: [냉장]경양식돈까스소스B(PBOX) 30G*420개입 | E57: D+1 | H57: 10 | J57: 4200 | K57: 420 | L57: 샐 | M57: 265 | N57: 1113000
A58: 8 | B58: 천안fs(네트웍스) | C58: 30000065 | D58: [냉장] 고추장불고기소스(2kg*10봉) | E58: D+1 | F58: 1.7284 | H58: 5 | J58: 50 | K58: 10 | L58: 샐 | M58: 8300 | N58: 415000
A59: 10 | B59: 천안fs(네트웍스) | C59: 30003526 | D59: [냉장] 김밥용돈까스소스(PBOX) 2KG*10개입 | E59: D+1 | F59: 2.2544 | H59: 1 | J59: 10 | K59: 10 | L59: 샐 | M59: 4900 | N59: 49000 | O59: 3/24신상
A60: 11 | B60: 천안fs(네트웍스) | C60: 30003509 | D60: [냉장] 김밥용조미에센스소스(PBOX) 2KG*10개입 | E60: D+1 | F60: 2.5044 | J60: 0 | K60: 10 | L60: 취 | M60: 5900 | N60: 0 | O60: 3/10신상
A61: 12 | B61: 천안fs(네트웍스) | C61: 30000709 | D61: [냉장] 김치볶음밥용소스(PBOX) 2KG*10개입 | E61: D+1 | F61: 4.196 | H61: 18 | J61: 180 | K61: 10 | L61: 샐 | M61: 9000 | N61: 1620000
A62: 14 | B62: 천안fs(네트웍스) | C62: 30002363 | D62: [냉장] 너비아니양념소스J(PBOX) 2KG*10개입 | E62: D+1 | F62: 0.9974 | I62: 9 | J62: 9 | K62: 10 | L62: 계 | M62: 7800 | N62: 70200
A63: 15 | B63: 천안fs(네트웍스) | C63: 30002195 | D63: [냉장] 뉴비빔밥용고추장소스(PBOX) 2KG*10개입 | E63: D+1 | F63: 2.8006 | H63: 15 | I63: 7 | J63: 157 | K63: 10 | L63: 계 | M63: 7408 | N63: 1163056
A64: 16 | B64: 천안fs(네트웍스) | C64: 30003011 | D64: [냉장] 다시마조미식초소스(PBOX) 2KG*10개입 | E64: D+1 | F64: 0.032 | J64: 0 | K64: 10 | L64: 샐 | M64: 5400 | N64: 0
A65: 17 | B65: 천안fs(네트웍스) | C65: 30003508 | D65: [냉장] 대파크림소스(PBOX) 2KG*9개입 | E65: D+1 | F65: 1.8052222 | G65: 7/7삭제 | J65: 0 | K65: 9 | L65: 샐 | M65: 12600 | N65: 0 | O65: 3/03신상
A66: 18 | B66: 천안fs(네트웍스) | C66: 30003443 | D66: [냉장] 돈까스소스(소포장) 30g*420개입 | E66: D+1 | F66: 4.5 | J66: 0 | K66: 420 | L66: 샐 | M66: 190 | N66: 0
A67: 19 | B67: 천안fs(네트웍스) | C67: 30002096 | D67: [냉장] 돈까스소스-FS(PBOX) 2KG*10개입 | E67: D+1 | F67: 0.6565 | H67: 4 | I67: 8 | J67: 48 | K67: 10 | L67: 샐 | M67: 7800 | N67: 374400
A68: 20 | B68: 천안fs(네트웍스) | C68: 30003662 | D68: [냉장]땡초간장소스(PBOX) 2KG*10개입 | E68: D+1 | I68: 9 | J68: 9 | K68: 10 | L68: 계 | M68: 9000
A69: 21 | B69: 천안fs(네트웍스) | C69: 30003299 | D69: [냉장] 매운돈까스소스 (2kg*10ea) | E69: D+1 | F69: 0.2902 | H69: 4 | I69: 1 | J69: 41 | K69: 10 | L69: 샐 | M69: 7400 | N69: 303400
A70: 22 | B70: 천안fs(네트웍스) | C70: 30002077 | D70: [냉장] 매콤닭강정소스(2kg*10봉) | E70: D+1 | F70: 0.5576 | H70: 3 | I70: 3 | J70: 33 | K70: 10 | L70: 계 | M70: 7885 | N70: 260205
A71: 23 | B71: 천안fs(네트웍스) | C71: 30003608 | D71: [냉장] NEW매콤닭강정소스(PBOX) 2KG*10개입 | E71: D+1 | F71: 0.5741 | G71: 6/26삭제 | J71: 0 | K71: 10 | L71: 샐 | M71: 7886 | N71: 0
A72: 24 | B72: 천안fs(네트웍스) | C72: 30003684 | D72: [냉장]매콤흑당갈비치킨소스(PBOX) 2KG*10개입 | E72: D+1 | J72: 0 | K72: 10 | L72: 계 | M72: 9000
A73: 41 | B73: 천안fs(네트웍스) | C73: 20194658 | D73: [냉장]빨간어묵볶이소스(PBOX) 2KG*10개입 | E73: D+1 | H73: 4 | I73: 1 | J73: 33 | K73: 8 | L73: 샐 | M73: 11600 | N73: 382800
A74: 26 | B74: 천안fs(네트웍스) | C74: 30003559 | D74: [냉장] 볶음김치소스Y(PBOX) 2KG*10개입 | E74: D+1 | F74: 0.3243 | J74: 0 | K74: 10 | L74: 계 | M74: 9200 | N74: 0 | O74: 3/31신상
A75: 27 | B75: 천안fs(네트웍스) | C75: 30003579 | D75: [냉장] 비빔밥용고추장소스H(PBOX) 2KG*10개입 | E75: D+2 | F75: 0.9441 | J75: 0 | K75: 10 | L75: 계 | M75: 7600 | N75: 0 | O75: 4/28신상
A76: 28 | B76: 천안fs(네트웍스) | C76: 30003543 | D76: [냉장] 삼각용다시마취반소스(PBOX) 2KG*10개입 | E76: D+1 | F76: 0.8812 | J76: 0 | K76: 10 | L76: 취 | M76: 15600 | N76: 0 | O76: 3/26리뉴얼
A77: 29 | B77: 천안fs(네트웍스) | C77: 30002585 | D77: [냉장] 삼각치킨조미소스(PBOX) 2KG*10개입 | E77: D+1 | F77: 1.021 | H77: 3 | J77: 30 | K77: 10 | L77: 샐 | M77: 9600 | N77: 288000
A78: 30 | B78: 천안fs(네트웍스) | C78: 30003634 | D78: [냉장]스윗닭강정소스(PBOX) 2KG*10개입 | E78: D+1 | G78: 9/1신상 | J78: 0 | K78: 10 | L78: 계 | M78: 9000
A79: 31 | B79: 천안fs(네트웍스) | C79: 30003439 | D79: [냉장] 쏘야볶음소스H (2kg*10ea) | E79: D+1 | F79: 0.4637 | J79: 5 | K79: 10 | L79: 계 | M79: 7600 | N79: 38000
A80: 33 | B80: 천안fs(네트웍스) | C80: 30003653 | D80: [냉장] 오삼불고기소스(PBOX) 2KG*10개입 | E80: D+1 | H80: 3 | I80: 1 | J80: 31 | K80: 10 | L80: 계 | M80: 9000
A81: 34 | B81: 천안fs(네트웍스) | C81: 30003454 | D81: [냉장] 우엉볶음용간장소스(저염)(2kg*10ea) | E81: D+1 | F81: 0.405 | H81: 1 | I81: 4 | J81: 14 | K81: 10 | L81: 계 | M81: 6433 | N81: 90062
A82: 35 | B82: 천안fs(네트웍스) | C82: 30003010 | D82: [냉장] 조미식초소스(2kg*10봉) | E82: D+1 | F82: 2.6841 | H82: 6 | J82: 60 | K82: 10 | L82: 취 | M82: 5000 | N82: 300000
A83: 36 | B83: 천안fs(네트웍스) | C83: 30002875 | D83: [냉장]조청닭강정소스(2kg*10ea) | E83: D+1 | F83: 0.8059 | I83: 7 | J83: 7 | K83: 10 | L83: 샐 | M83: 7600 | N83: 53200
A84: 38 | B84: 천안fs(네트웍스) | C84: 30002650 | D84: [냉장]청양식매운맛간장소스(PBOX) 2KG*10개입 | E84: D+1 | F84: 0.6338 | H84: 1 | I84: 3 | J84: 13 | K84: 10 | L84: 샐 | M84: 7000 | N84: 91000
A85: 39 | B85: 천안fs(네트웍스) | C85: 30003310 | D85: [냉장] 츠쿠네소스 (2kg*10ea) | E85: D+1 | F85: 0.3755 | J85: 0 | K85: 10 | L85: 샐 | M85: 6200 | N85: 0
A86: 40 | B86: 천안fs(네트웍스) | C86: 30003308 | D86: [냉장] 치킨바베큐양념소스 (2kg*10ea) | E86: D+1 | F86: 0.5661 | H86: 2 | I86: 4 | J86: 24 | K86: 10 | L86: 샐 | M86: 7600 | N86: 182400
A87: 41 | B87: 천안fs(네트웍스) | C87: 30000091 | D87: [냉장]후천)파프리카소스(2kg*8ea) | E87: D+1 | F87: 0.364 | I87: 5 | J87: 5 | K87: 8 | L87: 샐 | M87: 11600 | N87: 58000
A88: 41 | B88: 천안fs(네트웍스) | C88: 30003748 | D88: [냉장]소세지야채볶음용소스(PBOX) 2KG*10개입 | E88: D+1 | I88: 3 | J88: 3 | K88: 10 | L88: 샐 | M88: 6000 | N88: 18000
A89: 41 | B89: 천안fs(네트웍스) | C89: 30003763 | D89: [냉장]겨자소스(PBOX) 15G*800개입 | E89: D+1 | H89: 6 | J89: 4800 | K89: 800 | L89: 샐 | M89: 110 | N89: 528000
A90: 41 | B90: 천안fs(네트웍스) | C90: 30003758 | D90: [냉장]광장김밥조미액FS(PBOX) 2KG*10개입 | E90: D+1 | H90: 9 | J90: 90 | K90: 10 | L90: 샐 | M90: 5400 | N90: 486000
A91: 41 | B91: 천안fs(네트웍스) | C91: 300003764 | D91: [냉장]W갈릭마요소스(PBOX) 25G*480개입 | E91: D+1 | H91: 9.5 | J91: 4560 | K91: 480 | L91: 샐 | M91: 135 | N91: 615600
A92: 42 | B92: 대상(리테일) | C92: 30002599 | D92: [냉장] 종가)맛김치 (10kg*2ea) | E92: D+2 | F92: 9.0695 | H92: 19 | I92: 1 | J92: 39 | K92: 2 | L92: 커 | M92: 31000 | N92: 1209000
A93: 43 | B93: 대상(리테일) | C93: 30003400 | D93: [냉장] 미니백볶음김치(3kg*8ea) | E93: D+2 | F93: 3.262 | H93: 15 | I93: 6 | J93: 126 | K93: 8 | L93: 커 | M93: 14700 | N93: 1852200 | O93: 3/26리뉴얼
A94: 44 | B94: 동방푸드마스타 (금행) | C94: 30000746 | D94: [냉장] 어묵볶음용소스-FS(3kg*4봉) | E94: D+2 | F94: 0.46175 | H94: 1 | I94: 3 | J94: 7 | K94: 4 | L94: 계 | M94: 10500 | N94: 73500
A95: 45 | B95: 반찬단지(리테일) | C95: 30002442 | D95: [냉장] 우엉채 (3kg×5pk)-반찬단지 | E95: D+2 | F95: 8.4176 | H95: 8 | I95: 2 | J95: 42 | K95: 5 | L95: 커 | M95: 15540 | N95: 652680
A96: 46 | B96: 반찬단지(리테일) | C96: 30002092 | D96: [냉장] 진미채견과볶음(1kg*10ea) | E96: D+2 | F96: 2.0404 | H96: 2 | I96: 3 | J96: 23 | K96: 10 | L96: 커 | M96: 10900 | N96: 250700
A97: 46 | B97: 반찬단지(리테일) | C97: 30001919 | D97: [냉장]건새우복음(냉장)BOX(1KG*10EA) | E97: D+2 | H97: 3 | I97: 8 | J97: 38 | K97: 10 | L97: 커 | M97: 10900 | N97: 414200
A98: 46 | B98: 반찬단지(리테일) | C98: 30003742 | D98: [냉장]볶음김치G(냉장)BOX(5KG*3EA) | E98: D+2 | H98: 20 | J98: 60 | K98: 3 | L98: 커 | M98: 10900 | N98: 654000
A99: 46 | B99: 반찬단지(리테일) | C99: 30003601 | D99: [냉장]실비오그락지1KG(냉장)BOX(1kg*12ea) | E99: D+2 | F99: 1.4684167 | H99: 6 | I99: 8 | J99: 80 | K99: 12 | L99: 커 | M99: 10900 | N99: 872000
A100: 46 | B100: 반찬단지(리테일) | C100: 30003757 | D100: [냉장]8mm김밥단무지2.5kg(냉장)BOX(2.5KG*4EA) | E100: D+2 | H100: 14 | I100: 2 | J100: 58 | K100: 4 | L100: 커 | M100: 10900 | N100: 632200
...
